<?xml version='1.0' encoding='UTF-8'?>
<osm version='0.6' generator='JOSM'>
  <bounds minlat='43.023136' minlon='-95.3304545' maxlat='43.096864' maxlon='-95.2295455' origin='FS25 map pipeline' />
  <node id='1' timestamp='2026-09-02T12:00:00Z' uid='1' user='generator' visible='true' version='1' changeset='1' lat='43.0476975367' lon='-95.3304545078' />
  <node id='2' timestamp='2026-09-02T12:00:00Z' uid='1' user='generator' visible='true' version='1' changeset='1' lat='43.0484690085' lon='-95.3300743375' />
  <node id='3' timestamp='2026-09-02T12:00:00Z' uid='1' user='generator' visible='true' version='1' changeset='1' lat='43.049000126' lon='-95.329506404' />
  <node id='4' timestamp='2026-09-02T12:00:00Z' uid='1' user='generator' visible='true' version='1' changeset='1' lat='43.0492270972' lon='-95.3290515374' />
  <node id='5' timestamp='2026-09-02T12:00:00Z' uid='1' user='generator' visible='true' version='1' changeset='1' lat='43.0492214182' lon='-95.3286998587' />
  <node id='6' timestamp='2026-09-02T12:00:00Z' uid='1' user='generator' visible='true' version='1' changeset='1' lat='43.0490649621' lon='-95.3283019135' />
  <node id='7' timestamp='2026-09-02T12:00:00Z' uid='1' user='generator' visible='true' version='1' changeset='1' lat='43.0488344268' lon='-95.3278367491' />
  <node id='8' timestamp='2026-09-02T12:00:00Z' uid='1' user='generator' visible='true' version='1' changeset='1' lat='43.0486557047' lon='-95.327300596' />
  <node id='9' timestamp='2026-09-02T12:00:00Z' uid='1' user='generator' visible='true' version='1' changeset='1' lat='43.0486202626' lon='-95.3267108843' />
  <node id='10' timestamp='2026-09-02T12:00:00Z' uid='1' user='generator' visible='true' version='1' changeset='1' lat='43.0487111357' lon='-95.3261391323' />
  <node id='11' timestamp='2026-09-02T12:00:00Z' uid='1' user='generator' visible='true' version='1' changeset='1' lat='43.0488195858' lon='-95.3256290318' />
  <node id='12' timestamp='2026-09-02T12:00:00Z' uid='1' user='generator' visible='true' version='1' changeset='1' lat='43.0488351828' lon='-95.32523509' />
  <node id='13' timestamp='2026-09-02T12:00:00Z' uid='1' user='generator' visible='true' version='1' changeset='1' lat='43.0486859807' lon='-95.3249076161' />
  <node id='14' timestamp='2026-09-02T12:00:00Z' uid='1' user='generator' visible='true' version='1' changeset='1' lat='43.0482442872' lon='-95.324570411' />
  <node id='15' timestamp='2026-09-02T12:00:00Z' uid='1' user='generator' visible='true' version='1' changeset='1' lat='43.0475047925' lon='-95.3242717981' />
  <node id='16' timestamp='2026-09-02T12:00:00Z' uid='1' user='generator' visible='true' version='1' changeset='1' lat='43.0465818956' lon='-95.3240142289' />
  <node id='17' timestamp='2026-09-02T12:00:00Z' uid='1' user='generator' visible='true' version='1' changeset='1' lat='43.0456456876' lon='-95.3237593695' />
  <node id='18' timestamp='2026-09-02T12:00:00Z' uid='1' user='generator' visible='true' version='1' changeset='1' lat='43.0448667189' lon='-95.3234530456' />
  <node id='19' timestamp='2026-09-02T12:00:00Z' uid='1' user='generator' visible='true' version='1' changeset='1' lat='43.0443578494' lon='-95.3229869081' />
  <node id='20' timestamp='2026-09-02T12:00:00Z' uid='1' user='generator' visible='true' version='1' changeset='1' lat='43.0442894943' lon='-95.3222549728' />
  <node id='21' timestamp='2026-09-02T12:00:00Z' uid='1' user='generator' visible='true' version='1' changeset='1' lat='43.0446440496' lon='-95.321575697' />
  <node id='22' timestamp='2026-09-02T12:00:00Z' uid='1' user='generator' visible='true' version='1' changeset='1' lat='43.0452076392' lon='-95.3209020381' />
  <node id='23' timestamp='2026-09-02T12:00:00Z' uid='1' user='generator' visible='true' version='1' changeset='1' lat='43.0458267048' lon='-95.320226199' />
  <node id='24' timestamp='2026-09-02T12:00:00Z' uid='1' user='generator' visible='true' version='1' changeset='1' lat='43.0463488763' lon='-95.3195883486' />
  <node id='25' timestamp='2026-09-02T12:00:00Z' uid='1' user='generator' visible='true' version='1' changeset='1' lat='43.0466705097' lon='-95.3190347409' />
  <node id='26' timestamp='2026-09-02T12:00:00Z' uid='1' user='generator' visible='true' version='1' changeset='1' lat='43.0467847828' lon='-95.3185837668' />
  <node id='27' timestamp='2026-09-02T12:00:00Z' uid='1' user='generator' visible='true' version='1' changeset='1' lat='43.0467662338' lon='-95.3181574656' />
  <node id='28' timestamp='2026-09-02T12:00:00Z' uid='1' user='generator' visible='true' version='1' changeset='1' lat='43.0466996697' lon='-95.3176643147' />
  <node id='29' timestamp='2026-09-02T12:00:00Z' uid='1' user='generator' visible='true' version='1' changeset='1' lat='43.0467041697' lon='-95.3170825112' />
  <node id='30' timestamp='2026-09-02T12:00:00Z' uid='1' user='generator' visible='true' version='1' changeset='1' lat='43.0468684919' lon='-95.3164553897' />
  <node id='31' timestamp='2026-09-02T12:00:00Z' uid='1' user='generator' visible='true' version='1' changeset='1' lat='43.0471804232' lon='-95.3158187957' />
  <node id='32' timestamp='2026-09-02T12:00:00Z' uid='1' user='generator' visible='true' version='1' changeset='1' lat='43.0475523486' lon='-95.3151885209' />
  <node id='33' timestamp='2026-09-02T12:00:00Z' uid='1' user='generator' visible='true' version='1' changeset='1' lat='43.0478497358' lon='-95.3146168181' />
  <node id='34' timestamp='2026-09-02T12:00:00Z' uid='1' user='generator' visible='true' version='1' changeset='1' lat='43.0479435519' lon='-95.3142189715' />
  <node id='35' timestamp='2026-09-02T12:00:00Z' uid='1' user='generator' visible='true' version='1' changeset='1' lat='43.0478203598' lon='-95.3139540976' />
  <node id='36' timestamp='2026-09-02T12:00:00Z' uid='1' user='generator' visible='true' version='1' changeset='1' lat='43.0473322083' lon='-95.3136659797' />
  <node id='37' timestamp='2026-09-02T12:00:00Z' uid='1' user='generator' visible='true' version='1' changeset='1' lat='43.0465008595' lon='-95.3134432704' />
  <node id='38' timestamp='2026-09-02T12:00:00Z' uid='1' user='generator' visible='true' version='1' changeset='1' lat='43.0465772966' lon='-95.3129114656' />
  <node id='39' timestamp='2026-09-02T12:00:00Z' uid='1' user='generator' visible='true' version='1' changeset='1' lat='43.0474433764' lon='-95.3131457785' />
  <node id='40' timestamp='2026-09-02T12:00:00Z' uid='1' user='generator' visible='true' version='1' changeset='1' lat='43.0480597151' lon='-95.313522315' />
  <node id='41' timestamp='2026-09-02T12:00:00Z' uid='1' user='generator' visible='true' version='1' changeset='1' lat='43.0483368163' lon='-95.314155349' />
  <node id='42' timestamp='2026-09-02T12:00:00Z' uid='1' user='generator' visible='true' version='1' changeset='1' lat='43.0482031932' lon='-95.3148612071' />
  <node id='43' timestamp='2026-09-02T12:00:00Z' uid='1' user='generator' visible='true' version='1' changeset='1' lat='43.0478680059' lon='-95.3155157977' />
  <node id='44' timestamp='2026-09-02T12:00:00Z' uid='1' user='generator' visible='true' version='1' changeset='1' lat='43.0474984385' lon='-95.3161417736' />
  <node id='45' timestamp='2026-09-02T12:00:00Z' uid='1' user='generator' visible='true' version='1' changeset='1' lat='43.0472193572' lon='-95.3167066768' />
  <node id='46' timestamp='2026-09-02T12:00:00Z' uid='1' user='generator' visible='true' version='1' changeset='1' lat='43.0470932131' lon='-95.3171836542' />
  <node id='47' timestamp='2026-09-02T12:00:00Z' uid='1' user='generator' visible='true' version='1' changeset='1' lat='43.0470941221' lon='-95.3176165209' />
  <node id='48' timestamp='2026-09-02T12:00:00Z' uid='1' user='generator' visible='true' version='1' changeset='1' lat='43.0471596062' lon='-95.3180950996' />
  <node id='49' timestamp='2026-09-02T12:00:00Z' uid='1' user='generator' visible='true' version='1' changeset='1' lat='43.0471758782' lon='-95.3186687979' />
  <node id='50' timestamp='2026-09-02T12:00:00Z' uid='1' user='generator' visible='true' version='1' changeset='1' lat='43.047012798' lon='-95.3193072766' />
  <node id='51' timestamp='2026-09-02T12:00:00Z' uid='1' user='generator' visible='true' version='1' changeset='1' lat='43.0466342486' lon='-95.319964109' />
  <node id='52' timestamp='2026-09-02T12:00:00Z' uid='1' user='generator' visible='true' version='1' changeset='1' lat='43.0460818191' lon='-95.3206407365' />
  <node id='53' timestamp='2026-09-02T12:00:00Z' uid='1' user='generator' visible='true' version='1' changeset='1' lat='43.0454609535' lon='-95.3213186327' />
  <node id='54' timestamp='2026-09-02T12:00:00Z' uid='1' user='generator' visible='true' version='1' changeset='1' lat='43.0449309249' lon='-95.3219493141' />
  <node id='55' timestamp='2026-09-02T12:00:00Z' uid='1' user='generator' visible='true' version='1' changeset='1' lat='43.0446634087' lon='-95.3224334236' />
  <node id='56' timestamp='2026-09-02T12:00:00Z' uid='1' user='generator' visible='true' version='1' changeset='1' lat='43.0446756487' lon='-95.3226635237' />
  <node id='57' timestamp='2026-09-02T12:00:00Z' uid='1' user='generator' visible='true' version='1' changeset='1' lat='43.045019143' lon='-95.3229528119' />
  <node id='58' timestamp='2026-09-02T12:00:00Z' uid='1' user='generator' visible='true' version='1' changeset='1' lat='43.0457372177' lon='-95.3232320608' />
  <node id='59' timestamp='2026-09-02T12:00:00Z' uid='1' user='generator' visible='true' version='1' changeset='1' lat='43.0466600877' lon='-95.3234829168' />
  <node id='60' timestamp='2026-09-02T12:00:00Z' uid='1' user='generator' visible='true' version='1' changeset='1' lat='43.0475992296' lon='-95.3237454379' />
  <node id='61' timestamp='2026-09-02T12:00:00Z' uid='1' user='generator' visible='true' version='1' changeset='1' lat='43.0483918334' lon='-95.3240674549' />
  <node id='62' timestamp='2026-09-02T12:00:00Z' uid='1' user='generator' visible='true' version='1' changeset='1' lat='43.0489459189' lon='-95.3244987326' />
  <node id='63' timestamp='2026-09-02T12:00:00Z' uid='1' user='generator' visible='true' version='1' changeset='1' lat='43.0492163962' lon='-95.3250883334' />
  <node id='64' timestamp='2026-09-02T12:00:00Z' uid='1' user='generator' visible='true' version='1' changeset='1' lat='43.0492105552' lon='-95.3257151469' />
  <node id='65' timestamp='2026-09-02T12:00:00Z' uid='1' user='generator' visible='true' version='1' changeset='1' lat='43.0490948511' lon='-95.3262730905' />
  <node id='66' timestamp='2026-09-02T12:00:00Z' uid='1' user='generator' visible='true' version='1' changeset='1' lat='43.049015156' lon='-95.3267512627' />
  <node id='67' timestamp='2026-09-02T12:00:00Z' uid='1' user='generator' visible='true' version='1' changeset='1' lat='43.049038403' lon='-95.3271613041' />
  <node id='68' timestamp='2026-09-02T12:00:00Z' uid='1' user='generator' visible='true' version='1' changeset='1' lat='43.0491785242' lon='-95.3275684878' />
  <node id='69' timestamp='2026-09-02T12:00:00Z' uid='1' user='generator' visible='true' version='1' changeset='1' lat='43.0494048114' lon='-95.3280237116' />
  <node id='70' timestamp='2026-09-02T12:00:00Z' uid='1' user='generator' visible='true' version='1' changeset='1' lat='43.0496055566' lon='-95.3285681916' />
  <node id='71' timestamp='2026-09-02T12:00:00Z' uid='1' user='generator' visible='true' version='1' changeset='1' lat='43.0496007686' lon='-95.3292309614' />
  <node id='72' timestamp='2026-09-02T12:00:00Z' uid='1' user='generator' visible='true' version='1' changeset='1' lat='43.0492820603' lon='-95.3298870055' />
  <node id='73' timestamp='2026-09-02T12:00:00Z' uid='1' user='generator' visible='true' version='1' changeset='1' lat='43.0486896437' lon='-95.3304545078' />
  <node id='74' timestamp='2026-09-02T12:00:00Z' uid='1' user='generator' visible='true' version='1' changeset='1' lat='43.0478986959' lon='-95.3304545078' />
  <node id='75' action='delete' timestamp='2026-09-02T12:00:00Z' uid='1' user='generator' visible='true' version='1' changeset='1' lat='43.0460618211' lon='-95.3039223594' />
  <node id='76' action='delete' timestamp='2026-09-02T12:00:00Z' uid='1' user='generator' visible='true' version='1' changeset='1' lat='43.0462685333' lon='-95.3034101649' />
  <node id='77' action='delete' timestamp='2026-09-02T12:00:00Z' uid='1' user='generator' visible='true' version='1' changeset='1' lat='43.0461964342' lon='-95.3031796336' />
  <node id='78' action='delete' timestamp='2026-09-02T12:00:00Z' uid='1' user='generator' visible='true' version='1' changeset='1' lat='43.0457317457' lon='-95.3029036243' />
  <node id='79' action='delete' timestamp='2026-09-02T12:00:00Z' uid='1' user='generator' visible='true' version='1' changeset='1' lat='43.0458955009' lon='-95.3024101407' />
  <node id='80' action='delete' timestamp='2026-09-02T12:00:00Z' uid='1' user='generator' visible='true' version='1' changeset='1' lat='43.0464578935' lon='-95.3027725608' />
  <node id='81' action='delete' timestamp='2026-09-02T12:00:00Z' uid='1' user='generator' visible='true' version='1' changeset='1' lat='43.0466619777' lon='-95.3034716317' />
  <node id='82' action='delete' timestamp='2026-09-02T12:00:00Z' uid='1' user='generator' visible='true' version='1' changeset='1' lat='43.0464140184' lon='-95.3041701236' />
  <node id='83' timestamp='2026-09-02T12:00:00Z' uid='1' user='generator' visible='true' version='1' changeset='1' lat='43.0423449253' lon='-95.3021721201' />
  <node id='84' timestamp='2026-09-02T12:00:00Z' uid='1' user='generator' visible='true' version='1' changeset='1' lat='43.0418537229' lon='-95.3018100327' />
  <node id='85' timestamp='2026-09-02T12:00:00Z' uid='1' user='generator' visible='true' version='1' changeset='1' lat='43.0415988966' lon='-95.3012521137' />
  <node id='86' timestamp='2026-09-02T12:00:00Z' uid='1' user='generator' visible='true' version='1' changeset='1' lat='43.0415741826' lon='-95.3006593348' />
  <node id='87' timestamp='2026-09-02T12:00:00Z' uid='1' user='generator' visible='true' version='1' changeset='1' lat='43.0416147816' lon='-95.3001330239' />
  <node id='88' timestamp='2026-09-02T12:00:00Z' uid='1' user='generator' visible='true' version='1' changeset='1' lat='43.0416003726' lon='-95.2996992826' />
  <node id='89' timestamp='2026-09-02T12:00:00Z' uid='1' user='generator' visible='true' version='1' changeset='1' lat='43.0414821935' lon='-95.2993337708' />
  <node id='90' timestamp='2026-09-02T12:00:00Z' uid='1' user='generator' visible='true' version='1' changeset='1' lat='43.0412426312' lon='-95.2989734201' />
  <node id='91' timestamp='2026-09-02T12:00:00Z' uid='1' user='generator' visible='true' version='1' changeset='1' lat='43.0409331299' lon='-95.2985774951' />
  <node id='92' timestamp='2026-09-02T12:00:00Z' uid='1' user='generator' visible='true' version='1' changeset='1' lat='43.0406761977' lon='-95.2980651035' />
  <node id='93' timestamp='2026-09-02T12:00:00Z' uid='1' user='generator' visible='true' version='1' changeset='1' lat='43.0406635887' lon='-95.2973903484' />
  <node id='94' timestamp='2026-09-02T12:00:00Z' uid='1' user='generator' visible='true' version='1' changeset='1' lat='43.040967807' lon='-95.2966726896' />
  <node id='95' timestamp='2026-09-02T12:00:00Z' uid='1' user='generator' visible='true' version='1' changeset='1' lat='43.0415322515' lon='-95.2958940199' />
  <node id='96' timestamp='2026-09-02T12:00:00Z' uid='1' user='generator' visible='true' version='1' changeset='1' lat='43.0422653833' lon='-95.2950548811' />
  <node id='97' timestamp='2026-09-02T12:00:00Z' uid='1' user='generator' visible='true' version='1' changeset='1' lat='43.04301395' lon='-95.2942131679' />
  <node id='98' timestamp='2026-09-02T12:00:00Z' uid='1' user='generator' visible='true' version='1' changeset='1' lat='43.0435979696' lon='-95.2934536896' />
  <node id='99' timestamp='2026-09-02T12:00:00Z' uid='1' user='generator' visible='true' version='1' changeset='1' lat='43.0438646759' lon='-95.2928966329' />
  <node id='100' timestamp='2026-09-02T12:00:00Z' uid='1' user='generator' visible='true' version='1' changeset='1' lat='43.0438371898' lon='-95.2926480434' />
  <node id='101' timestamp='2026-09-02T12:00:00Z' uid='1' user='generator' visible='true' version='1' changeset='1' lat='43.0435103545' lon='-95.2923989243' />
  <node id='102' timestamp='2026-09-02T12:00:00Z' uid='1' user='generator' visible='true' version='1' changeset='1' lat='43.0428798409' lon='-95.2921880279' />
  <node id='103' timestamp='2026-09-02T12:00:00Z' uid='1' user='generator' visible='true' version='1' changeset='1' lat='43.0421255591' lon='-95.2920059803' />
  <node id='104' timestamp='2026-09-02T12:00:00Z' uid='1' user='generator' visible='true' version='1' changeset='1' lat='43.0414084474' lon='-95.2917898118' />
  <node id='105' timestamp='2026-09-02T12:00:00Z' uid='1' user='generator' visible='true' version='1' changeset='1' lat='43.0408347058' lon='-95.2914833277' />
  <node id='106' timestamp='2026-09-02T12:00:00Z' uid='1' user='generator' visible='true' version='1' changeset='1' lat='43.0404463554' lon='-95.2910533188' />
  <node id='107' timestamp='2026-09-02T12:00:00Z' uid='1' user='generator' visible='true' version='1' changeset='1' lat='43.0402352332' lon='-95.2905529372' />
  <node id='108' timestamp='2026-09-02T12:00:00Z' uid='1' user='generator' visible='true' version='1' changeset='1' lat='43.0401079011' lon='-95.2900956933' />
  <node id='109' timestamp='2026-09-02T12:00:00Z' uid='1' user='generator' visible='true' version='1' changeset='1' lat='43.0399478539' lon='-95.2897241579' />
  <node id='110' timestamp='2026-09-02T12:00:00Z' uid='1' user='generator' visible='true' version='1' changeset='1' lat='43.0396621847' lon='-95.2894077456' />
  <node id='111' timestamp='2026-09-02T12:00:00Z' uid='1' user='generator' visible='true' version='1' changeset='1' lat='43.0392049572' lon='-95.2891307385' />
  <node id='112' timestamp='2026-09-02T12:00:00Z' uid='1' user='generator' visible='true' version='1' changeset='1' lat='43.0386323766' lon='-95.2888810034' />
  <node id='113' timestamp='2026-09-02T12:00:00Z' uid='1' user='generator' visible='true' version='1' changeset='1' lat='43.0380632431' lon='-95.2886046492' />
  <node id='114' timestamp='2026-09-02T12:00:00Z' uid='1' user='generator' visible='true' version='1' changeset='1' lat='43.0376236286' lon='-95.2881791364' />
  <node id='115' timestamp='2026-09-02T12:00:00Z' uid='1' user='generator' visible='true' version='1' changeset='1' lat='43.0375236925' lon='-95.2874770353' />
  <node id='116' timestamp='2026-09-02T12:00:00Z' uid='1' user='generator' visible='true' version='1' changeset='1' lat='43.0378399078' lon='-95.2867332748' />
  <node id='117' timestamp='2026-09-02T12:00:00Z' uid='1' user='generator' visible='true' version='1' changeset='1' lat='43.0384403164' lon='-95.2859167272' />
  <node id='118' timestamp='2026-09-02T12:00:00Z' uid='1' user='generator' visible='true' version='1' changeset='1' lat='43.0392044082' lon='-95.2850241776' />
  <node id='119' timestamp='2026-09-02T12:00:00Z' uid='1' user='generator' visible='true' version='1' changeset='1' lat='43.039964027' lon='-95.2841262943' />
  <node id='120' timestamp='2026-09-02T12:00:00Z' uid='1' user='generator' visible='true' version='1' changeset='1' lat='43.0405437715' lon='-95.2833171375' />
  <node id='121' timestamp='2026-09-02T12:00:00Z' uid='1' user='generator' visible='true' version='1' changeset='1' lat='43.0408191088' lon='-95.2826991807' />
  <node id='122' timestamp='2026-09-02T12:00:00Z' uid='1' user='generator' visible='true' version='1' changeset='1' lat='43.0408082278' lon='-95.2823592286' />
  <node id='123' timestamp='2026-09-02T12:00:00Z' uid='1' user='generator' visible='true' version='1' changeset='1' lat='43.0405763516' lon='-95.2820767893' />
  <node id='124' timestamp='2026-09-02T12:00:00Z' uid='1' user='generator' visible='true' version='1' changeset='1' lat='43.0401322821' lon='-95.2818062123' />
  <node id='125' timestamp='2026-09-02T12:00:00Z' uid='1' user='generator' visible='true' version='1' changeset='1' lat='43.0396222246' lon='-95.2815371872' />
  <node id='126' timestamp='2026-09-02T12:00:00Z' uid='1' user='generator' visible='true' version='1' changeset='1' lat='43.0391641242' lon='-95.281208617' />
  <node id='127' timestamp='2026-09-02T12:00:00Z' uid='1' user='generator' visible='true' version='1' changeset='1' lat='43.0388328068' lon='-95.2807757627' />
  <node id='128' timestamp='2026-09-02T12:00:00Z' uid='1' user='generator' visible='true' version='1' changeset='1' lat='43.0386380826' lon='-95.280281614' />
  <node id='129' timestamp='2026-09-02T12:00:00Z' uid='1' user='generator' visible='true' version='1' changeset='1' lat='43.0385057015' lon='-95.2798351852' />
  <node id='130' timestamp='2026-09-02T12:00:00Z' uid='1' user='generator' visible='true' version='1' changeset='1' lat='43.0383342693' lon='-95.2794951347' />
  <node id='131' timestamp='2026-09-02T12:00:00Z' uid='1' user='generator' visible='true' version='1' changeset='1' lat='43.038012555' lon='-95.2792495138' />
  <node id='132' timestamp='2026-09-02T12:00:00Z' uid='1' user='generator' visible='true' version='1' changeset='1' lat='43.0374586765' lon='-95.2791117863' />
  <node id='133' timestamp='2026-09-02T12:00:00Z' uid='1' user='generator' visible='true' version='1' changeset='1' lat='43.0367050787' lon='-95.279094886' />
  <node id='134' timestamp='2026-09-02T12:00:00Z' uid='1' user='generator' visible='true' version='1' changeset='1' lat='43.0358683839' lon='-95.2791363854' />
  <node id='135' timestamp='2026-09-02T12:00:00Z' uid='1' user='generator' visible='true' version='1' changeset='1' lat='43.0350940771' lon='-95.2791387504' />
  <node id='136' timestamp='2026-09-02T12:00:00Z' uid='1' user='generator' visible='true' version='1' changeset='1' lat='43.0344912385' lon='-95.2789548428' />
  <node id='137' timestamp='2026-09-02T12:00:00Z' uid='1' user='generator' visible='true' version='1' changeset='1' lat='43.0341923032' lon='-95.2783549194' />
  <node id='138' timestamp='2026-09-02T12:00:00Z' uid='1' user='generator' visible='true' version='1' changeset='1' lat='43.0343612424' lon='-95.2775752766' />
  <node id='139' timestamp='2026-09-02T12:00:00Z' uid='1' user='generator' visible='true' version='1' changeset='1' lat='43.0347990928' lon='-95.2766753978' />
  <node id='140' timestamp='2026-09-02T12:00:00Z' uid='1' user='generator' visible='true' version='1' changeset='1' lat='43.0353670744' lon='-95.2756799559' />
  <node id='141' timestamp='2026-09-02T12:00:00Z' uid='1' user='generator' visible='true' version='1' changeset='1' lat='43.0359072099' lon='-95.2746906485' />
  <node id='142' timestamp='2026-09-02T12:00:00Z' uid='1' user='generator' visible='true' version='1' changeset='1' lat='43.0362841843' lon='-95.2738289924' />
  <node id='143' timestamp='2026-09-02T12:00:00Z' uid='1' user='generator' visible='true' version='1' changeset='1' lat='43.0364229014' lon='-95.2731949606' />
  <node id='144' timestamp='2026-09-02T12:00:00Z' uid='1' user='generator' visible='true' version='1' changeset='1' lat='43.0363653554' lon='-95.272803002' />
  <node id='145' timestamp='2026-09-02T12:00:00Z' uid='1' user='generator' visible='true' version='1' changeset='1' lat='43.0361611362' lon='-95.2724867621' />
  <node id='146' timestamp='2026-09-02T12:00:00Z' uid='1' user='generator' visible='true' version='1' changeset='1' lat='43.0358586459' lon='-95.272157268' />
  <node id='147' timestamp='2026-09-02T12:00:00Z' uid='1' user='generator' visible='true' version='1' changeset='1' lat='43.0355647056' lon='-95.2717417944' />
  <node id='148' timestamp='2026-09-02T12:00:00Z' uid='1' user='generator' visible='true' version='1' changeset='1' lat='43.0353735184' lon='-95.2711958855' />
  <node id='149' timestamp='2026-09-02T12:00:00Z' uid='1' user='generator' visible='true' version='1' changeset='1' lat='43.0353008793' lon='-95.2705788032' />
  <node id='150' timestamp='2026-09-02T12:00:00Z' uid='1' user='generator' visible='true' version='1' changeset='1' lat='43.0352718903' lon='-95.2699802225' />
  <node id='151' timestamp='2026-09-02T12:00:00Z' uid='1' user='generator' visible='true' version='1' changeset='1' lat='43.0351892342' lon='-95.2695088621' />
  <node id='152' timestamp='2026-09-02T12:00:00Z' uid='1' user='generator' visible='true' version='1' changeset='1' lat='43.035000207' lon='-95.2692411552' />
  <node id='153' timestamp='2026-09-02T12:00:00Z' uid='1' user='generator' visible='true' version='1' changeset='1' lat='43.0345821926' lon='-95.2691556313' />
  <node id='154' timestamp='2026-09-02T12:00:00Z' uid='1' user='generator' visible='true' version='1' changeset='1' lat='43.0338869689' lon='-95.2693207294' />
  <node id='155' timestamp='2026-09-02T12:00:00Z' uid='1' user='generator' visible='true' version='1' changeset='1' lat='43.033013995' lon='-95.2697155827' />
  <node id='156' timestamp='2026-09-02T12:00:00Z' uid='1' user='generator' visible='true' version='1' changeset='1' lat='43.0320978031' lon='-95.2702118871' />
  <node id='157' timestamp='2026-09-02T12:00:00Z' uid='1' user='generator' visible='true' version='1' changeset='1' lat='43.0312714403' lon='-95.2706318445' />
  <node id='158' timestamp='2026-09-02T12:00:00Z' uid='1' user='generator' visible='true' version='1' changeset='1' lat='43.0306211716' lon='-95.2708130668' />
  <node id='159' timestamp='2026-09-02T12:00:00Z' uid='1' user='generator' visible='true' version='1' changeset='1' lat='43.0301466011' lon='-95.2705272401' />
  <node id='160' timestamp='2026-09-02T12:00:00Z' uid='1' user='generator' visible='true' version='1' changeset='1' lat='43.030048888' lon='-95.2698160606' />
  <node id='161' timestamp='2026-09-02T12:00:00Z' uid='1' user='generator' visible='true' version='1' changeset='1' lat='43.0301678052' lon='-95.2689431089' />
  <node id='162' timestamp='2026-09-02T12:00:00Z' uid='1' user='generator' visible='true' version='1' changeset='1' lat='43.0303498483' lon='-95.2679758137' />
  <node id='163' timestamp='2026-09-02T12:00:00Z' uid='1' user='generator' visible='true' version='1' changeset='1' lat='43.0304855955' lon='-95.2670616214' />
  <node id='164' timestamp='2026-09-02T12:00:00Z' uid='1' user='generator' visible='true' version='1' changeset='1' lat='43.0305059355' lon='-95.2663360053' />
  <node id='165' timestamp='2026-09-02T12:00:00Z' uid='1' user='generator' visible='true' version='1' changeset='1' lat='43.0304045864' lon='-95.2658502452' />
  <node id='166' timestamp='2026-09-02T12:00:00Z' uid='1' user='generator' visible='true' version='1' changeset='1' lat='43.0302080892' lon='-95.2655137052' />
  <node id='167' timestamp='2026-09-02T12:00:00Z' uid='1' user='generator' visible='true' version='1' changeset='1' lat='43.0299383949' lon='-95.2651858002' />
  <node id='168' timestamp='2026-09-02T12:00:00Z' uid='1' user='generator' visible='true' version='1' changeset='1' lat='43.0296630127' lon='-95.2647468607' />
  <node id='169' timestamp='2026-09-02T12:00:00Z' uid='1' user='generator' visible='true' version='1' changeset='1' lat='43.0294605125' lon='-95.2641297785' />
  <node id='170' timestamp='2026-09-02T12:00:00Z' uid='1' user='generator' visible='true' version='1' changeset='1' lat='43.0293385353' lon='-95.2633425108' />
  <node id='171' timestamp='2026-09-02T12:00:00Z' uid='1' user='generator' visible='true' version='1' changeset='1' lat='43.0292491922' lon='-95.2624533117' />
  <node id='172' timestamp='2026-09-02T12:00:00Z' uid='1' user='generator' visible='true' version='1' changeset='1' lat='43.0291306531' lon='-95.2616170183' />
  <node id='173' timestamp='2026-09-02T12:00:00Z' uid='1' user='generator' visible='true' version='1' changeset='1' lat='43.0289476829' lon='-95.2610531375' />
  <node id='174' timestamp='2026-09-02T12:00:00Z' uid='1' user='generator' visible='true' version='1' changeset='1' lat='43.0287291627' lon='-95.2608759431' />
  <node id='175' timestamp='2026-09-02T12:00:00Z' uid='1' user='generator' visible='true' version='1' changeset='1' lat='43.0283343053' lon='-95.261048432' />
  <node id='176' timestamp='2026-09-02T12:00:00Z' uid='1' user='generator' visible='true' version='1' changeset='1' lat='43.0277485667' lon='-95.2616687293' />
  <node id='177' timestamp='2026-09-02T12:00:00Z' uid='1' user='generator' visible='true' version='1' changeset='1' lat='43.0270682741' lon='-95.262605599' />
  <node id='178' timestamp='2026-09-02T12:00:00Z' uid='1' user='generator' visible='true' version='1' changeset='1' lat='43.0263651034' lon='-95.2636223633' />
  <node id='179' timestamp='2026-09-02T12:00:00Z' uid='1' user='generator' visible='true' version='1' changeset='1' lat='43.0256900397' lon='-95.2644733397' />
  <node id='180' timestamp='2026-09-02T12:00:00Z' uid='1' user='generator' visible='true' version='1' changeset='1' lat='43.0250567451' lon='-95.2649663058' />
  <node id='181' timestamp='2026-09-02T12:00:00Z' uid='1' user='generator' visible='true' version='1' changeset='1' lat='43.0244566695' lon='-95.2649437639' />
  <node id='182' timestamp='2026-09-02T12:00:00Z' uid='1' user='generator' visible='true' version='1' changeset='1' lat='43.02399541' lon='-95.2644029423' />
  <node id='183' timestamp='2026-09-02T12:00:00Z' uid='1' user='generator' visible='true' version='1' changeset='1' lat='43.0236955567' lon='-95.2635918886' />
  <node id='184' timestamp='2026-09-02T12:00:00Z' uid='1' user='generator' visible='true' version='1' changeset='1' lat='43.0235519346' lon='-95.2627747621' />
  <node id='185' timestamp='2026-09-02T12:00:00Z' uid='1' user='generator' visible='true' version='1' changeset='1' lat='43.0235127665' lon='-95.2622298263' />
  <node id='186' timestamp='2026-09-02T12:00:00Z' uid='1' user='generator' visible='true' version='1' changeset='1' lat='43.0234573715' lon='-95.2620519421' />
  <node id='187' timestamp='2026-09-02T12:00:00Z' uid='1' user='generator' visible='true' version='1' changeset='1' lat='43.0233065673' lon='-95.2619811136' />
  <node id='188' timestamp='2026-09-02T12:00:00Z' uid='1' user='generator' visible='true' version='1' changeset='1' lat='43.0231359631' lon='-95.2619206569' />
  <node id='189' timestamp='2026-09-02T12:00:00Z' uid='1' user='generator' visible='true' version='1' changeset='1' lat='43.0231359631' lon='-95.2617595868' />
  <node id='190' timestamp='2026-09-02T12:00:00Z' uid='1' user='generator' visible='true' version='1' changeset='1' lat='43.0231359631' lon='-95.2612485748' />
  <node id='191' timestamp='2026-09-02T12:00:00Z' uid='1' user='generator' visible='true' version='1' changeset='1' lat='43.0231359631' lon='-95.2613952205' />
  <node id='192' timestamp='2026-09-02T12:00:00Z' uid='1' user='generator' visible='true' version='1' changeset='1' lat='43.0234085194' lon='-95.2614574018' />
  <node id='193' timestamp='2026-09-02T12:00:00Z' uid='1' user='generator' visible='true' version='1' changeset='1' lat='43.0237284787' lon='-95.2616568794' />
  <node id='194' timestamp='2026-09-02T12:00:00Z' uid='1' user='generator' visible='true' version='1' changeset='1' lat='43.0238977059' lon='-95.2621026183' />
  <node id='195' timestamp='2026-09-02T12:00:00Z' uid='1' user='generator' visible='true' version='1' changeset='1' lat='43.0239416079' lon='-95.2626782506' />
  <node id='196' timestamp='2026-09-02T12:00:00Z' uid='1' user='generator' visible='true' version='1' changeset='1' lat='43.0240671671' lon='-95.2634046181' />
  <node id='197' timestamp='2026-09-02T12:00:00Z' uid='1' user='generator' visible='true' version='1' changeset='1' lat='43.0243130833' lon='-95.2640793609' />
  <node id='198' timestamp='2026-09-02T12:00:00Z' uid='1' user='generator' visible='true' version='1' changeset='1' lat='43.0246047196' lon='-95.2644410665' />
  <node id='199' timestamp='2026-09-02T12:00:00Z' uid='1' user='generator' visible='true' version='1' changeset='1' lat='43.0249410139' lon='-95.2644479769' />
  <node id='200' timestamp='2026-09-02T12:00:00Z' uid='1' user='generator' visible='true' version='1' changeset='1' lat='43.0254502975' lon='-95.2640419635' />
  <node id='201' timestamp='2026-09-02T12:00:00Z' uid='1' user='generator' visible='true' version='1' changeset='1' lat='43.0260862381' lon='-95.2632375491' />
  <node id='202' timestamp='2026-09-02T12:00:00Z' uid='1' user='generator' visible='true' version='1' changeset='1' lat='43.0267839818' lon='-95.2622282988' />
  <node id='203' timestamp='2026-09-02T12:00:00Z' uid='1' user='generator' visible='true' version='1' changeset='1' lat='43.0274846055' lon='-95.261264699' />
  <node id='204' timestamp='2026-09-02T12:00:00Z' uid='1' user='generator' visible='true' version='1' changeset='1' lat='43.0281407871' lon='-95.2605755688' />
  <node id='205' timestamp='2026-09-02T12:00:00Z' uid='1' user='generator' visible='true' version='1' changeset='1' lat='43.0287511228' lon='-95.2603347766' />
  <node id='206' timestamp='2026-09-02T12:00:00Z' uid='1' user='generator' visible='true' version='1' changeset='1' lat='43.0292491742' lon='-95.2607017174' />
  <node id='207' timestamp='2026-09-02T12:00:00Z' uid='1' user='generator' visible='true' version='1' changeset='1' lat='43.0295089685' lon='-95.2614568721' />
  <node id='208' timestamp='2026-09-02T12:00:00Z' uid='1' user='generator' visible='true' version='1' changeset='1' lat='43.0296398286' lon='-95.2623643757' />
  <node id='209' timestamp='2026-09-02T12:00:00Z' uid='1' user='generator' visible='true' version='1' changeset='1' lat='43.0297288657' lon='-95.2632511112' />
  <node id='210' timestamp='2026-09-02T12:00:00Z' uid='1' user='generator' visible='true' version='1' changeset='1' lat='43.0298385938' lon='-95.2639685975' />
  <node id='211' timestamp='2026-09-02T12:00:00Z' uid='1' user='generator' visible='true' version='1' changeset='1' lat='43.029999316' lon='-95.2644606891' />
  <node id='212' timestamp='2026-09-02T12:00:00Z' uid='1' user='generator' visible='true' version='1' changeset='1' lat='43.0302205452' lon='-95.2648054944' />
  <node id='213' timestamp='2026-09-02T12:00:00Z' uid='1' user='generator' visible='true' version='1' changeset='1' lat='43.0304972145' lon='-95.2651433524' />
  <node id='214' timestamp='2026-09-02T12:00:00Z' uid='1' user='generator' visible='true' version='1' changeset='1' lat='43.0307603298' lon='-95.2656121753' />
  <node id='215' timestamp='2026-09-02T12:00:00Z' uid='1' user='generator' visible='true' version='1' changeset='1' lat='43.0308999739' lon='-95.2662821387' />
  <node id='216' timestamp='2026-09-02T12:00:00Z' uid='1' user='generator' visible='true' version='1' changeset='1' lat='43.0308784459' lon='-95.2671298508' />
  <node id='217' timestamp='2026-09-02T12:00:00Z' uid='1' user='generator' visible='true' version='1' changeset='1' lat='43.0307357327' lon='-95.2680975155' />
  <node id='218' timestamp='2026-09-02T12:00:00Z' uid='1' user='generator' visible='true' version='1' changeset='1' lat='43.0305540676' lon='-95.2690625689' />
  <node id='219' timestamp='2026-09-02T12:00:00Z' uid='1' user='generator' visible='true' version='1' changeset='1' lat='43.0304443214' lon='-95.269845242' />
  <node id='220' timestamp='2026-09-02T12:00:00Z' uid='1' user='generator' visible='true' version='1' changeset='1' lat='43.0304676945' lon='-95.2702100394' />
  <node id='221' timestamp='2026-09-02T12:00:00Z' uid='1' user='generator' visible='true' version='1' changeset='1' lat='43.0306224046' lon='-95.270271075' />
  <node id='222' timestamp='2026-09-02T12:00:00Z' uid='1' user='generator' visible='true' version='1' changeset='1' lat='43.0311565192' lon='-95.2701131707' />
  <node id='223' timestamp='2026-09-02T12:00:00Z' uid='1' user='generator' visible='true' version='1' changeset='1' lat='43.031955684' lon='-95.2697059993' />
  <node id='224' timestamp='2026-09-02T12:00:00Z' uid='1' user='generator' visible='true' version='1' changeset='1' lat='43.0328787429' lon='-95.2692061844' />
  <node id='225' timestamp='2026-09-02T12:00:00Z' uid='1' user='generator' visible='true' version='1' changeset='1' lat='43.0337878698' lon='-95.2687959828' />
  <node id='226' timestamp='2026-09-02T12:00:00Z' uid='1' user='generator' visible='true' version='1' changeset='1' lat='43.0345673966' lon='-95.2686140214' />
  <node id='227' timestamp='2026-09-02T12:00:00Z' uid='1' user='generator' visible='true' version='1' changeset='1' lat='43.0351646462' lon='-95.2687481028' />
  <node id='228' timestamp='2026-09-02T12:00:00Z' uid='1' user='generator' visible='true' version='1' changeset='1' lat='43.0355349425' lon='-95.269244518' />
  <node id='229' timestamp='2026-09-02T12:00:00Z' uid='1' user='generator' visible='true' version='1' changeset='1' lat='43.0356630217' lon='-95.2698954747' />
  <node id='230' timestamp='2026-09-02T12:00:00Z' uid='1' user='generator' visible='true' version='1' changeset='1' lat='43.0356944677' lon='-95.2705190609' />
  <node id='231' timestamp='2026-09-02T12:00:00Z' uid='1' user='generator' visible='true' version='1' changeset='1' lat='43.0357525538' lon='-95.2710389542' />
  <node id='232' timestamp='2026-09-02T12:00:00Z' uid='1' user='generator' visible='true' version='1' changeset='1' lat='43.0358892999' lon='-95.2714313193' />
  <node id='233' timestamp='2026-09-02T12:00:00Z' uid='1' user='generator' visible='true' version='1' changeset='1' lat='43.0361237771' lon='-95.2717546913' />
  <node id='234' timestamp='2026-09-02T12:00:00Z' uid='1' user='generator' visible='true' version='1' changeset='1' lat='43.0364361944' lon='-95.2720968483' />
  <node id='235' timestamp='2026-09-02T12:00:00Z' uid='1' user='generator' visible='true' version='1' changeset='1' lat='43.0367230877' lon='-95.2725705491' />
  <node id='236' timestamp='2026-09-02T12:00:00Z' uid='1' user='generator' visible='true' version='1' changeset='1' lat='43.0368173898' lon='-95.273242237' />
  <node id='237' timestamp='2026-09-02T12:00:00Z' uid='1' user='generator' visible='true' version='1' changeset='1' lat='43.0366435816' lon='-95.2740565674' />
  <node id='238' timestamp='2026-09-02T12:00:00Z' uid='1' user='generator' visible='true' version='1' changeset='1' lat='43.0362352602' lon='-95.2749942378' />
  <node id='239' timestamp='2026-09-02T12:00:00Z' uid='1' user='generator' visible='true' version='1' changeset='1' lat='43.0356817597' lon='-95.2760089696' />
  <node id='240' timestamp='2026-09-02T12:00:00Z' uid='1' user='generator' visible='true' version='1' changeset='1' lat='43.0351191961' lon='-95.2769944831' />
  <node id='241' timestamp='2026-09-02T12:00:00Z' uid='1' user='generator' visible='true' version='1' changeset='1' lat='43.0347127917' lon='-95.2778247776' />
  <node id='242' timestamp='2026-09-02T12:00:00Z' uid='1' user='generator' visible='true' version='1' changeset='1' lat='43.0345874756' lon='-95.2783198871' />
  <node id='243' timestamp='2026-09-02T12:00:00Z' uid='1' user='generator' visible='true' version='1' changeset='1' lat='43.0346789787' lon='-95.2784776313' />
  <node id='244' timestamp='2026-09-02T12:00:00Z' uid='1' user='generator' visible='true' version='1' changeset='1' lat='43.0351277011' lon='-95.2785987172' />
  <node id='245' timestamp='2026-09-02T12:00:00Z' uid='1' user='generator' visible='true' version='1' changeset='1' lat='43.0358602389' lon='-95.2785945044' />
  <node id='246' timestamp='2026-09-02T12:00:00Z' uid='1' user='generator' visible='true' version='1' changeset='1' lat='43.0367008487' lon='-95.2785529189' />
  <node id='247' timestamp='2026-09-02T12:00:00Z' uid='1' user='generator' visible='true' version='1' changeset='1' lat='43.0374940465' lon='-95.2785719502' />
  <node id='248' timestamp='2026-09-02T12:00:00Z' uid='1' user='generator' visible='true' version='1' changeset='1' lat='43.0381371781' lon='-95.2787350528' />
  <node id='249' timestamp='2026-09-02T12:00:00Z' uid='1' user='generator' visible='true' version='1' changeset='1' lat='43.0385926326' lon='-95.2790843911' />
  <node id='250' timestamp='2026-09-02T12:00:00Z' uid='1' user='generator' visible='true' version='1' changeset='1' lat='43.0388523279' lon='-95.2795731076' />
  <node id='251' timestamp='2026-09-02T12:00:00Z' uid='1' user='generator' visible='true' version='1' changeset='1' lat='43.038996571' lon='-95.280051366' />
  <node id='252' timestamp='2026-09-02T12:00:00Z' uid='1' user='generator' visible='true' version='1' changeset='1' lat='43.0391468891' lon='-95.2804456651' />
  <node id='253' timestamp='2026-09-02T12:00:00Z' uid='1' user='generator' visible='true' version='1' changeset='1' lat='43.0393902764' lon='-95.2807637034' />
  <node id='254' timestamp='2026-09-02T12:00:00Z' uid='1' user='generator' visible='true' version='1' changeset='1' lat='43.0397838738' lon='-95.2810424103' />
  <node id='255' timestamp='2026-09-02T12:00:00Z' uid='1' user='generator' visible='true' version='1' changeset='1' lat='43.0402845983' lon='-95.2813059169' />
  <node id='256' timestamp='2026-09-02T12:00:00Z' uid='1' user='generator' visible='true' version='1' changeset='1' lat='43.0407908578' lon='-95.2816212083' />
  <node id='257' timestamp='2026-09-02T12:00:00Z' uid='1' user='generator' visible='true' version='1' changeset='1' lat='43.0411657982' lon='-95.2821263077' />
  <node id='258' timestamp='2026-09-02T12:00:00Z' uid='1' user='generator' visible='true' version='1' changeset='1' lat='43.0411964972' lon='-95.2828634042' />
  <node id='259' timestamp='2026-09-02T12:00:00Z' uid='1' user='generator' visible='true' version='1' changeset='1' lat='43.0408520939' lon='-95.2836572374' />
  <node id='260' timestamp='2026-09-02T12:00:00Z' uid='1' user='generator' visible='true' version='1' changeset='1' lat='43.0402341892' lon='-95.2845225765' />
  <node id='261' timestamp='2026-09-02T12:00:00Z' uid='1' user='generator' visible='true' version='1' changeset='1' lat='43.0394623755' lon='-95.2854354016' />
  <node id='262' timestamp='2026-09-02T12:00:00Z' uid='1' user='generator' visible='true' version='1' changeset='1' lat='43.0387073557' lon='-95.2863169265' />
  <node id='263' timestamp='2026-09-02T12:00:00Z' uid='1' user='generator' visible='true' version='1' changeset='1' lat='43.0381456831' lon='-95.2870776736' />
  <node id='264' timestamp='2026-09-02T12:00:00Z' uid='1' user='generator' visible='true' version='1' changeset='1' lat='43.0379072459' lon='-95.2876118558' />
  <node id='265' timestamp='2026-09-02T12:00:00Z' uid='1' user='generator' visible='true' version='1' changeset='1' lat='43.0379438039' lon='-95.2878601989' />
  <node id='266' timestamp='2026-09-02T12:00:00Z' uid='1' user='generator' visible='true' version='1' changeset='1' lat='43.0382358812' lon='-95.2881168689' />
  <node id='267' timestamp='2026-09-02T12:00:00Z' uid='1' user='generator' visible='true' version='1' changeset='1' lat='43.0387582688' lon='-95.2883671213' />
  <node id='268' timestamp='2026-09-02T12:00:00Z' uid='1' user='generator' visible='true' version='1' changeset='1' lat='43.0393445563' lon='-95.288623545' />
  <node id='269' timestamp='2026-09-02T12:00:00Z' uid='1' user='generator' visible='true' version='1' changeset='1' lat='43.0398642619' lon='-95.2889416326' />
  <node id='270' timestamp='2026-09-02T12:00:00Z' uid='1' user='generator' visible='true' version='1' changeset='1' lat='43.0402434142' lon='-95.2893634377' />
  <node id='271' timestamp='2026-09-02T12:00:00Z' uid='1' user='generator' visible='true' version='1' changeset='1' lat='43.0404637705' lon='-95.2898579436' />
  <node id='272' timestamp='2026-09-02T12:00:00Z' uid='1' user='generator' visible='true' version='1' changeset='1' lat='43.0405933706' lon='-95.2903216546' />
  <node id='273' timestamp='2026-09-02T12:00:00Z' uid='1' user='generator' visible='true' version='1' changeset='1' lat='43.0407446427' lon='-95.2906968361' />
  <node id='274' timestamp='2026-09-02T12:00:00Z' uid='1' user='generator' visible='true' version='1' changeset='1' lat='43.041025731' lon='-95.2910085676' />
  <node id='275' timestamp='2026-09-02T12:00:00Z' uid='1' user='generator' visible='true' version='1' changeset='1' lat='43.0415196785' lon='-95.2912696351' />
  <node id='276' timestamp='2026-09-02T12:00:00Z' uid='1' user='generator' visible='true' version='1' changeset='1' lat='43.0422021762' lon='-95.2914742247' />
  <node id='277' timestamp='2026-09-02T12:00:00Z' uid='1' user='generator' visible='true' version='1' changeset='1' lat='43.042960895' lon='-95.2916575165' />
  <node id='278' timestamp='2026-09-02T12:00:00Z' uid='1' user='generator' visible='true' version='1' changeset='1' lat='43.0436510517' lon='-95.2918922975' />
  <node id='279' timestamp='2026-09-02T12:00:00Z' uid='1' user='generator' visible='true' version='1' changeset='1' lat='43.0441487341' lon='-95.2923134744' />
  <node id='280' timestamp='2026-09-02T12:00:00Z' uid='1' user='generator' visible='true' version='1' changeset='1' lat='43.0442448362' lon='-95.2930483906' />
  <node id='281' timestamp='2026-09-02T12:00:00Z' uid='1' user='generator' visible='true' version='1' changeset='1' lat='43.0438978409' lon='-95.2938076718' />
  <node id='282' timestamp='2026-09-02T12:00:00Z' uid='1' user='generator' visible='true' version='1' changeset='1' lat='43.0432755083' lon='-95.2946201052' />
  <node id='283' timestamp='2026-09-02T12:00:00Z' uid='1' user='generator' visible='true' version='1' changeset='1' lat='43.0425180675' lon='-95.2954721902' />
  <node id='284' timestamp='2026-09-02T12:00:00Z' uid='1' user='generator' visible='true' version='1' changeset='1' lat='43.0417985798' lon='-95.2962951308' />
  <node id='285' timestamp='2026-09-02T12:00:00Z' uid='1' user='generator' visible='true' version='1' changeset='1' lat='43.0412757873' lon='-95.2970133931' />
  <node id='286' timestamp='2026-09-02T12:00:00Z' uid='1' user='generator' visible='true' version='1' changeset='1' lat='43.041041724' lon='-95.2975513199' />
  <node id='287' timestamp='2026-09-02T12:00:00Z' uid='1' user='generator' visible='true' version='1' changeset='1' lat='43.0410513721' lon='-95.2978916661' />
  <node id='288' timestamp='2026-09-02T12:00:00Z' uid='1' user='generator' visible='true' version='1' changeset='1' lat='43.0412298062' lon='-95.2982185118' />
  <node id='289' timestamp='2026-09-02T12:00:00Z' uid='1' user='generator' visible='true' version='1' changeset='1' lat='43.0415247995' lon='-95.298593139' />
  <node id='290' timestamp='2026-09-02T12:00:00Z' uid='1' user='generator' visible='true' version='1' changeset='1' lat='43.0418132588' lon='-95.2990363774' />
  <node id='291' timestamp='2026-09-02T12:00:00Z' uid='1' user='generator' visible='true' version='1' changeset='1' lat='43.041985762' lon='-95.2995746368' />
  <node id='292' timestamp='2026-09-02T12:00:00Z' uid='1' user='generator' visible='true' version='1' changeset='1' lat='43.042010629' lon='-95.3001481257' />
  <node id='293' timestamp='2026-09-02T12:00:00Z' uid='1' user='generator' visible='true' version='1' changeset='1' lat='43.041969967' lon='-95.3006769865' />
  <node id='294' timestamp='2026-09-02T12:00:00Z' uid='1' user='generator' visible='true' version='1' changeset='1' lat='43.041977392' lon='-95.3010927681' />
  <node id='295' timestamp='2026-09-02T12:00:00Z' uid='1' user='generator' visible='true' version='1' changeset='1' lat='43.0421111231' lon='-95.3013981559' />
  <node id='296' timestamp='2026-09-02T12:00:00Z' uid='1' user='generator' visible='true' version='1' changeset='1' lat='43.0425296505' lon='-95.3016927161' />
  <node id='297' timestamp='2026-09-02T12:00:00Z' uid='1' user='generator' visible='true' version='1' changeset='1' lat='43.0760591391' lon='-95.292556533' />
  <node id='298' timestamp='2026-09-02T12:00:00Z' uid='1' user='generator' visible='true' version='1' changeset='1' lat='43.0758696079' lon='-95.2931806612' />
  <node id='299' timestamp='2026-09-02T12:00:00Z' uid='1' user='generator' visible='true' version='1' changeset='1' lat='43.0755521146' lon='-95.2932798211' />
  <node id='300' timestamp='2026-09-02T12:00:00Z' uid='1' user='generator' visible='true' version='1' changeset='1' lat='43.0752772813' lon='-95.2933150752' />
  <node id='301' timestamp='2026-09-02T12:00:00Z' uid='1' user='generator' visible='true' version='1' changeset='1' lat='43.075011331' lon='-95.2933563897' />
  <node id='302' timestamp='2026-09-02T12:00:00Z' uid='1' user='generator' visible='true' version='1' changeset='1' lat='43.0747549208' lon='-95.293429768' />
  <node id='303' timestamp='2026-09-02T12:00:00Z' uid='1' user='generator' visible='true' version='1' changeset='1' lat='43.0745039825' lon='-95.293541677' />
  <node id='304' timestamp='2026-09-02T12:00:00Z' uid='1' user='generator' visible='true' version='1' changeset='1' lat='43.0742518653' lon='-95.2936788872' />
  <node id='305' timestamp='2026-09-02T12:00:00Z' uid='1' user='generator' visible='true' version='1' changeset='1' lat='43.073991009' lon='-95.293809692' />
  <node id='306' timestamp='2026-09-02T12:00:00Z' uid='1' user='generator' visible='true' version='1' changeset='1' lat='43.0737148977' lon='-95.2938945999' />
  <node id='307' timestamp='2026-09-02T12:00:00Z' uid='1' user='generator' visible='true' version='1' changeset='1' lat='43.0734217764' lon='-95.293899601' />
  <node id='308' timestamp='2026-09-02T12:00:00Z' uid='1' user='generator' visible='true' version='1' changeset='1' lat='43.0731166581' lon='-95.2938145945' />
  <node id='309' timestamp='2026-09-02T12:00:00Z' uid='1' user='generator' visible='true' version='1' changeset='1' lat='43.0728046188' lon='-95.2936593139' />
  <node id='310' timestamp='2026-09-02T12:00:00Z' uid='1' user='generator' visible='true' version='1' changeset='1' lat='43.0724919405' lon='-95.2934723267' />
  <node id='311' timestamp='2026-09-02T12:00:00Z' uid='1' user='generator' visible='true' version='1' changeset='1' lat='43.0721876592' lon='-95.2933066989' />
  <node id='312' timestamp='2026-09-02T12:00:00Z' uid='1' user='generator' visible='true' version='1' changeset='1' lat='43.0719018099' lon='-95.2932056667' />
  <node id='313' timestamp='2026-09-02T12:00:00Z' uid='1' user='generator' visible='true' version='1' changeset='1' lat='43.0716402786' lon='-95.293200641' />
  <node id='314' timestamp='2026-09-02T12:00:00Z' uid='1' user='generator' visible='true' version='1' changeset='1' lat='43.0713998884' lon='-95.2932958098' />
  <node id='315' timestamp='2026-09-02T12:00:00Z' uid='1' user='generator' visible='true' version='1' changeset='1' lat='43.0711692362' lon='-95.2934830434' />
  <node id='316' timestamp='2026-09-02T12:00:00Z' uid='1' user='generator' visible='true' version='1' changeset='1' lat='43.0709444249' lon='-95.2937347493' />
  <node id='317' timestamp='2026-09-02T12:00:00Z' uid='1' user='generator' visible='true' version='1' changeset='1' lat='43.0707166797' lon='-95.2940066567' />
  <node id='318' timestamp='2026-09-02T12:00:00Z' uid='1' user='generator' visible='true' version='1' changeset='1' lat='43.0704823375' lon='-95.2942632405' />
  <node id='319' timestamp='2026-09-02T12:00:00Z' uid='1' user='generator' visible='true' version='1' changeset='1' lat='43.0702358812' lon='-95.2944722892' />
  <node id='320' timestamp='2026-09-02T12:00:00Z' uid='1' user='generator' visible='true' version='1' changeset='1' lat='43.069982432' lon='-95.2946384467' />
  <node id='321' timestamp='2026-09-02T12:00:00Z' uid='1' user='generator' visible='true' version='1' changeset='1' lat='43.0697279747' lon='-95.2947726019' />
  <node id='322' timestamp='2026-09-02T12:00:00Z' uid='1' user='generator' visible='true' version='1' changeset='1' lat='43.0694837055' lon='-95.2949148625' />
  <node id='323' timestamp='2026-09-02T12:00:00Z' uid='1' user='generator' visible='true' version='1' changeset='1' lat='43.0692540703' lon='-95.295087647' />
  <node id='324' timestamp='2026-09-02T12:00:00Z' uid='1' user='generator' visible='true' version='1' changeset='1' lat='43.069042993' lon='-95.2953180551' />
  <node id='325' timestamp='2026-09-02T12:00:00Z' uid='1' user='generator' visible='true' version='1' changeset='1' lat='43.0688455148' lon='-95.2956009502' />
  <node id='326' timestamp='2026-09-02T12:00:00Z' uid='1' user='generator' visible='true' version='1' changeset='1' lat='43.0686568837' lon='-95.2959232628' />
  <node id='327' timestamp='2026-09-02T12:00:00Z' uid='1' user='generator' visible='true' version='1' changeset='1' lat='43.0684618535' lon='-95.2962430872' />
  <node id='328' timestamp='2026-09-02T12:00:00Z' uid='1' user='generator' visible='true' version='1' changeset='1' lat='43.0682464832' lon='-95.296520858' />
  <node id='329' timestamp='2026-09-02T12:00:00Z' uid='1' user='generator' visible='true' version='1' changeset='1' lat='43.067994195' lon='-95.2967131419' />
  <node id='330' timestamp='2026-09-02T12:00:00Z' uid='1' user='generator' visible='true' version='1' changeset='1' lat='43.0677070767' lon='-95.2967980745' />
  <node id='331' timestamp='2026-09-02T12:00:00Z' uid='1' user='generator' visible='true' version='1' changeset='1' lat='43.0673934714' lon='-95.2967850174' />
  <node id='332' timestamp='2026-09-02T12:00:00Z' uid='1' user='generator' visible='true' version='1' changeset='1' lat='43.0670662491' lon='-95.2967118362' />
  <node id='333' timestamp='2026-09-02T12:00:00Z' uid='1' user='generator' visible='true' version='1' changeset='1' lat='43.0667386577' lon='-95.296624785' />
  <node id='334' timestamp='2026-09-02T12:00:00Z' uid='1' user='generator' visible='true' version='1' changeset='1' lat='43.0664266274' lon='-95.2965684178' />
  <node id='335' timestamp='2026-09-02T12:00:00Z' uid='1' user='generator' visible='true' version='1' changeset='1' lat='43.0661417051' lon='-95.2965730617' />
  <node id='336' timestamp='2026-09-02T12:00:00Z' uid='1' user='generator' visible='true' version='1' changeset='1' lat='43.0658854839' lon='-95.296649113' />
  <node id='337' timestamp='2026-09-02T12:00:00Z' uid='1' user='generator' visible='true' version='1' changeset='1' lat='43.0656491346' lon='-95.2967894026' />
  <node id='338' timestamp='2026-09-02T12:00:00Z' uid='1' user='generator' visible='true' version='1' changeset='1' lat='43.0654203634' lon='-95.2969723126' />
  <node id='339' timestamp='2026-09-02T12:00:00Z' uid='1' user='generator' visible='true' version='1' changeset='1' lat='43.0651868402' lon='-95.2971656065' />
  <node id='340' timestamp='2026-09-02T12:00:00Z' uid='1' user='generator' visible='true' version='1' changeset='1' lat='43.0649406539' lon='-95.2973386374' />
  <node id='341' timestamp='2026-09-02T12:00:00Z' uid='1' user='generator' visible='true' version='1' changeset='1' lat='43.0646797707' lon='-95.2974722137' />
  <node id='342' timestamp='2026-09-02T12:00:00Z' uid='1' user='generator' visible='true' version='1' changeset='1' lat='43.0644121014' lon='-95.297572088' />
  <node id='343' timestamp='2026-09-02T12:00:00Z' uid='1' user='generator' visible='true' version='1' changeset='1' lat='43.0641485541' lon='-95.297660445' />
  <node id='344' timestamp='2026-09-02T12:00:00Z' uid='1' user='generator' visible='true' version='1' changeset='1' lat='43.0639014589' lon='-95.2977749038' />
  <node id='345' timestamp='2026-09-02T12:00:00Z' uid='1' user='generator' visible='true' version='1' changeset='1' lat='43.0636798967' lon='-95.2979461732' />
  <node id='346' timestamp='2026-09-02T12:00:00Z' uid='1' user='generator' visible='true' version='1' changeset='1' lat='43.0634846325' lon='-95.2981968075' />
  <node id='347' timestamp='2026-09-02T12:00:00Z' uid='1' user='generator' visible='true' version='1' changeset='1' lat='43.0633144243' lon='-95.2985321895' />
  <node id='348' timestamp='2026-09-02T12:00:00Z' uid='1' user='generator' visible='true' version='1' changeset='1' lat='43.0631616312' lon='-95.2989307383' />
  <node id='349' timestamp='2026-09-02T12:00:00Z' uid='1' user='generator' visible='true' version='1' changeset='1' lat='43.063012627' lon='-95.2993532209' />
  <node id='350' timestamp='2026-09-02T12:00:00Z' uid='1' user='generator' visible='true' version='1' changeset='1' lat='43.0628488268' lon='-95.2997523978' />
  <node id='351' timestamp='2026-09-02T12:00:00Z' uid='1' user='generator' visible='true' version='1' changeset='1' lat='43.0626525277' lon='-95.3000868314' />
  <node id='352' timestamp='2026-09-02T12:00:00Z' uid='1' user='generator' visible='true' version='1' changeset='1' lat='43.0624142344' lon='-95.3003268106' />
  <node id='353' timestamp='2026-09-02T12:00:00Z' uid='1' user='generator' visible='true' version='1' changeset='1' lat='43.0621404901' lon='-95.300465659' />
  <node id='354' timestamp='2026-09-02T12:00:00Z' uid='1' user='generator' visible='true' version='1' changeset='1' lat='43.0618475128' lon='-95.3005265838' />
  <node id='355' timestamp='2026-09-02T12:00:00Z' uid='1' user='generator' visible='true' version='1' changeset='1' lat='43.0615504226' lon='-95.3005517618' />
  <node id='356' timestamp='2026-09-02T12:00:00Z' uid='1' user='generator' visible='true' version='1' changeset='1' lat='43.0612625123' lon='-95.3005797483' />
  <node id='357' timestamp='2026-09-02T12:00:00Z' uid='1' user='generator' visible='true' version='1' changeset='1' lat='43.060991657' lon='-95.3006406115' />
  <node id='358' timestamp='2026-09-02T12:00:00Z' uid='1' user='generator' visible='true' version='1' changeset='1' lat='43.0607366687' lon='-95.3007418654' />
  <node id='359' timestamp='2026-09-02T12:00:00Z' uid='1' user='generator' visible='true' version='1' changeset='1' lat='43.0604897265' lon='-95.300879014' />
  <node id='360' timestamp='2026-09-02T12:00:00Z' uid='1' user='generator' visible='true' version='1' changeset='1' lat='43.0602379062' lon='-95.3010240953' />
  <node id='361' timestamp='2026-09-02T12:00:00Z' uid='1' user='generator' visible='true' version='1' changeset='1' lat='43.05997174' lon='-95.3011480513' />
  <node id='362' timestamp='2026-09-02T12:00:00Z' uid='1' user='generator' visible='true' version='1' changeset='1' lat='43.0596848017' lon='-95.3012168473' />
  <node id='363' timestamp='2026-09-02T12:00:00Z' uid='1' user='generator' visible='true' version='1' changeset='1' lat='43.0593817714' lon='-95.3012226983' />
  <node id='364' timestamp='2026-09-02T12:00:00Z' uid='1' user='generator' visible='true' version='1' changeset='1' lat='43.0590709471' lon='-95.3011750031' />
  <node id='365' timestamp='2026-09-02T12:00:00Z' uid='1' user='generator' visible='true' version='1' changeset='1' lat='43.0587661798' lon='-95.3011111589' />
  <node id='366' timestamp='2026-09-02T12:00:00Z' uid='1' user='generator' visible='true' version='1' changeset='1' lat='43.0584816175' lon='-95.3010710638' />
  <node id='367' timestamp='2026-09-02T12:00:00Z' uid='1' user='generator' visible='true' version='1' changeset='1' lat='43.0582289872' lon='-95.3010958353' />
  <node id='368' timestamp='2026-09-02T12:00:00Z' uid='1' user='generator' visible='true' version='1' changeset='1' lat='43.058006903' lon='-95.301206648' />
  <node id='369' timestamp='2026-09-02T12:00:00Z' uid='1' user='generator' visible='true' version='1' changeset='1' lat='43.0578023778' lon='-95.3014165713' />
  <node id='370' timestamp='2026-09-02T12:00:00Z' uid='1' user='generator' visible='true' version='1' changeset='1' lat='43.0576050616' lon='-95.3017145189' />
  <node id='371' timestamp='2026-09-02T12:00:00Z' uid='1' user='generator' visible='true' version='1' changeset='1' lat='43.0574065034' lon='-95.3020652862' />
  <node id='372' timestamp='2026-09-02T12:00:00Z' uid='1' user='generator' visible='true' version='1' changeset='1' lat='43.0571977122' lon='-95.3024192068' />
  <node id='373' timestamp='2026-09-02T12:00:00Z' uid='1' user='generator' visible='true' version='1' changeset='1' lat='43.056970534' lon='-95.3027309876' />
  <node id='374' timestamp='2026-09-02T12:00:00Z' uid='1' user='generator' visible='true' version='1' changeset='1' lat='43.0567218007' lon='-95.3029701538' />
  <node id='375' timestamp='2026-09-02T12:00:00Z' uid='1' user='generator' visible='true' version='1' changeset='1' lat='43.0564564715' lon='-95.3031288342' />
  <node id='376' timestamp='2026-09-02T12:00:00Z' uid='1' user='generator' visible='true' version='1' changeset='1' lat='43.0561850762' lon='-95.3032256413' />
  <node id='377' timestamp='2026-09-02T12:00:00Z' uid='1' user='generator' visible='true' version='1' changeset='1' lat='43.0559171459' lon='-95.3032960756' />
  <node id='378' timestamp='2026-09-02T12:00:00Z' uid='1' user='generator' visible='true' version='1' changeset='1' lat='43.0556583327' lon='-95.3033761795' />
  <node id='379' timestamp='2026-09-02T12:00:00Z' uid='1' user='generator' visible='true' version='1' changeset='1' lat='43.0554090234' lon='-95.3034901086' />
  <node id='380' timestamp='2026-09-02T12:00:00Z' uid='1' user='generator' visible='true' version='1' changeset='1' lat='43.0551653392' lon='-95.303643209' />
  <node id='381' timestamp='2026-09-02T12:00:00Z' uid='1' user='generator' visible='true' version='1' changeset='1' lat='43.0549207099' lon='-95.3038210316' />
  <node id='382' timestamp='2026-09-02T12:00:00Z' uid='1' user='generator' visible='true' version='1' changeset='1' lat='43.0546673417' lon='-95.3039900468' />
  <node id='383' timestamp='2026-09-02T12:00:00Z' uid='1' user='generator' visible='true' version='1' changeset='1' lat='43.0543971344' lon='-95.3041097284' />
  <node id='384' timestamp='2026-09-02T12:00:00Z' uid='1' user='generator' visible='true' version='1' changeset='1' lat='43.0541076581' lon='-95.3041428638' />
  <node id='385' timestamp='2026-09-02T12:00:00Z' uid='1' user='generator' visible='true' version='1' changeset='1' lat='43.0538031068' lon='-95.3040796972' />
  <node id='386' timestamp='2026-09-02T12:00:00Z' uid='1' user='generator' visible='true' version='1' changeset='1' lat='43.0534889525' lon='-95.3039376707' />
  <node id='387' timestamp='2026-09-02T12:00:00Z' uid='1' user='generator' visible='true' version='1' changeset='1' lat='43.0531709732' lon='-95.3037604147' />
  <node id='388' timestamp='2026-09-02T12:00:00Z' uid='1' user='generator' visible='true' version='1' changeset='1' lat='43.0528573409' lon='-95.3035958094' />
  <node id='389' timestamp='2026-09-02T12:00:00Z' uid='1' user='generator' visible='true' version='1' changeset='1' lat='43.0525604666' lon='-95.3034951221' />
  <node id='390' timestamp='2026-09-02T12:00:00Z' uid='1' user='generator' visible='true' version='1' changeset='1' lat='43.0522882883' lon='-95.3034833953' />
  <node id='391' timestamp='2026-09-02T12:00:00Z' uid='1' user='generator' visible='true' version='1' changeset='1' lat='43.052041904' lon='-95.3035720233' />
  <node id='392' timestamp='2026-09-02T12:00:00Z' uid='1' user='generator' visible='true' version='1' changeset='1' lat='43.0518126558' lon='-95.3037457563' />
  <node id='393' timestamp='2026-09-02T12:00:00Z' uid='1' user='generator' visible='true' version='1' changeset='1' lat='43.0515915886' lon='-95.3039825451' />
  <node id='394' timestamp='2026-09-02T12:00:00Z' uid='1' user='generator' visible='true' version='1' changeset='1' lat='43.0513697024' lon='-95.3042401144' />
  <node id='395' timestamp='2026-09-02T12:00:00Z' uid='1' user='generator' visible='true' version='1' changeset='1' lat='43.0511388701' lon='-95.3044832593' />
  <node id='396' timestamp='2026-09-02T12:00:00Z' uid='1' user='generator' visible='true' version='1' changeset='1' lat='43.0508953029' lon='-95.3046856563' />
  <node id='397' timestamp='2026-09-02T12:00:00Z' uid='1' user='generator' visible='true' version='1' changeset='1' lat='43.0506427986' lon='-95.3048459996' />
  <node id='398' timestamp='2026-09-02T12:00:00Z' uid='1' user='generator' visible='true' version='1' changeset='1' lat='43.0503905194' lon='-95.3049829388' />
  <node id='399' timestamp='2026-09-02T12:00:00Z' uid='1' user='generator' visible='true' version='1' changeset='1' lat='43.0501483381' lon='-95.3051277861' />
  <node id='400' timestamp='2026-09-02T12:00:00Z' uid='1' user='generator' visible='true' version='1' changeset='1' lat='43.0499229329' lon='-95.3053115336' />
  <node id='401' timestamp='2026-09-02T12:00:00Z' uid='1' user='generator' visible='true' version='1' changeset='1' lat='43.0497147627' lon='-95.3055537054' />
  <node id='402' timestamp='2026-09-02T12:00:00Z' uid='1' user='generator' visible='true' version='1' changeset='1' lat='43.0495204435' lon='-95.3058578121' />
  <node id='403' timestamp='2026-09-02T12:00:00Z' uid='1' user='generator' visible='true' version='1' changeset='1' lat='43.0493321993' lon='-95.3062022848' />
  <node id='404' timestamp='2026-09-02T12:00:00Z' uid='1' user='generator' visible='true' version='1' changeset='1' lat='43.0491382581' lon='-95.3065495907' />
  <node id='405' timestamp='2026-09-02T12:00:00Z' uid='1' user='generator' visible='true' version='1' changeset='1' lat='43.0489227619' lon='-95.3068531307' />
  <node id='406' timestamp='2026-09-02T12:00:00Z' uid='1' user='generator' visible='true' version='1' changeset='1' lat='43.0486730837' lon='-95.3070711223' />
  <node id='407' timestamp='2026-09-02T12:00:00Z' uid='1' user='generator' visible='true' version='1' changeset='1' lat='43.0483879454' lon='-95.3071756897' />
  <node id='408' timestamp='2026-09-02T12:00:00Z' uid='1' user='generator' visible='true' version='1' changeset='1' lat='43.0480793981' lon='-95.3071732261' />
  <node id='409' timestamp='2026-09-02T12:00:00Z' uid='1' user='generator' visible='true' version='1' changeset='1' lat='43.0477591688' lon='-95.3070997123' />
  <node id='410' timestamp='2026-09-02T12:00:00Z' uid='1' user='generator' visible='true' version='1' changeset='1' lat='43.0474393084' lon='-95.3070026958' />
  <node id='411' timestamp='2026-09-02T12:00:00Z' uid='1' user='generator' visible='true' version='1' changeset='1' lat='43.0471277461' lon='-95.3069259916' />
  <node id='412' timestamp='2026-09-02T12:00:00Z' uid='1' user='generator' visible='true' version='1' changeset='1' lat='43.0471564292' lon='-95.306707766' />
  <node id='413' timestamp='2026-09-02T12:00:00Z' uid='1' user='generator' visible='true' version='1' changeset='1' lat='43.0474712315' lon='-95.3067853201' />
  <node id='414' timestamp='2026-09-02T12:00:00Z' uid='1' user='generator' visible='true' version='1' changeset='1' lat='43.0477902188' lon='-95.3068821026' />
  <node id='415' timestamp='2026-09-02T12:00:00Z' uid='1' user='generator' visible='true' version='1' changeset='1' lat='43.0480939961' lon='-95.3069524014' />
  <node id='416' timestamp='2026-09-02T12:00:00Z' uid='1' user='generator' visible='true' version='1' changeset='1' lat='43.0483681904' lon='-95.3069556164' />
  <node id='417' timestamp='2026-09-02T12:00:00Z' uid='1' user='generator' visible='true' version='1' changeset='1' lat='43.0486076446' lon='-95.3068682942' />
  <node id='418' timestamp='2026-09-02T12:00:00Z' uid='1' user='generator' visible='true' version='1' changeset='1' lat='43.0488197298' lon='-95.3066820338' />
  <node id='419' timestamp='2026-09-02T12:00:00Z' uid='1' user='generator' visible='true' version='1' changeset='1' lat='43.049015318' lon='-95.3064052115' />
  <node id='420' timestamp='2026-09-02T12:00:00Z' uid='1' user='generator' visible='true' version='1' changeset='1' lat='43.0492029592' lon='-95.3060685853' />
  <node id='421' timestamp='2026-09-02T12:00:00Z' uid='1' user='generator' visible='true' version='1' changeset='1' lat='43.0493944704' lon='-95.3057184093' />
  <node id='422' timestamp='2026-09-02T12:00:00Z' uid='1' user='generator' visible='true' version='1' changeset='1' lat='43.0496007866' lon='-95.3053961336' />
  <node id='423' timestamp='2026-09-02T12:00:00Z' uid='1' user='generator' visible='true' version='1' changeset='1' lat='43.0498284418' lon='-95.3051314322' />
  <node id='424' timestamp='2026-09-02T12:00:00Z' uid='1' user='generator' visible='true' version='1' changeset='1' lat='43.0500741781' lon='-95.3049306735' />
  <node id='425' timestamp='2026-09-02T12:00:00Z' uid='1' user='generator' visible='true' version='1' changeset='1' lat='43.0503281763' lon='-95.3047782876' />
  <node id='426' timestamp='2026-09-02T12:00:00Z' uid='1' user='generator' visible='true' version='1' changeset='1' lat='43.0505788446' lon='-95.3046422846' />
  <node id='427' timestamp='2026-09-02T12:00:00Z' uid='1' user='generator' visible='true' version='1' changeset='1' lat='43.0508190188' lon='-95.3044900589' />
  <node id='428' timestamp='2026-09-02T12:00:00Z' uid='1' user='generator' visible='true' version='1' changeset='1' lat='43.051047151' lon='-95.3043004972' />
  <node id='429' timestamp='2026-09-02T12:00:00Z' uid='1' user='generator' visible='true' version='1' changeset='1' lat='43.0512678313' lon='-95.3040677241' />
  <node id='430' timestamp='2026-09-02T12:00:00Z' uid='1' user='generator' visible='true' version='1' changeset='1' lat='43.0514892945' lon='-95.3038106106' />
  <node id='431' timestamp='2026-09-02T12:00:00Z' uid='1' user='generator' visible='true' version='1' changeset='1' lat='43.0517231687' lon='-95.3035609248' />
  <node id='432' timestamp='2026-09-02T12:00:00Z' uid='1' user='generator' visible='true' version='1' changeset='1' lat='43.05198173' lon='-95.303366165' />
  <node id='433' timestamp='2026-09-02T12:00:00Z' uid='1' user='generator' visible='true' version='1' changeset='1' lat='43.0522706933' lon='-95.3032629895' />
  <node id='434' timestamp='2026-09-02T12:00:00Z' uid='1' user='generator' visible='true' version='1' changeset='1' lat='43.0525832186' lon='-95.3032755908' />
  <node id='435' timestamp='2026-09-02T12:00:00Z' uid='1' user='generator' visible='true' version='1' changeset='1' lat='43.0529061479' lon='-95.3033843833' />
  <node id='436' timestamp='2026-09-02T12:00:00Z' uid='1' user='generator' visible='true' version='1' changeset='1' lat='43.0532305172' lon='-95.3035541992' />
  <node id='437' timestamp='2026-09-02T12:00:00Z' uid='1' user='generator' visible='true' version='1' changeset='1' lat='43.0535451575' lon='-95.3037297183' />
  <node id='438' timestamp='2026-09-02T12:00:00Z' uid='1' user='generator' visible='true' version='1' changeset='1' lat='43.0538415278' lon='-95.3038643047' />
  <node id='439' timestamp='2026-09-02T12:00:00Z' uid='1' user='generator' visible='true' version='1' changeset='1' lat='43.0541138051' lon='-95.3039213001' />
  <node id='440' timestamp='2026-09-02T12:00:00Z' uid='1' user='generator' visible='true' version='1' changeset='1' lat='43.0543652024' lon='-95.3038923528' />
  <node id='441' timestamp='2026-09-02T12:00:00Z' uid='1' user='generator' visible='true' version='1' changeset='1' lat='43.0546065106' lon='-95.3037845457' />
  <node id='442' timestamp='2026-09-02T12:00:00Z' uid='1' user='generator' visible='true' version='1' changeset='1' lat='43.0548471618' lon='-95.3036234756' />
  <node id='443' timestamp='2026-09-02T12:00:00Z' uid='1' user='generator' visible='true' version='1' changeset='1' lat='43.0550935281' lon='-95.3034444705' />
  <node id='444' timestamp='2026-09-02T12:00:00Z' uid='1' user='generator' visible='true' version='1' changeset='1' lat='43.0553494613' lon='-95.3032839177' />
  <node id='445' timestamp='2026-09-02T12:00:00Z' uid='1' user='generator' visible='true' version='1' changeset='1' lat='43.0556147186' lon='-95.3031626471' />
  <node id='446' timestamp='2026-09-02T12:00:00Z' uid='1' user='generator' visible='true' version='1' changeset='1' lat='43.0558839899' lon='-95.3030790448' />
  <node id='447' timestamp='2026-09-02T12:00:00Z' uid='1' user='generator' visible='true' version='1' changeset='1' lat='43.0561494181' lon='-95.3030093619' />
  <node id='448' timestamp='2026-09-02T12:00:00Z' uid='1' user='generator' visible='true' version='1' changeset='1' lat='43.0564034794' lon='-95.3029193051' />
  <node id='449' timestamp='2026-09-02T12:00:00Z' uid='1' user='generator' visible='true' version='1' changeset='1' lat='43.0566420876' lon='-95.3027771308' />
  <node id='450' timestamp='2026-09-02T12:00:00Z' uid='1' user='generator' visible='true' version='1' changeset='1' lat='43.0568657739' lon='-95.3025618615' />
  <node id='451' timestamp='2026-09-02T12:00:00Z' uid='1' user='generator' visible='true' version='1' changeset='1' lat='43.0570769771' lon='-95.3022713785' />
  <node id='452' timestamp='2026-09-02T12:00:00Z' uid='1' user='generator' visible='true' version='1' changeset='1' lat='43.0572794413' lon='-95.3019277434' />
  <node id='453' timestamp='2026-09-02T12:00:00Z' uid='1' user='generator' visible='true' version='1' changeset='1' lat='43.0574808345' lon='-95.3015721968' />
  <node id='454' timestamp='2026-09-02T12:00:00Z' uid='1' user='generator' visible='true' version='1' changeset='1' lat='43.0576928387' lon='-95.3012532223' />
  <node id='455' timestamp='2026-09-02T12:00:00Z' uid='1' user='generator' visible='true' version='1' changeset='1' lat='43.0579292149' lon='-95.3010120853' />
  <node id='456' timestamp='2026-09-02T12:00:00Z' uid='1' user='generator' visible='true' version='1' changeset='1' lat='43.0581954532' lon='-95.3008789154' />
  <node id='457' timestamp='2026-09-02T12:00:00Z' uid='1' user='generator' visible='true' version='1' changeset='1' lat='43.0584845155' lon='-95.3008493769' />
  <node id='458' timestamp='2026-09-02T12:00:00Z' uid='1' user='generator' visible='true' version='1' changeset='1' lat='43.0587867538' lon='-95.3008912334' />
  <node id='459' timestamp='2026-09-02T12:00:00Z' uid='1' user='generator' visible='true' version='1' changeset='1' lat='43.0590922771' lon='-95.3009552131' />
  <node id='460' timestamp='2026-09-02T12:00:00Z' uid='1' user='generator' visible='true' version='1' changeset='1' lat='43.0593899794' lon='-95.3010012577' />
  <node id='461' timestamp='2026-09-02T12:00:00Z' uid='1' user='generator' visible='true' version='1' changeset='1' lat='43.0596699337' lon='-95.3009960472' />
  <node id='462' timestamp='2026-09-02T12:00:00Z' uid='1' user='generator' visible='true' version='1' changeset='1' lat='43.0599316359' lon='-95.3009332255' />
  <node id='463' timestamp='2026-09-02T12:00:00Z' uid='1' user='generator' visible='true' version='1' changeset='1' lat='43.0601802972' lon='-95.3008168697' />
  <node id='464' timestamp='2026-09-02T12:00:00Z' uid='1' user='generator' visible='true' version='1' changeset='1' lat='43.0604278604' lon='-95.3006741041' />
  <node id='465' timestamp='2026-09-02T12:00:00Z' uid='1' user='generator' visible='true' version='1' changeset='1' lat='43.0606836587' lon='-95.3005323486' />
  <node id='466' timestamp='2026-09-02T12:00:00Z' uid='1' user='generator' visible='true' version='1' changeset='1' lat='43.060956044' lon='-95.3004243075' />
  <node id='467' timestamp='2026-09-02T12:00:00Z' uid='1' user='generator' visible='true' version='1' changeset='1' lat='43.0612437202' lon='-95.3003595148' />
  <node id='468' timestamp='2026-09-02T12:00:00Z' uid='1' user='generator' visible='true' version='1' changeset='1' lat='43.0615396765' lon='-95.3003305306' />
  <node id='469' timestamp='2026-09-02T12:00:00Z' uid='1' user='generator' visible='true' version='1' changeset='1' lat='43.0618305478' lon='-95.3003060794' />
  <node id='470' timestamp='2026-09-02T12:00:00Z' uid='1' user='generator' visible='true' version='1' changeset='1' lat='43.0621005031' lon='-95.3002507962' />
  <node id='471' timestamp='2026-09-02T12:00:00Z' uid='1' user='generator' visible='true' version='1' changeset='1' lat='43.0623373563' lon='-95.3001316442' />
  <node id='472' timestamp='2026-09-02T12:00:00Z' uid='1' user='generator' visible='true' version='1' changeset='1' lat='43.0625397575' lon='-95.2999276582' />
  <node id='473' timestamp='2026-09-02T12:00:00Z' uid='1' user='generator' visible='true' version='1' changeset='1' lat='43.0627141777' lon='-95.2996291193' />
  <node id='474' timestamp='2026-09-02T12:00:00Z' uid='1' user='generator' visible='true' version='1' changeset='1' lat='43.0628689059' lon='-95.2992509076' />
  <node id='475' timestamp='2026-09-02T12:00:00Z' uid='1' user='generator' visible='true' version='1' changeset='1' lat='43.063016938' lon='-95.2988310241' />
  <node id='476' timestamp='2026-09-02T12:00:00Z' uid='1' user='generator' visible='true' version='1' changeset='1' lat='43.0631757702' lon='-95.2984175213' />
  <node id='477' timestamp='2026-09-02T12:00:00Z' uid='1' user='generator' visible='true' version='1' changeset='1' lat='43.0633616024' lon='-95.2980525761' />
  <node id='478' timestamp='2026-09-02T12:00:00Z' uid='1' user='generator' visible='true' version='1' changeset='1' lat='43.0635835336' lon='-95.2977679442' />
  <node id='479' timestamp='2026-09-02T12:00:00Z' uid='1' user='generator' visible='true' version='1' changeset='1' lat='43.0638352188' lon='-95.2975725685' />
  <node id='480' timestamp='2026-09-02T12:00:00Z' uid='1' user='generator' visible='true' version='1' changeset='1' lat='43.0641031941' lon='-95.2974475901' />
  <node id='481' timestamp='2026-09-02T12:00:00Z' uid='1' user='generator' visible='true' version='1' changeset='1' lat='43.0643715294' lon='-95.2973574347' />
  <node id='482' timestamp='2026-09-02T12:00:00Z' uid='1' user='generator' visible='true' version='1' changeset='1' lat='43.0646301086' lon='-95.2972611695' />
  <node id='483' timestamp='2026-09-02T12:00:00Z' uid='1' user='generator' visible='true' version='1' changeset='1' lat='43.0648751609' lon='-95.2971358463' />
  <node id='484' timestamp='2026-09-02T12:00:00Z' uid='1' user='generator' visible='true' version='1' changeset='1' lat='43.0651078201' lon='-95.2969720416' />
  <node id='485' timestamp='2026-09-02T12:00:00Z' uid='1' user='generator' visible='true' version='1' changeset='1' lat='43.0653376083' lon='-95.2967817039' />
  <node id='486' timestamp='2026-09-02T12:00:00Z' uid='1' user='generator' visible='true' version='1' changeset='1' lat='43.0655760276' lon='-95.2965915387' />
  <node id='487' timestamp='2026-09-02T12:00:00Z' uid='1' user='generator' visible='true' version='1' changeset='1' lat='43.0658361548' lon='-95.2964379087' />
  <node id='488' timestamp='2026-09-02T12:00:00Z' uid='1' user='generator' visible='true' version='1' changeset='1' lat='43.0661240291' lon='-95.2963526558' />
  <node id='489' timestamp='2026-09-02T12:00:00Z' uid='1' user='generator' visible='true' version='1' changeset='1' lat='43.0664366534' lon='-95.2963471127' />
  <node id='490' timestamp='2026-09-02T12:00:00Z' uid='1' user='generator' visible='true' version='1' changeset='1' lat='43.0667647488' lon='-95.2964059558' />
  <node id='491' timestamp='2026-09-02T12:00:00Z' uid='1' user='generator' visible='true' version='1' changeset='1' lat='43.0670948151' lon='-95.296493586' />
  <node id='492' timestamp='2026-09-02T12:00:00Z' uid='1' user='generator' visible='true' version='1' changeset='1' lat='43.0674095994' lon='-95.2965644021' />
  <node id='493' timestamp='2026-09-02T12:00:00Z' uid='1' user='generator' visible='true' version='1' changeset='1' lat='43.0676934147' lon='-95.2965771513' />
  <node id='494' timestamp='2026-09-02T12:00:00Z' uid='1' user='generator' visible='true' version='1' changeset='1' lat='43.0679372609' lon='-95.2965055591' />
  <node id='495' timestamp='2026-09-02T12:00:00Z' uid='1' user='generator' visible='true' version='1' changeset='1' lat='43.0681502012' lon='-95.2963425551' />
  <node id='496' timestamp='2026-09-02T12:00:00Z' uid='1' user='generator' visible='true' version='1' changeset='1' lat='43.0683435933' lon='-95.296091539' />
  <node id='497' timestamp='2026-09-02T12:00:00Z' uid='1' user='generator' visible='true' version='1' changeset='1' lat='43.0685314595' lon='-95.2957829362' />
  <node id='498' timestamp='2026-09-02T12:00:00Z' uid='1' user='generator' visible='true' version='1' changeset='1' lat='43.0687235647' lon='-95.2954549819' />
  <node id='499' timestamp='2026-09-02T12:00:00Z' uid='1' user='generator' visible='true' version='1' changeset='1' lat='43.0689335349' lon='-95.2951545953' />
  <node id='500' timestamp='2026-09-02T12:00:00Z' uid='1' user='generator' visible='true' version='1' changeset='1' lat='43.0691639982' lon='-95.2949033575' />
  <node id='501' timestamp='2026-09-02T12:00:00Z' uid='1' user='generator' visible='true' version='1' changeset='1' lat='43.0694127674' lon='-95.2947155204' />
  <node id='502' timestamp='2026-09-02T12:00:00Z' uid='1' user='generator' visible='true' version='1' changeset='1' lat='43.0696671257' lon='-95.2945671132' />
  <node id='503' timestamp='2026-09-02T12:00:00Z' uid='1' user='generator' visible='true' version='1' changeset='1' lat='43.0699182799' lon='-95.2944348548' />
  <node id='504' timestamp='2026-09-02T12:00:00Z' uid='1' user='generator' visible='true' version='1' changeset='1' lat='43.0701580222' lon='-95.2942778497' />
  <node id='505' timestamp='2026-09-02T12:00:00Z' uid='1' user='generator' visible='true' version='1' changeset='1' lat='43.0703887014' lon='-95.2940823015' />
  <node id='506' timestamp='2026-09-02T12:00:00Z' uid='1' user='generator' visible='true' version='1' changeset='1' lat='43.0706127476' lon='-95.2938365698' />
  <node id='507' timestamp='2026-09-02T12:00:00Z' uid='1' user='generator' visible='true' version='1' changeset='1' lat='43.0708399078' lon='-95.2935653399' />
  <node id='508' timestamp='2026-09-02T12:00:00Z' uid='1' user='generator' visible='true' version='1' changeset='1' lat='43.0710762841' lon='-95.2933014515' />
  <node id='509' timestamp='2026-09-02T12:00:00Z' uid='1' user='generator' visible='true' version='1' changeset='1' lat='43.0713353223' lon='-95.2930924644' />
  <node id='510' timestamp='2026-09-02T12:00:00Z' uid='1' user='generator' visible='true' version='1' changeset='1' lat='43.0716191286' lon='-95.2929808141' />
  <node id='511' timestamp='2026-09-02T12:00:00Z' uid='1' user='generator' visible='true' version='1' changeset='1' lat='43.0719240579' lon='-95.2929860369' />
  <node id='512' timestamp='2026-09-02T12:00:00Z' uid='1' user='generator' visible='true' version='1' changeset='1' lat='43.0722381852' lon='-95.2930960366' />
  <node id='513' timestamp='2026-09-02T12:00:00Z' uid='1' user='generator' visible='true' version='1' changeset='1' lat='43.0725543106' lon='-95.2932677002' />
  <node id='514' timestamp='2026-09-02T12:00:00Z' uid='1' user='generator' visible='true' version='1' changeset='1' lat='43.0728649099' lon='-95.2934535171' />
  <node id='515' timestamp='2026-09-02T12:00:00Z' uid='1' user='generator' visible='true' version='1' changeset='1' lat='43.0731611992' lon='-95.293601407' />
  <node id='516' timestamp='2026-09-02T12:00:00Z' uid='1' user='generator' visible='true' version='1' changeset='1' lat='43.0734376794' lon='-95.2936789488' />
  <node id='517' timestamp='2026-09-02T12:00:00Z' uid='1' user='generator' visible='true' version='1' changeset='1' lat='43.0736961417' lon='-95.2936743788' />
  <node id='518' timestamp='2026-09-02T12:00:00Z' uid='1' user='generator' visible='true' version='1' changeset='1' lat='43.0739451179' lon='-95.2935970464' />
  <node id='519' timestamp='2026-09-02T12:00:00Z' uid='1' user='generator' visible='true' version='1' changeset='1' lat='43.0741940222' lon='-95.2934717847' />
  <node id='520' timestamp='2026-09-02T12:00:00Z' uid='1' user='generator' visible='true' version='1' changeset='1' lat='43.0744489384' lon='-95.2933331334' />
  <node id='521' timestamp='2026-09-02T12:00:00Z' uid='1' user='generator' visible='true' version='1' changeset='1' lat='43.0747131877' lon='-95.2932155211' />
  <node id='522' timestamp='2026-09-02T12:00:00Z' uid='1' user='generator' visible='true' version='1' changeset='1' lat='43.074985591' lon='-95.2931374743' />
  <node id='523' timestamp='2026-09-02T12:00:00Z' uid='1' user='generator' visible='true' version='1' changeset='1' lat='43.0752605863' lon='-95.2930945338' />
  <node id='524' timestamp='2026-09-02T12:00:00Z' uid='1' user='generator' visible='true' version='1' changeset='1' lat='43.0755305595' lon='-95.293060068' />
  <node id='525' timestamp='2026-09-02T12:00:00Z' uid='1' user='generator' visible='true' version='1' changeset='1' lat='43.0757506908' lon='-95.293030086' />
  <node id='526' timestamp='2026-09-02T12:00:00Z' uid='1' user='generator' visible='true' version='1' changeset='1' lat='43.0759088929' lon='-95.2924736329' />
  <node id='527' timestamp='2026-09-02T12:00:00Z' uid='1' user='generator' visible='true' version='1' changeset='1' lat='43.0437221787' lon='-95.3007814185' />
  <node id='528' timestamp='2026-09-02T12:00:00Z' uid='1' user='generator' visible='true' version='1' changeset='1' lat='43.0434318024' lon='-95.3008840027' />
  <node id='529' timestamp='2026-09-02T12:00:00Z' uid='1' user='generator' visible='true' version='1' changeset='1' lat='43.0431587152' lon='-95.3011106662' />
  <node id='530' timestamp='2026-09-02T12:00:00Z' uid='1' user='generator' visible='true' version='1' changeset='1' lat='43.0429086049' lon='-95.3014310449' />
  <node id='531' timestamp='2026-09-02T12:00:00Z' uid='1' user='generator' visible='true' version='1' changeset='1' lat='43.0426822727' lon='-95.3018110304' />
  <node id='532' timestamp='2026-09-02T12:00:00Z' uid='1' user='generator' visible='true' version='1' changeset='1' lat='43.0424764245' lon='-95.3022199755' />
  <node id='533' timestamp='2026-09-02T12:00:00Z' uid='1' user='generator' visible='true' version='1' changeset='1' lat='43.0422855433' lon='-95.302636373' />
  <node id='534' timestamp='2026-09-02T12:00:00Z' uid='1' user='generator' visible='true' version='1' changeset='1' lat='43.0421042741' lon='-95.3030505779' />
  <node id='535' timestamp='2026-09-02T12:00:00Z' uid='1' user='generator' visible='true' version='1' changeset='1' lat='43.0419295569' lon='-95.3034642409' />
  <node id='536' timestamp='2026-09-02T12:00:00Z' uid='1' user='generator' visible='true' version='1' changeset='1' lat='43.0417620218' lon='-95.3038869821' />
  <node id='537' timestamp='2026-09-02T12:00:00Z' uid='1' user='generator' visible='true' version='1' changeset='1' lat='43.0416060336' lon='-95.3043312553' />
  <node id='538' timestamp='2026-09-02T12:00:00Z' uid='1' user='generator' visible='true' version='1' changeset='1' lat='43.0414686215' lon='-95.3048072226' />
  <node id='539' timestamp='2026-09-02T12:00:00Z' uid='1' user='generator' visible='true' version='1' changeset='1' lat='43.0413573544' lon='-95.3053187889' />
  <node id='540' timestamp='2026-09-02T12:00:00Z' uid='1' user='generator' visible='true' version='1' changeset='1' lat='43.0412779833' lon='-95.3058623081' />
  <node id='541' timestamp='2026-09-02T12:00:00Z' uid='1' user='generator' visible='true' version='1' changeset='1' lat='43.0412324522' lon='-95.3064277411' />
  <node id='542' timestamp='2026-09-02T12:00:00Z' uid='1' user='generator' visible='true' version='1' changeset='1' lat='43.0412178542' lon='-95.3070021169' />
  <node id='543' timestamp='2026-09-02T12:00:00Z' uid='1' user='generator' visible='true' version='1' changeset='1' lat='43.0412268182' lon='-95.3075739798' />
  <node id='544' timestamp='2026-09-02T12:00:00Z' uid='1' user='generator' visible='true' version='1' changeset='1' lat='43.0412491652' lon='-95.3081373433' />
  <node id='545' timestamp='2026-09-02T12:00:00Z' uid='1' user='generator' visible='true' version='1' changeset='1' lat='43.0412745183' lon='-95.3086939196' />
  <node id='546' timestamp='2026-09-02T12:00:00Z' uid='1' user='generator' visible='true' version='1' changeset='1' lat='43.0412951553' lon='-95.3092526392' />
  <node id='547' timestamp='2026-09-02T12:00:00Z' uid='1' user='generator' visible='true' version='1' changeset='1' lat='43.0413083493' lon='-95.3098266454' />
  <node id='548' timestamp='2026-09-02T12:00:00Z' uid='1' user='generator' visible='true' version='1' changeset='1' lat='43.0413176103' lon='-95.3104282194' />
  <node id='549' timestamp='2026-09-02T12:00:00Z' uid='1' user='generator' visible='true' version='1' changeset='1' lat='43.0413322803' lon='-95.3110633229' />
  <node id='550' timestamp='2026-09-02T12:00:00Z' uid='1' user='generator' visible='true' version='1' changeset='1' lat='43.0413656974' lon='-95.3117270411' />
  <node id='551' timestamp='2026-09-02T12:00:00Z' uid='1' user='generator' visible='true' version='1' changeset='1' lat='43.0414322254' lon='-95.3124016977' />
  <node id='552' timestamp='2026-09-02T12:00:00Z' uid='1' user='generator' visible='true' version='1' changeset='1' lat='43.0415439245' lon='-95.3130580128' />
  <node id='553' timestamp='2026-09-02T12:00:00Z' uid='1' user='generator' visible='true' version='1' changeset='1' lat='43.0417076167' lon='-95.3136597345' />
  <node id='554' timestamp='2026-09-02T12:00:00Z' uid='1' user='generator' visible='true' version='1' changeset='1' lat='43.0419231309' lon='-95.3141704386' />
  <node id='555' timestamp='2026-09-02T12:00:00Z' uid='1' user='generator' visible='true' version='1' changeset='1' lat='43.0421831322' lon='-95.3145610792' />
  <node id='556' timestamp='2026-09-02T12:00:00Z' uid='1' user='generator' visible='true' version='1' changeset='1' lat='43.0424746335' lon='-95.3148165421' />
  <node id='557' timestamp='2026-09-02T12:00:00Z' uid='1' user='generator' visible='true' version='1' changeset='1' lat='43.0427816868' lon='-95.3149392786' />
  <node id='558' timestamp='2026-09-02T12:00:00Z' uid='1' user='generator' visible='true' version='1' changeset='1' lat='43.0430887311' lon='-95.3149492808' />
  <node id='559' timestamp='2026-09-02T12:00:00Z' uid='1' user='generator' visible='true' version='1' changeset='1' lat='43.0433836704' lon='-95.3148801645' />
  <node id='560' timestamp='2026-09-02T12:00:00Z' uid='1' user='generator' visible='true' version='1' changeset='1' lat='43.0436599527' lon='-95.314772185' />
  <node id='561' timestamp='2026-09-02T12:00:00Z' uid='1' user='generator' visible='true' version='1' changeset='1' lat='43.0439172089' lon='-95.3146638605' />
  <node id='562' timestamp='2026-09-02T12:00:00Z' uid='1' user='generator' visible='true' version='1' changeset='1' lat='43.0441603622' lon='-95.3145840892' />
  <node id='563' timestamp='2026-09-02T12:00:00Z' uid='1' user='generator' visible='true' version='1' changeset='1' lat='43.0443974134' lon='-95.3145465809' />
  <node id='564' timestamp='2026-09-02T12:00:00Z' uid='1' user='generator' visible='true' version='1' changeset='1' lat='43.0446366606' lon='-95.3145478866' />
  <node id='565' timestamp='2026-09-02T12:00:00Z' uid='1' user='generator' visible='true' version='1' changeset='1' lat='43.0448840349' lon='-95.314569283' />
  <node id='566' timestamp='2026-09-02T12:00:00Z' uid='1' user='generator' visible='true' version='1' changeset='1' lat='43.0451412551' lon='-95.3145819582' />
  <node id='567' timestamp='2026-09-02T12:00:00Z' uid='1' user='generator' visible='true' version='1' changeset='1' lat='43.0454052524' lon='-95.3145541441' />
  <node id='568' timestamp='2026-09-02T12:00:00Z' uid='1' user='generator' visible='true' version='1' changeset='1' lat='43.0456690157' lon='-95.3144583225' />
  <node id='569' timestamp='2026-09-02T12:00:00Z' uid='1' user='generator' visible='true' version='1' changeset='1' lat='43.0459234459' lon='-95.3142768045' />
  <node id='570' timestamp='2026-09-02T12:00:00Z' uid='1' user='generator' visible='true' version='1' changeset='1' lat='43.0461598042' lon='-95.3140045029' />
  <node id='571' timestamp='2026-09-02T12:00:00Z' uid='1' user='generator' visible='true' version='1' changeset='1' lat='43.0463718534' lon='-95.3136482911' />
  <node id='572' timestamp='2026-09-02T12:00:00Z' uid='1' user='generator' visible='true' version='1' changeset='1' lat='43.0465572626' lon='-95.3132236529' />
  <node id='573' timestamp='2026-09-02T12:00:00Z' uid='1' user='generator' visible='true' version='1' changeset='1' lat='43.0467177417' lon='-95.3127495086' />
  <node id='574' timestamp='2026-09-02T12:00:00Z' uid='1' user='generator' visible='true' version='1' changeset='1' lat='43.0468578809' lon='-95.3122429557' />
  <node id='575' timestamp='2026-09-02T12:00:00Z' uid='1' user='generator' visible='true' version='1' changeset='1' lat='43.046983152' lon='-95.3117154375' />
  <node id='576' timestamp='2026-09-02T12:00:00Z' uid='1' user='generator' visible='true' version='1' changeset='1' lat='43.0470975061' lon='-95.3111711792' />
  <node id='577' timestamp='2026-09-02T12:00:00Z' uid='1' user='generator' visible='true' version='1' changeset='1' lat='43.0472014022' lon='-95.3106084316' />
  <node id='578' timestamp='2026-09-02T12:00:00Z' uid='1' user='generator' visible='true' version='1' changeset='1' lat='43.0472908083' lon='-95.3100228095' />
  <node id='579' timestamp='2026-09-02T12:00:00Z' uid='1' user='generator' visible='true' version='1' changeset='1' lat='43.0473575614' lon='-95.3094116891' />
  <node id='580' timestamp='2026-09-02T12:00:00Z' uid='1' user='generator' visible='true' version='1' changeset='1' lat='43.0473910414' lon='-95.3087780884' />
  <node id='581' timestamp='2026-09-02T12:00:00Z' uid='1' user='generator' visible='true' version='1' changeset='1' lat='43.0473807814' lon='-95.3081328103' />
  <node id='582' timestamp='2026-09-02T12:00:00Z' uid='1' user='generator' visible='true' version='1' changeset='1' lat='43.0473193203' lon='-95.3074939498' />
  <node id='583' timestamp='2026-09-02T12:00:00Z' uid='1' user='generator' visible='true' version='1' changeset='1' lat='43.0472045882' lon='-95.3068837656' />
  <node id='584' timestamp='2026-09-02T12:00:00Z' uid='1' user='generator' visible='true' version='1' changeset='1' lat='43.04704104' lon='-95.3063235431' />
  <node id='585' timestamp='2026-09-02T12:00:00Z' uid='1' user='generator' visible='true' version='1' changeset='1' lat='43.0468393408' lon='-95.3058280887' />
  <node id='586' timestamp='2026-09-02T12:00:00Z' uid='1' user='generator' visible='true' version='1' changeset='1' lat='43.0466144756' lon='-95.3054010978' />
  <node id='587' timestamp='2026-09-02T12:00:00Z' uid='1' user='generator' visible='true' version='1' changeset='1' lat='43.0463827794' lon='-95.3050331716' />
  <node id='588' timestamp='2026-09-02T12:00:00Z' uid='1' user='generator' visible='true' version='1' changeset='1' lat='43.0461585802' lon='-95.304703' />
  <node id='589' timestamp='2026-09-02T12:00:00Z' uid='1' user='generator' visible='true' version='1' changeset='1' lat='43.045951247' lon='-95.3043818206' />
  <node id='590' timestamp='2026-09-02T12:00:00Z' uid='1' user='generator' visible='true' version='1' changeset='1' lat='43.0457634438' lon='-95.3040402303' />
  <node id='591' timestamp='2026-09-02T12:00:00Z' uid='1' user='generator' visible='true' version='1' changeset='1' lat='43.0455908956' lon='-95.3036556748' />
  <node id='592' timestamp='2026-09-02T12:00:00Z' uid='1' user='generator' visible='true' version='1' changeset='1' lat='43.0454239184' lon='-95.3032189403' />
  <node id='593' timestamp='2026-09-02T12:00:00Z' uid='1' user='generator' visible='true' version='1' changeset='1' lat='43.0452500383' lon='-95.3027377378' />
  <node id='594' timestamp='2026-09-02T12:00:00Z' uid='1' user='generator' visible='true' version='1' changeset='1' lat='43.0450573751' lon='-95.3022366664' />
  <node id='595' timestamp='2026-09-02T12:00:00Z' uid='1' user='generator' visible='true' version='1' changeset='1' lat='43.0448376128' lon='-95.3017532344' />
  <node id='596' timestamp='2026-09-02T12:00:00Z' uid='1' user='generator' visible='true' version='1' changeset='1' lat='43.0445881326' lon='-95.301330838' />
  <node id='597' timestamp='2026-09-02T12:00:00Z' uid='1' user='generator' visible='true' version='1' changeset='1' lat='43.0443125703' lon='-95.3010103854' />
  <node id='598' timestamp='2026-09-02T12:00:00Z' uid='1' user='generator' visible='true' version='1' changeset='1' lat='43.04401989' lon='-95.3008224005' />
  <node id='599' timestamp='2026-09-02T12:00:00Z' uid='1' user='generator' visible='true' version='1' changeset='1' lat='43.049035397' lon='-95.3292227083' />
  <node id='600' timestamp='2026-09-02T12:00:00Z' uid='1' user='generator' visible='true' version='1' changeset='1' lat='43.0491421641' lon='-95.3290107526' />
  <node id='601' timestamp='2026-09-02T12:00:00Z' uid='1' user='generator' visible='true' version='1' changeset='1' lat='43.0491341091' lon='-95.3287297914' />
  <node id='602' timestamp='2026-09-02T12:00:00Z' uid='1' user='generator' visible='true' version='1' changeset='1' lat='43.048987715' lon='-95.3283651418' />
  <node id='603' timestamp='2026-09-02T12:00:00Z' uid='1' user='generator' visible='true' version='1' changeset='1' lat='43.0487562258' lon='-95.3278977108' />
  <node id='604' timestamp='2026-09-02T12:00:00Z' uid='1' user='generator' visible='true' version='1' changeset='1' lat='43.0485687196' lon='-95.3273322533' />
  <node id='605' timestamp='2026-09-02T12:00:00Z' uid='1' user='generator' visible='true' version='1' changeset='1' lat='43.0485305145' lon='-95.3267017074' />
  <node id='606' timestamp='2026-09-02T12:00:00Z' uid='1' user='generator' visible='true' version='1' changeset='1' lat='43.0486239346' lon='-95.3261086822' />
  <node id='607' timestamp='2026-09-02T12:00:00Z' uid='1' user='generator' visible='true' version='1' changeset='1' lat='43.0487307287' lon='-95.3256094585' />
  <node id='608' timestamp='2026-09-02T12:00:00Z' uid='1' user='generator' visible='true' version='1' changeset='1' lat='43.0487485487' lon='-95.3252684471' />
  <node id='609' timestamp='2026-09-02T12:00:00Z' uid='1' user='generator' visible='true' version='1' changeset='1' lat='43.0486269136' lon='-95.325000543' />
  <node id='610' timestamp='2026-09-02T12:00:00Z' uid='1' user='generator' visible='true' version='1' changeset='1' lat='43.0482107532' lon='-95.324684722' />
  <node id='611' timestamp='2026-09-02T12:00:00Z' uid='1' user='generator' visible='true' version='1' changeset='1' lat='43.0474702775' lon='-95.3243865895' />
  <node id='612' timestamp='2026-09-02T12:00:00Z' uid='1' user='generator' visible='true' version='1' changeset='1' lat='43.0473093573' lon='-95.3251307073' />
  <node id='613' timestamp='2026-09-02T12:00:00Z' uid='1' user='generator' visible='true' version='1' changeset='1' lat='43.047999496' lon='-95.3254048812' />
  <node id='614' timestamp='2026-09-02T12:00:00Z' uid='1' user='generator' visible='true' version='1' changeset='1' lat='43.0482547363' lon='-95.325586005' />
  <node id='615' timestamp='2026-09-02T12:00:00Z' uid='1' user='generator' visible='true' version='1' changeset='1' lat='43.0482027252' lon='-95.3254785675' />
  <node id='616' timestamp='2026-09-02T12:00:00Z' uid='1' user='generator' visible='true' version='1' changeset='1' lat='43.0481709282' lon='-95.3254861677' />
  <node id='617' timestamp='2026-09-02T12:00:00Z' uid='1' user='generator' visible='true' version='1' changeset='1' lat='43.0480745201' lon='-95.3259168787' />
  <node id='618' timestamp='2026-09-02T12:00:00Z' uid='1' user='generator' visible='true' version='1' changeset='1' lat='43.047965089' lon='-95.3266438868' />
  <node id='619' timestamp='2026-09-02T12:00:00Z' uid='1' user='generator' visible='true' version='1' changeset='1' lat='43.048020763' lon='-95.3275316816' />
  <node id='620' timestamp='2026-09-02T12:00:00Z' uid='1' user='generator' visible='true' version='1' changeset='1' lat='43.0482635473' lon='-95.3282818229' />
  <node id='621' timestamp='2026-09-02T12:00:00Z' uid='1' user='generator' visible='true' version='1' changeset='1' lat='43.0485011115' lon='-95.3287634688' />
  <node id='622' timestamp='2026-09-02T12:00:00Z' uid='1' user='generator' visible='true' version='1' changeset='1' lat='43.0485841006' lon='-95.3289183183' />
  <node id='623' timestamp='2026-09-02T12:00:00Z' uid='1' user='generator' visible='true' version='1' changeset='1' lat='43.0486071406' lon='-95.3287538608' />
  <node id='624' timestamp='2026-09-02T12:00:00Z' uid='1' user='generator' visible='true' version='1' changeset='1' lat='43.0485323685' lon='-95.328874959' />
  <node id='625' timestamp='2026-09-02T12:00:00Z' uid='1' user='generator' visible='true' version='1' changeset='1' lat='43.0482024822' lon='-95.3292227083' />
  <node id='626' timestamp='2026-09-02T12:00:00Z' uid='1' user='generator' visible='true' version='1' changeset='1' lat='43.0462657613' lon='-95.3195315626' />
  <node id='627' timestamp='2026-09-02T12:00:00Z' uid='1' user='generator' visible='true' version='1' changeset='1' lat='43.0465927136' lon='-95.3189727937' />
  <node id='628' timestamp='2026-09-02T12:00:00Z' uid='1' user='generator' visible='true' version='1' changeset='1' lat='43.0466958987' lon='-95.3185644399' />
  <node id='629' timestamp='2026-09-02T12:00:00Z' uid='1' user='generator' visible='true' version='1' changeset='1' lat='43.0466768367' lon='-95.3181716437' />
  <node id='630' timestamp='2026-09-02T12:00:00Z' uid='1' user='generator' visible='true' version='1' changeset='1' lat='43.0466100206' lon='-95.3176751669' />
  <node id='631' timestamp='2026-09-02T12:00:00Z' uid='1' user='generator' visible='true' version='1' changeset='1' lat='43.0466157536' lon='-95.3170595135' />
  <node id='632' timestamp='2026-09-02T12:00:00Z' uid='1' user='generator' visible='true' version='1' changeset='1' lat='43.0467887428' lon='-95.3163982712' />
  <node id='633' timestamp='2026-09-02T12:00:00Z' uid='1' user='generator' visible='true' version='1' changeset='1' lat='43.0471081531' lon='-95.3157453928' />
  <node id='634' timestamp='2026-09-02T12:00:00Z' uid='1' user='generator' visible='true' version='1' changeset='1' lat='43.0474806095' lon='-95.3151141448' />
  <node id='635' timestamp='2026-09-02T12:00:00Z' uid='1' user='generator' visible='true' version='1' changeset='1' lat='43.0477694108' lon='-95.3145612763' />
  <node id='636' timestamp='2026-09-02T12:00:00Z' uid='1' user='generator' visible='true' version='1' changeset='1' lat='43.0478541729' lon='-95.3142334328' />
  <node id='637' timestamp='2026-09-02T12:00:00Z' uid='1' user='generator' visible='true' version='1' changeset='1' lat='43.0477659638' lon='-95.3140522351' />
  <node id='638' timestamp='2026-09-02T12:00:00Z' uid='1' user='generator' visible='true' version='1' changeset='1' lat='43.0472718813' lon='-95.3137667163' />
  <node id='639' timestamp='2026-09-02T12:00:00Z' uid='1' user='generator' visible='true' version='1' changeset='1' lat='43.047043659' lon='-95.3144771197' />
  <node id='640' timestamp='2026-09-02T12:00:00Z' uid='1' user='generator' visible='true' version='1' changeset='1' lat='43.0474232524' lon='-95.314670463' />
  <node id='641' timestamp='2026-09-02T12:00:00Z' uid='1' user='generator' visible='true' version='1' changeset='1' lat='43.0472910963' lon='-95.3143245244' />
  <node id='642' timestamp='2026-09-02T12:00:00Z' uid='1' user='generator' visible='true' version='1' changeset='1' lat='43.0472633223' lon='-95.3142113467' />
  <node id='643' timestamp='2026-09-02T12:00:00Z' uid='1' user='generator' visible='true' version='1' changeset='1' lat='43.047028647' lon='-95.3146455437' />
  <node id='644' timestamp='2026-09-02T12:00:00Z' uid='1' user='generator' visible='true' version='1' changeset='1' lat='43.0466528157' lon='-95.3152829506' />
  <node id='645' timestamp='2026-09-02T12:00:00Z' uid='1' user='generator' visible='true' version='1' changeset='1' lat='43.0462863713' lon='-95.3160384749' />
  <node id='646' timestamp='2026-09-02T12:00:00Z' uid='1' user='generator' visible='true' version='1' changeset='1' lat='43.0460587071' lon='-95.3169147031' />
  <node id='647' timestamp='2026-09-02T12:00:00Z' uid='1' user='generator' visible='true' version='1' changeset='1' lat='43.046045225' lon='-95.3177435933' />
  <node id='648' timestamp='2026-09-02T12:00:00Z' uid='1' user='generator' visible='true' version='1' changeset='1' lat='43.0461135981' lon='-95.3182609368' />
  <node id='649' timestamp='2026-09-02T12:00:00Z' uid='1' user='generator' visible='true' version='1' changeset='1' lat='43.0461359181' lon='-95.3184426765' />
  <node id='650' timestamp='2026-09-02T12:00:00Z' uid='1' user='generator' visible='true' version='1' changeset='1' lat='43.0461026091' lon='-95.318582572' />
  <node id='651' timestamp='2026-09-02T12:00:00Z' uid='1' user='generator' visible='true' version='1' changeset='1' lat='43.0458212148' lon='-95.3190498551' />
  <node id='652' timestamp='2026-09-02T12:00:00Z' uid='1' user='generator' visible='true' version='1' changeset='1' lat='43.0417372177' lon='-95.3018108333' />
  <node id='653' timestamp='2026-09-02T12:00:00Z' uid='1' user='generator' visible='true' version='1' changeset='1' lat='43.0415128655' lon='-95.3012883286' />
  <node id='654' timestamp='2026-09-02T12:00:00Z' uid='1' user='generator' visible='true' version='1' changeset='1' lat='43.0414842275' lon='-95.3006553315' />
  <node id='655' timestamp='2026-09-02T12:00:00Z' uid='1' user='generator' visible='true' version='1' changeset='1' lat='43.0415248175' lon='-95.3001295995' />
  <node id='656' timestamp='2026-09-02T12:00:00Z' uid='1' user='generator' visible='true' version='1' changeset='1' lat='43.0415127845' lon='-95.299727614' />
  <node id='657' timestamp='2026-09-02T12:00:00Z' uid='1' user='generator' visible='true' version='1' changeset='1' lat='43.0414069444' lon='-95.2994013473' />
  <node id='658' timestamp='2026-09-02T12:00:00Z' uid='1' user='generator' visible='true' version='1' changeset='1' lat='43.0411784972' lon='-95.2990598432' />
  <node id='659' timestamp='2026-09-02T12:00:00Z' uid='1' user='generator' visible='true' version='1' changeset='1' lat='43.0408657019' lon='-95.2986590895' />
  <node id='660' timestamp='2026-09-02T12:00:00Z' uid='1' user='generator' visible='true' version='1' changeset='1' lat='43.0405909316' lon='-95.2981045211' />
  <node id='661' timestamp='2026-09-02T12:00:00Z' uid='1' user='generator' visible='true' version='1' changeset='1' lat='43.0405776566' lon='-95.2973537639' />
  <node id='662' timestamp='2026-09-02T12:00:00Z' uid='1' user='generator' visible='true' version='1' changeset='1' lat='43.0408978139' lon='-95.2965952587' />
  <node id='663' timestamp='2026-09-02T12:00:00Z' uid='1' user='generator' visible='true' version='1' changeset='1' lat='43.0414717265' lon='-95.2958028544' />
  <node id='664' timestamp='2026-09-02T12:00:00Z' uid='1' user='generator' visible='true' version='1' changeset='1' lat='43.0422079542' lon='-95.2949600326' />
  <node id='665' timestamp='2026-09-02T12:00:00Z' uid='1' user='generator' visible='true' version='1' changeset='1' lat='43.042961885' lon='-95.2941120864' />
  <node id='666' timestamp='2026-09-02T12:00:00Z' uid='1' user='generator' visible='true' version='1' changeset='1' lat='43.0426019026' lon='-95.2935125203' />
  <node id='667' timestamp='2026-09-02T12:00:00Z' uid='1' user='generator' visible='true' version='1' changeset='1' lat='43.0418461538' lon='-95.2943625236' />
  <node id='668' timestamp='2026-09-02T12:00:00Z' uid='1' user='generator' visible='true' version='1' changeset='1' lat='43.0410903961' lon='-95.2952285402' />
  <node id='669' timestamp='2026-09-02T12:00:00Z' uid='1' user='generator' visible='true' version='1' changeset='1' lat='43.0404568405' lon='-95.2961074415' />
  <node id='670' timestamp='2026-09-02T12:00:00Z' uid='1' user='generator' visible='true' version='1' changeset='1' lat='43.040036234' lon='-95.2971232819' />
  <node id='671' timestamp='2026-09-02T12:00:00Z' uid='1' user='generator' visible='true' version='1' changeset='1' lat='43.0400537391' lon='-95.2983528642' />
  <node id='672' timestamp='2026-09-02T12:00:00Z' uid='1' user='generator' visible='true' version='1' changeset='1' lat='43.0404409104' lon='-95.2991730948' />
  <node id='673' timestamp='2026-09-02T12:00:00Z' uid='1' user='generator' visible='true' version='1' changeset='1' lat='43.0407744868' lon='-95.2996043232' />
  <node id='674' timestamp='2026-09-02T12:00:00Z' uid='1' user='generator' visible='true' version='1' changeset='1' lat='43.0409329229' lon='-95.2998271557' />
  <node id='675' timestamp='2026-09-02T12:00:00Z' uid='1' user='generator' visible='true' version='1' changeset='1' lat='43.040960985' lon='-95.2999060894' />
  <node id='676' timestamp='2026-09-02T12:00:00Z' uid='1' user='generator' visible='true' version='1' changeset='1' lat='43.040958033' lon='-95.3001079814' />
  <node id='677' timestamp='2026-09-02T12:00:00Z' uid='1' user='generator' visible='true' version='1' changeset='1' lat='43.0409175239' lon='-95.300630055' />
  <node id='678' timestamp='2026-09-02T12:00:00Z' uid='1' user='generator' visible='true' version='1' changeset='1' lat='43.04097093' lon='-95.3015164948' />
  <node id='679' timestamp='2026-09-02T12:00:00Z' uid='1' user='generator' visible='true' version='1' changeset='1' lat='43.0412544573' lon='-95.3022178568' />
  <node id='680' timestamp='2026-09-02T12:00:00Z' uid='1' user='generator' visible='true' version='1' changeset='1' lat='43.0399141849' lon='-95.2898499123' />
  <node id='681' timestamp='2026-09-02T12:00:00Z' uid='1' user='generator' visible='true' version='1' changeset='1' lat='43.0396162576' lon='-95.2895136803' />
  <node id='682' timestamp='2026-09-02T12:00:00Z' uid='1' user='generator' visible='true' version='1' changeset='1' lat='43.0391732232' lon='-95.2892460103' />
  <node id='683' timestamp='2026-09-02T12:00:00Z' uid='1' user='generator' visible='true' version='1' changeset='1' lat='43.0386037656' lon='-95.2889977904' />
  <node id='684' timestamp='2026-09-02T12:00:00Z' uid='1' user='generator' visible='true' version='1' changeset='1' lat='43.038024003' lon='-95.2887155112' />
  <node id='685' timestamp='2026-09-02T12:00:00Z' uid='1' user='generator' visible='true' version='1' changeset='1' lat='43.0375508546' lon='-95.2882516278' />
  <node id='686' timestamp='2026-09-02T12:00:00Z' uid='1' user='generator' visible='true' version='1' changeset='1' lat='43.0374365184' lon='-95.2874463882' />
  <node id='687' timestamp='2026-09-02T12:00:00Z' uid='1' user='generator' visible='true' version='1' changeset='1' lat='43.0377704098' lon='-95.2866550062' />
  <node id='688' timestamp='2026-09-02T12:00:00Z' uid='1' user='generator' visible='true' version='1' changeset='1' lat='43.0383796204' lon='-95.2858257588' />
  <node id='689' timestamp='2026-09-02T12:00:00Z' uid='1' user='generator' visible='true' version='1' changeset='1' lat='43.0391457821' lon='-95.284930721' />
  <node id='690' timestamp='2026-09-02T12:00:00Z' uid='1' user='generator' visible='true' version='1' changeset='1' lat='43.0399108369' lon='-95.284026149' />
  <node id='691' timestamp='2026-09-02T12:00:00Z' uid='1' user='generator' visible='true' version='1' changeset='1' lat='43.0395401715' lon='-95.2834389009' />
  <node id='692' timestamp='2026-09-02T12:00:00Z' uid='1' user='generator' visible='true' version='1' changeset='1' lat='43.0387764218' lon='-95.2843419331' />
  <node id='693' timestamp='2026-09-02T12:00:00Z' uid='1' user='generator' visible='true' version='1' changeset='1' lat='43.037997255' lon='-95.285252738' />
  <node id='694' timestamp='2026-09-02T12:00:00Z' uid='1' user='generator' visible='true' version='1' changeset='1' lat='43.0373325953' lon='-95.2861618923' />
  <node id='695' timestamp='2026-09-02T12:00:00Z' uid='1' user='generator' visible='true' version='1' changeset='1' lat='43.0368873379' lon='-95.2872533529' />
  <node id='696' timestamp='2026-09-02T12:00:00Z' uid='1' user='generator' visible='true' version='1' changeset='1' lat='43.0370924211' lon='-95.2887082928' />
  <node id='697' timestamp='2026-09-02T12:00:00Z' uid='1' user='generator' visible='true' version='1' changeset='1' lat='43.0377768178' lon='-95.2894139169' />
  <node id='698' timestamp='2026-09-02T12:00:00Z' uid='1' user='generator' visible='true' version='1' changeset='1' lat='43.0384235044' lon='-95.2897335688' />
  <node id='699' timestamp='2026-09-02T12:00:00Z' uid='1' user='generator' visible='true' version='1' changeset='1' lat='43.038973333' lon='-95.2899722177' />
  <node id='700' timestamp='2026-09-02T12:00:00Z' uid='1' user='generator' visible='true' version='1' changeset='1' lat='43.0393269163' lon='-95.2901810693' />
  <node id='701' timestamp='2026-09-02T12:00:00Z' uid='1' user='generator' visible='true' version='1' changeset='1' lat='43.0395569566' lon='-95.2904525579' />
  <node id='702' timestamp='2026-09-02T12:00:00Z' uid='1' user='generator' visible='true' version='1' changeset='1' lat='43.0374714745' lon='-95.2792359887' />
  <node id='703' timestamp='2026-09-02T12:00:00Z' uid='1' user='generator' visible='true' version='1' changeset='1' lat='43.0367060417' lon='-95.2792180537' />
  <node id='704' timestamp='2026-09-02T12:00:00Z' uid='1' user='generator' visible='true' version='1' changeset='1' lat='43.0358702379' lon='-95.2792595407' />
  <node id='705' timestamp='2026-09-02T12:00:00Z' uid='1' user='generator' visible='true' version='1' changeset='1' lat='43.0350864361' lon='-95.2792614869' />
  <node id='706' timestamp='2026-09-02T12:00:00Z' uid='1' user='generator' visible='true' version='1' changeset='1' lat='43.0344485784' lon='-95.2790633027' />
  <node id='707' timestamp='2026-09-02T12:00:00Z' uid='1' user='generator' visible='true' version='1' changeset='1' lat='43.0341024831' lon='-95.2783628892' />
  <node id='708' timestamp='2026-09-02T12:00:00Z' uid='1' user='generator' visible='true' version='1' changeset='1' lat='43.0342813493' lon='-95.2775185645' />
  <node id='709' timestamp='2026-09-02T12:00:00Z' uid='1' user='generator' visible='true' version='1' changeset='1' lat='43.0347263457' lon='-95.2766028817' />
  <node id='710' timestamp='2026-09-02T12:00:00Z' uid='1' user='generator' visible='true' version='1' changeset='1' lat='43.0352955513' lon='-95.2756051734' />
  <node id='711' timestamp='2026-09-02T12:00:00Z' uid='1' user='generator' visible='true' version='1' changeset='1' lat='43.0358404928' lon='-95.2746065659' />
  <node id='712' timestamp='2026-09-02T12:00:00Z' uid='1' user='generator' visible='true' version='1' changeset='1' lat='43.0353862174' lon='-95.2741421774' />
  <node id='713' timestamp='2026-09-02T12:00:00Z' uid='1' user='generator' visible='true' version='1' changeset='1' lat='43.0348449748' lon='-95.275134084' />
  <node id='714' timestamp='2026-09-02T12:00:00Z' uid='1' user='generator' visible='true' version='1' changeset='1' lat='43.0342680113' lon='-95.2761460196' />
  <node id='715' timestamp='2026-09-02T12:00:00Z' uid='1' user='generator' visible='true' version='1' changeset='1' lat='43.0337779968' lon='-95.277161318' />
  <node id='716' timestamp='2026-09-02T12:00:00Z' uid='1' user='generator' visible='true' version='1' changeset='1' lat='43.0335366705' lon='-95.2784130481' />
  <node id='717' timestamp='2026-09-02T12:00:00Z' uid='1' user='generator' visible='true' version='1' changeset='1' lat='43.0341797752' lon='-95.2797465819' />
  <node id='718' timestamp='2026-09-02T12:00:00Z' uid='1' user='generator' visible='true' version='1' changeset='1' lat='43.035038286' lon='-95.2800347244' />
  <node id='719' timestamp='2026-09-02T12:00:00Z' uid='1' user='generator' visible='true' version='1' changeset='1' lat='43.0358819019' lon='-95.2800354142' />
  <node id='720' timestamp='2026-09-02T12:00:00Z' uid='1' user='generator' visible='true' version='1' changeset='1' lat='43.0367120987' lon='-95.2799940381' />
  <node id='721' timestamp='2026-09-02T12:00:00Z' uid='1' user='generator' visible='true' version='1' changeset='1' lat='43.0374618535' lon='-95.2800119115' />
  <node id='722' timestamp='2026-09-02T12:00:00Z' uid='1' user='generator' visible='true' version='1' changeset='1' lat='43.0330523441' lon='-95.2698274055' />
  <node id='723' timestamp='2026-09-02T12:00:00Z' uid='1' user='generator' visible='true' version='1' changeset='1' lat='43.0321300951' lon='-95.2703268632' />
  <node id='724' timestamp='2026-09-02T12:00:00Z' uid='1' user='generator' visible='true' version='1' changeset='1' lat='43.0312975583' lon='-95.2707497154' />
  <node id='725' timestamp='2026-09-02T12:00:00Z' uid='1' user='generator' visible='true' version='1' changeset='1' lat='43.0306208926' lon='-95.2709362468' />
  <node id='726' timestamp='2026-09-02T12:00:00Z' uid='1' user='generator' visible='true' version='1' changeset='1' lat='43.0300736201' lon='-95.2705993373' />
  <node id='727' timestamp='2026-09-02T12:00:00Z' uid='1' user='generator' visible='true' version='1' changeset='1' lat='43.029959023' lon='-95.2698094335' />
  <node id='728' timestamp='2026-09-02T12:00:00Z' uid='1' user='generator' visible='true' version='1' changeset='1' lat='43.0300800191' lon='-95.2689159601' />
  <node id='729' timestamp='2026-09-02T12:00:00Z' uid='1' user='generator' visible='true' version='1' changeset='1' lat='43.0302621433' lon='-95.2679481599' />
  <node id='730' timestamp='2026-09-02T12:00:00Z' uid='1' user='generator' visible='true' version='1' changeset='1' lat='43.0303963154' lon='-95.2670461131' />
  <node id='731' timestamp='2026-09-02T12:00:00Z' uid='1' user='generator' visible='true' version='1' changeset='1' lat='43.0304163764' lon='-95.2663482371' />
  <node id='732' timestamp='2026-09-02T12:00:00Z' uid='1' user='generator' visible='true' version='1' changeset='1' lat='43.0303237303' lon='-95.2659043581' />
  <node id='733' timestamp='2026-09-02T12:00:00Z' uid='1' user='generator' visible='true' version='1' changeset='1' lat='43.0301256851' lon='-95.2655711687' />
  <node id='734' timestamp='2026-09-02T12:00:00Z' uid='1' user='generator' visible='true' version='1' changeset='1' lat='43.0296788347' lon='-95.2660488728' />
  <node id='735' timestamp='2026-09-02T12:00:00Z' uid='1' user='generator' visible='true' version='1' changeset='1' lat='43.0298143658' lon='-95.2662452463' />
  <node id='736' timestamp='2026-09-02T12:00:00Z' uid='1' user='generator' visible='true' version='1' changeset='1' lat='43.0298521839' lon='-95.26642536' />
  <node id='737' timestamp='2026-09-02T12:00:00Z' uid='1' user='generator' visible='true' version='1' changeset='1' lat='43.0298338238' lon='-95.2669484314' />
  <node id='738' timestamp='2026-09-02T12:00:00Z' uid='1' user='generator' visible='true' version='1' changeset='1' lat='43.0297096237' lon='-95.2677738972' />
  <node id='739' timestamp='2026-09-02T12:00:00Z' uid='1' user='generator' visible='true' version='1' changeset='1' lat='43.0295269685' lon='-95.2687449124' />
  <node id='740' timestamp='2026-09-02T12:00:00Z' uid='1' user='generator' visible='true' version='1' changeset='1' lat='43.0293928414' lon='-95.2697676632' />
  <node id='741' timestamp='2026-09-02T12:00:00Z' uid='1' user='generator' visible='true' version='1' changeset='1' lat='43.0296138726' lon='-95.2710535141' />
  <node id='742' timestamp='2026-09-02T12:00:00Z' uid='1' user='generator' visible='true' version='1' changeset='1' lat='43.0306191286' lon='-95.2717122805' />
  <node id='743' timestamp='2026-09-02T12:00:00Z' uid='1' user='generator' visible='true' version='1' changeset='1' lat='43.0314620965' lon='-95.271492355' />
  <node id='744' timestamp='2026-09-02T12:00:00Z' uid='1' user='generator' visible='true' version='1' changeset='1' lat='43.0323335763' lon='-95.2710511983' />
  <node id='745' timestamp='2026-09-02T12:00:00Z' uid='1' user='generator' visible='true' version='1' changeset='1' lat='43.0332609643' lon='-95.2705489936' />
  <node id='746' timestamp='2026-09-02T12:00:00Z' uid='1' user='generator' visible='true' version='1' changeset='1' lat='43.0264209574' lon='-95.2637196631' />
  <node id='747' timestamp='2026-09-02T12:00:00Z' uid='1' user='generator' visible='true' version='1' changeset='1' lat='43.0257445257' lon='-95.2645713786' />
  <node id='748' timestamp='2026-09-02T12:00:00Z' uid='1' user='generator' visible='true' version='1' changeset='1' lat='43.0250830521' lon='-95.2650841028' />
  <node id='749' timestamp='2026-09-02T12:00:00Z' uid='1' user='generator' visible='true' version='1' changeset='1' lat='43.0244230184' lon='-95.2650580133' />
  <node id='750' timestamp='2026-09-02T12:00:00Z' uid='1' user='generator' visible='true' version='1' changeset='1' lat='43.024035964' lon='-95.2646076797' />
  <node id='751' timestamp='2026-09-02T12:00:00Z' uid='1' user='generator' visible='true' version='1' changeset='1' lat='43.024035964' lon='-95.2655802347' />
  <node id='752' timestamp='2026-09-02T12:00:00Z' uid='1' user='generator' visible='true' version='1' changeset='1' lat='43.0242110412' lon='-95.2657777661' />
  <node id='753' timestamp='2026-09-02T12:00:00Z' uid='1' user='generator' visible='true' version='1' changeset='1' lat='43.0252487602' lon='-95.265826262' />
  <node id='754' timestamp='2026-09-02T12:00:00Z' uid='1' user='generator' visible='true' version='1' changeset='1' lat='43.0260877951' lon='-95.2651890398' />
  <node id='755' timestamp='2026-09-02T12:00:00Z' uid='1' user='generator' visible='true' version='1' changeset='1' lat='43.0268054288' lon='-95.2642900479' />
  <node id='756' timestamp='2026-09-02T12:00:00Z' uid='1' user='generator' visible='true' version='1' changeset='1' lat='43.0476095976' lon='-95.3236224057' />
  <node id='757' timestamp='2026-09-02T12:00:00Z' uid='1' user='generator' visible='true' version='1' changeset='1' lat='43.0466778537' lon='-95.3233621511' />
  <node id='758' timestamp='2026-09-02T12:00:00Z' uid='1' user='generator' visible='true' version='1' changeset='1' lat='43.0457580168' lon='-95.323112219' />
  <node id='759' timestamp='2026-09-02T12:00:00Z' uid='1' user='generator' visible='true' version='1' changeset='1' lat='43.0450537841' lon='-95.3228391291' />
  <node id='760' timestamp='2026-09-02T12:00:00Z' uid='1' user='generator' visible='true' version='1' changeset='1' lat='43.0447478737' lon='-95.3225900346' />
  <node id='761' timestamp='2026-09-02T12:00:00Z' uid='1' user='generator' visible='true' version='1' changeset='1' lat='43.0447483957' lon='-95.3224739744' />
  <node id='762' timestamp='2026-09-02T12:00:00Z' uid='1' user='generator' visible='true' version='1' changeset='1' lat='43.044996121' lon='-95.3220342343' />
  <node id='763' timestamp='2026-09-02T12:00:00Z' uid='1' user='generator' visible='true' version='1' changeset='1' lat='43.0455185265' lon='-95.3214133088' />
  <node id='764' timestamp='2026-09-02T12:00:00Z' uid='1' user='generator' visible='true' version='1' changeset='1' lat='43.0461397971' lon='-95.3207349568' />
  <node id='765' timestamp='2026-09-02T12:00:00Z' uid='1' user='generator' visible='true' version='1' changeset='1' lat='43.0466834787' lon='-95.32007013' />
  <node id='766' timestamp='2026-09-02T12:00:00Z' uid='1' user='generator' visible='true' version='1' changeset='1' lat='43.0470613171' lon='-95.3206487555' />
  <node id='767' timestamp='2026-09-02T12:00:00Z' uid='1' user='generator' visible='true' version='1' changeset='1' lat='43.0465050715' lon='-95.3213284994' />
  <node id='768' timestamp='2026-09-02T12:00:00Z' uid='1' user='generator' visible='true' version='1' changeset='1' lat='43.0458812359' lon='-95.3220097954' />
  <node id='769' timestamp='2026-09-02T12:00:00Z' uid='1' user='generator' visible='true' version='1' changeset='1' lat='43.0454068724' lon='-95.3225691802' />
  <node id='770' timestamp='2026-09-02T12:00:00Z' uid='1' user='generator' visible='true' version='1' changeset='1' lat='43.0452837793' lon='-95.3227294743' />
  <node id='771' timestamp='2026-09-02T12:00:00Z' uid='1' user='generator' visible='true' version='1' changeset='1' lat='43.0452028962' lon='-95.3221270135' />
  <node id='772' timestamp='2026-09-02T12:00:00Z' uid='1' user='generator' visible='true' version='1' changeset='1' lat='43.0452720253' lon='-95.3221228869' />
  <node id='773' timestamp='2026-09-02T12:00:00Z' uid='1' user='generator' visible='true' version='1' changeset='1' lat='43.0458890749' lon='-95.3223571998' />
  <node id='774' timestamp='2026-09-02T12:00:00Z' uid='1' user='generator' visible='true' version='1' changeset='1' lat='43.0467898048' lon='-95.3226014041' />
  <node id='775' timestamp='2026-09-02T12:00:00Z' uid='1' user='generator' visible='true' version='1' changeset='1' lat='43.0477229707' lon='-95.3228620405' />
  <node id='776' action='delete' timestamp='2026-09-02T12:00:00Z' uid='1' user='generator' visible='true' version='1' changeset='1' lat='43.0464940645' lon='-95.3042264291' />
  <node id='777' action='delete' timestamp='2026-09-02T12:00:00Z' uid='1' user='generator' visible='true' version='1' changeset='1' lat='43.0467514018' lon='-95.3034856003' />
  <node id='778' action='delete' timestamp='2026-09-02T12:00:00Z' uid='1' user='generator' visible='true' version='1' changeset='1' lat='43.0465173115' lon='-95.3026800527' />
  <node id='779' action='delete' timestamp='2026-09-02T12:00:00Z' uid='1' user='generator' visible='true' version='1' changeset='1' lat='43.0459327159' lon='-95.3022979854' />
  <node id='780' action='delete' timestamp='2026-09-02T12:00:00Z' uid='1' user='generator' visible='true' version='1' changeset='1' lat='43.0461671752' lon='-95.3015914129' />
  <node id='781' action='delete' timestamp='2026-09-02T12:00:00Z' uid='1' user='generator' visible='true' version='1' changeset='1' lat='43.0468916669' lon='-95.3020972021' />
  <node id='782' action='delete' timestamp='2026-09-02T12:00:00Z' uid='1' user='generator' visible='true' version='1' changeset='1' lat='43.0473147393' lon='-95.3035736' />
  <node id='783' action='delete' timestamp='2026-09-02T12:00:00Z' uid='1' user='generator' visible='true' version='1' changeset='1' lat='43.046998353' lon='-95.3045811997' />
  <node id='784' timestamp='2026-09-02T12:00:00Z' uid='1' user='generator' visible='true' version='1' changeset='1' lat='43.0433433143' lon='-95.2947021184' />
  <node id='785' timestamp='2026-09-02T12:00:00Z' uid='1' user='generator' visible='true' version='1' changeset='1' lat='43.043965998' lon='-95.2938881206' />
  <node id='786' timestamp='2026-09-02T12:00:00Z' uid='1' user='generator' visible='true' version='1' changeset='1' lat='43.0443312363' lon='-95.293082881' />
  <node id='787' timestamp='2026-09-02T12:00:00Z' uid='1' user='generator' visible='true' version='1' changeset='1' lat='43.0442195372' lon='-95.2922374354' />
  <node id='788' timestamp='2026-09-02T12:00:00Z' uid='1' user='generator' visible='true' version='1' changeset='1' lat='43.0436830287' lon='-95.2917771612' />
  <node id='789' timestamp='2026-09-02T12:00:00Z' uid='1' user='generator' visible='true' version='1' changeset='1' lat='43.042979318' lon='-95.291536948' />
  <node id='790' timestamp='2026-09-02T12:00:00Z' uid='1' user='generator' visible='true' version='1' changeset='1' lat='43.0422195912' lon='-95.2913533729' />
  <node id='791' timestamp='2026-09-02T12:00:00Z' uid='1' user='generator' visible='true' version='1' changeset='1' lat='43.0415449595' lon='-95.2911514193' />
  <node id='792' timestamp='2026-09-02T12:00:00Z' uid='1' user='generator' visible='true' version='1' changeset='1' lat='43.0410691471' lon='-95.2909006619' />
  <node id='793' timestamp='2026-09-02T12:00:00Z' uid='1' user='generator' visible='true' version='1' changeset='1' lat='43.0408124398' lon='-95.2906158083' />
  <node id='794' timestamp='2026-09-02T12:00:00Z' uid='1' user='generator' visible='true' version='1' changeset='1' lat='43.0406747667' lon='-95.2902690937' />
  <node id='795' timestamp='2026-09-02T12:00:00Z' uid='1' user='generator' visible='true' version='1' changeset='1' lat='43.0405446445' lon='-95.2898039046' />
  <node id='796' timestamp='2026-09-02T12:00:00Z' uid='1' user='generator' visible='true' version='1' changeset='1' lat='43.0403424683' lon='-95.289340711' />
  <node id='797' timestamp='2026-09-02T12:00:00Z' uid='1' user='generator' visible='true' version='1' changeset='1' lat='43.0408284148' lon='-95.2889408689' />
  <node id='798' timestamp='2026-09-02T12:00:00Z' uid='1' user='generator' visible='true' version='1' changeset='1' lat='43.0410541801' lon='-95.2894634845' />
  <node id='799' timestamp='2026-09-02T12:00:00Z' uid='1' user='generator' visible='true' version='1' changeset='1' lat='43.0411875512' lon='-95.289937949' />
  <node id='800' timestamp='2026-09-02T12:00:00Z' uid='1' user='generator' visible='true' version='1' changeset='1' lat='43.0412395262' lon='-95.2901053875' />
  <node id='801' timestamp='2026-09-02T12:00:00Z' uid='1' user='generator' visible='true' version='1' changeset='1' lat='43.0413426573' lon='-95.2902208934' />
  <node id='802' timestamp='2026-09-02T12:00:00Z' uid='1' user='generator' visible='true' version='1' changeset='1' lat='43.0417042237' lon='-95.2904066241' />
  <node id='803' timestamp='2026-09-02T12:00:00Z' uid='1' user='generator' visible='true' version='1' changeset='1' lat='43.0423292833' lon='-95.2905920099' />
  <node id='804' timestamp='2026-09-02T12:00:00Z' uid='1' user='generator' visible='true' version='1' changeset='1' lat='43.0430953731' lon='-95.2907773465' />
  <node id='805' timestamp='2026-09-02T12:00:00Z' uid='1' user='generator' visible='true' version='1' changeset='1' lat='43.0438844849' lon='-95.2910517544' />
  <node id='806' timestamp='2026-09-02T12:00:00Z' uid='1' user='generator' visible='true' version='1' changeset='1' lat='43.0446656137' lon='-95.2917583886' />
  <node id='807' timestamp='2026-09-02T12:00:00Z' uid='1' user='generator' visible='true' version='1' changeset='1' lat='43.0448755569' lon='-95.2933001704' />
  <node id='808' timestamp='2026-09-02T12:00:00Z' uid='1' user='generator' visible='true' version='1' changeset='1' lat='43.0443953614' lon='-95.2943949569' />
  <node id='809' timestamp='2026-09-02T12:00:00Z' uid='1' user='generator' visible='true' version='1' changeset='1' lat='43.0437342747' lon='-95.2952641639' />
  <node id='810' timestamp='2026-09-02T12:00:00Z' uid='1' user='generator' visible='true' version='1' changeset='1' lat='43.0403049113' lon='-95.2846001799' />
  <node id='811' timestamp='2026-09-02T12:00:00Z' uid='1' user='generator' visible='true' version='1' changeset='1' lat='43.0409221679' lon='-95.2837345451' />
  <node id='812' timestamp='2026-09-02T12:00:00Z' uid='1' user='generator' visible='true' version='1' changeset='1' lat='43.0412822673' lon='-95.2829007277' />
  <node id='813' timestamp='2026-09-02T12:00:00Z' uid='1' user='generator' visible='true' version='1' changeset='1' lat='43.0412470592' lon='-95.2820733772' />
  <node id='814' timestamp='2026-09-02T12:00:00Z' uid='1' user='generator' visible='true' version='1' changeset='1' lat='43.0408396108' lon='-95.2815176632' />
  <node id='815' timestamp='2026-09-02T12:00:00Z' uid='1' user='generator' visible='true' version='1' changeset='1' lat='43.0403192123' lon='-95.2811922095' />
  <node id='816' timestamp='2026-09-02T12:00:00Z' uid='1' user='generator' visible='true' version='1' changeset='1' lat='43.0398206118' lon='-95.2809299594' />
  <node id='817' timestamp='2026-09-02T12:00:00Z' uid='1' user='generator' visible='true' version='1' changeset='1' lat='43.0394416754' lon='-95.280662585' />
  <node id='818' timestamp='2026-09-02T12:00:00Z' uid='1' user='generator' visible='true' version='1' changeset='1' lat='43.0392182682' lon='-95.2803706362' />
  <node id='819' timestamp='2026-09-02T12:00:00Z' uid='1' user='generator' visible='true' version='1' changeset='1' lat='43.0390780391' lon='-95.2799990392' />
  <node id='820' timestamp='2026-09-02T12:00:00Z' uid='1' user='generator' visible='true' version='1' changeset='1' lat='43.0389311049' lon='-95.2795135377' />
  <node id='821' timestamp='2026-09-02T12:00:00Z' uid='1' user='generator' visible='true' version='1' changeset='1' lat='43.0386513487' lon='-95.2789910453' />
  <node id='822' timestamp='2026-09-02T12:00:00Z' uid='1' user='generator' visible='true' version='1' changeset='1' lat='43.0381655012' lon='-95.2786181304' />
  <node id='823' timestamp='2026-09-02T12:00:00Z' uid='1' user='generator' visible='true' version='1' changeset='1' lat='43.0375283815' lon='-95.2784541778' />
  <node id='824' timestamp='2026-09-02T12:00:00Z' uid='1' user='generator' visible='true' version='1' changeset='1' lat='43.0376307836' lon='-95.2776909056' />
  <node id='825' timestamp='2026-09-02T12:00:00Z' uid='1' user='generator' visible='true' version='1' changeset='1' lat='43.0383439263' lon='-95.2778815266' />
  <node id='826' timestamp='2026-09-02T12:00:00Z' uid='1' user='generator' visible='true' version='1' changeset='1' lat='43.039021285' lon='-95.278402935' />
  <node id='827' timestamp='2026-09-02T12:00:00Z' uid='1' user='generator' visible='true' version='1' changeset='1' lat='43.0394274104' lon='-95.2791382823' />
  <node id='828' timestamp='2026-09-02T12:00:00Z' uid='1' user='generator' visible='true' version='1' changeset='1' lat='43.0395913366' lon='-95.2796693604' />
  <node id='829' timestamp='2026-09-02T12:00:00Z' uid='1' user='generator' visible='true' version='1' changeset='1' lat='43.0396679807' lon='-95.2798979947' />
  <node id='830' timestamp='2026-09-02T12:00:00Z' uid='1' user='generator' visible='true' version='1' changeset='1' lat='43.0397654868' lon='-95.2800255475' />
  <node id='831' timestamp='2026-09-02T12:00:00Z' uid='1' user='generator' visible='true' version='1' changeset='1' lat='43.0400520561' lon='-95.2802215268' />
  <node id='832' timestamp='2026-09-02T12:00:00Z' uid='1' user='generator' visible='true' version='1' changeset='1' lat='43.0405372915' lon='-95.2804758811' />
  <node id='833' timestamp='2026-09-02T12:00:00Z' uid='1' user='generator' visible='true' version='1' changeset='1' lat='43.0411467541' lon='-95.2808653515' />
  <node id='834' timestamp='2026-09-02T12:00:00Z' uid='1' user='generator' visible='true' version='1' changeset='1' lat='43.0417590338' lon='-95.2817398798' />
  <node id='835' timestamp='2026-09-02T12:00:00Z' uid='1' user='generator' visible='true' version='1' changeset='1' lat='43.0418226098' lon='-95.2831358659' />
  <node id='836' timestamp='2026-09-02T12:00:00Z' uid='1' user='generator' visible='true' version='1' changeset='1' lat='43.0413636364' lon='-95.2842215124' />
  <node id='837' timestamp='2026-09-02T12:00:00Z' uid='1' user='generator' visible='true' version='1' changeset='1' lat='43.0407100917' lon='-95.2851430339' />
  <node id='838' timestamp='2026-09-02T12:00:00Z' uid='1' user='generator' visible='true' version='1' changeset='1' lat='43.0363184833' lon='-95.2750445814' />
  <node id='839' timestamp='2026-09-02T12:00:00Z' uid='1' user='generator' visible='true' version='1' changeset='1' lat='43.0367252657' lon='-95.2741082906' />
  <node id='840' timestamp='2026-09-02T12:00:00Z' uid='1' user='generator' visible='true' version='1' changeset='1' lat='43.0369070479' lon='-95.2732529783' />
  <node id='841' timestamp='2026-09-02T12:00:00Z' uid='1' user='generator' visible='true' version='1' changeset='1' lat='43.0368043938' lon='-95.2725177295' />
  <node id='842' timestamp='2026-09-02T12:00:00Z' uid='1' user='generator' visible='true' version='1' changeset='1' lat='43.0364987085' lon='-95.2720082326' />
  <node id='843' timestamp='2026-09-02T12:00:00Z' uid='1' user='generator' visible='true' version='1' changeset='1' lat='43.0361840322' lon='-95.2716631933' />
  <node id='844' timestamp='2026-09-02T12:00:00Z' uid='1' user='generator' visible='true' version='1' changeset='1' lat='43.035963073' lon='-95.2713607618' />
  <node id='845' timestamp='2026-09-02T12:00:00Z' uid='1' user='generator' visible='true' version='1' changeset='1' lat='43.0358387018' lon='-95.2710032936' />
  <node id='846' timestamp='2026-09-02T12:00:00Z' uid='1' user='generator' visible='true' version='1' changeset='1' lat='43.0357839188' lon='-95.2705054865' />
  <node id='847' timestamp='2026-09-02T12:00:00Z' uid='1' user='generator' visible='true' version='1' changeset='1' lat='43.0357519148' lon='-95.2698762094' />
  <node id='848' timestamp='2026-09-02T12:00:00Z' uid='1' user='generator' visible='true' version='1' changeset='1' lat='43.0356135126' lon='-95.2691844308' />
  <node id='849' timestamp='2026-09-02T12:00:00Z' uid='1' user='generator' visible='true' version='1' changeset='1' lat='43.0352020232' lon='-95.268636046' />
  <node id='850' timestamp='2026-09-02T12:00:00Z' uid='1' user='generator' visible='true' version='1' changeset='1' lat='43.0345640306' lon='-95.2684909277' />
  <node id='851' timestamp='2026-09-02T12:00:00Z' uid='1' user='generator' visible='true' version='1' changeset='1' lat='43.0337653518' lon='-95.26867672' />
  <node id='852' timestamp='2026-09-02T12:00:00Z' uid='1' user='generator' visible='true' version='1' changeset='1' lat='43.0328561079' lon='-95.2690865643' />
  <node id='853' timestamp='2026-09-02T12:00:00Z' uid='1' user='generator' visible='true' version='1' changeset='1' lat='43.0326783847' lon='-95.2683496403' />
  <node id='854' timestamp='2026-09-02T12:00:00Z' uid='1' user='generator' visible='true' version='1' changeset='1' lat='43.0336234666' lon='-95.2679253716' />
  <node id='855' timestamp='2026-09-02T12:00:00Z' uid='1' user='generator' visible='true' version='1' changeset='1' lat='43.0345428445' lon='-95.267715436' />
  <node id='856' timestamp='2026-09-02T12:00:00Z' uid='1' user='generator' visible='true' version='1' changeset='1' lat='43.0354374724' lon='-95.267930077' />
  <node id='857' timestamp='2026-09-02T12:00:00Z' uid='1' user='generator' visible='true' version='1' changeset='1' lat='43.0361084951' lon='-95.2688059358' />
  <node id='858' timestamp='2026-09-02T12:00:00Z' uid='1' user='generator' visible='true' version='1' changeset='1' lat='43.0363119403' lon='-95.2697548771' />
  <node id='859' timestamp='2026-09-02T12:00:00Z' uid='1' user='generator' visible='true' version='1' changeset='1' lat='43.0363474633' lon='-95.2704199503' />
  <node id='860' timestamp='2026-09-02T12:00:00Z' uid='1' user='generator' visible='true' version='1' changeset='1' lat='43.0363814114' lon='-95.2707786011' />
  <node id='861' timestamp='2026-09-02T12:00:00Z' uid='1' user='generator' visible='true' version='1' changeset='1' lat='43.0364278244' lon='-95.2709162177' />
  <node id='862' timestamp='2026-09-02T12:00:00Z' uid='1' user='generator' visible='true' version='1' changeset='1' lat='43.0365636616' lon='-95.2710867727' />
  <node id='863' timestamp='2026-09-02T12:00:00Z' uid='1' user='generator' visible='true' version='1' changeset='1' lat='43.0368925489' lon='-95.2714499688' />
  <node id='864' timestamp='2026-09-02T12:00:00Z' uid='1' user='generator' visible='true' version='1' changeset='1' lat='43.0373166023' lon='-95.2721848973' />
  <node id='865' timestamp='2026-09-02T12:00:00Z' uid='1' user='generator' visible='true' version='1' changeset='1' lat='43.0374718885' lon='-95.2733206534' />
  <node id='866' timestamp='2026-09-02T12:00:00Z' uid='1' user='generator' visible='true' version='1' changeset='1' lat='43.0372398592' lon='-95.2744341386' />
  <node id='867' timestamp='2026-09-02T12:00:00Z' uid='1' user='generator' visible='true' version='1' changeset='1' lat='43.0368052488' lon='-95.2754425389' />
  <node id='868' timestamp='2026-09-02T12:00:00Z' uid='1' user='generator' visible='true' version='1' changeset='1' lat='43.0305441585' lon='-95.2650341287' />
  <node id='869' timestamp='2026-09-02T12:00:00Z' uid='1' user='generator' visible='true' version='1' changeset='1' lat='43.0302846703' lon='-95.264719059' />
  <node id='870' timestamp='2026-09-02T12:00:00Z' uid='1' user='generator' visible='true' version='1' changeset='1' lat='43.0300757441' lon='-95.2643956624' />
  <node id='871' timestamp='2026-09-02T12:00:00Z' uid='1' user='generator' visible='true' version='1' changeset='1' lat='43.0299245169' lon='-95.2639319515' />
  <node id='872' timestamp='2026-09-02T12:00:00Z' uid='1' user='generator' visible='true' version='1' changeset='1' lat='43.0298175788' lon='-95.2632303431' />
  <node id='873' timestamp='2026-09-02T12:00:00Z' uid='1' user='generator' visible='true' version='1' changeset='1' lat='43.0297286137' lon='-95.2623441742' />
  <node id='874' timestamp='2026-09-02T12:00:00Z' uid='1' user='generator' visible='true' version='1' changeset='1' lat='43.0295949546' lon='-95.2614204724' />
  <node id='875' timestamp='2026-09-02T12:00:00Z' uid='1' user='generator' visible='true' version='1' changeset='1' lat='43.0293176913' lon='-95.2606218475' />
  <node id='876' timestamp='2026-09-02T12:00:00Z' uid='1' user='generator' visible='true' version='1' changeset='1' lat='43.0287561088' lon='-95.2602117938' />
  <node id='877' timestamp='2026-09-02T12:00:00Z' uid='1' user='generator' visible='true' version='1' changeset='1' lat='43.0280968041' lon='-95.2604680943' />
  <node id='878' timestamp='2026-09-02T12:00:00Z' uid='1' user='generator' visible='true' version='1' changeset='1' lat='43.0274246114' lon='-95.2611728684' />
  <node id='879' timestamp='2026-09-02T12:00:00Z' uid='1' user='generator' visible='true' version='1' changeset='1' lat='43.0267193707' lon='-95.2621425533' />
  <node id='880' timestamp='2026-09-02T12:00:00Z' uid='1' user='generator' visible='true' version='1' changeset='1' lat='43.026016497' lon='-95.2631590096' />
  <node id='881' timestamp='2026-09-02T12:00:00Z' uid='1' user='generator' visible='true' version='1' changeset='1' lat='43.0256046746' lon='-95.2626255911' />
  <node id='882' timestamp='2026-09-02T12:00:00Z' uid='1' user='generator' visible='true' version='1' changeset='1' lat='43.0263123183' lon='-95.261602323' />
  <node id='883' timestamp='2026-09-02T12:00:00Z' uid='1' user='generator' visible='true' version='1' changeset='1' lat='43.027046674' lon='-95.2605943784' />
  <node id='884' timestamp='2026-09-02T12:00:00Z' uid='1' user='generator' visible='true' version='1' changeset='1' lat='43.0278197208' lon='-95.259791048' />
  <node id='885' timestamp='2026-09-02T12:00:00Z' uid='1' user='generator' visible='true' version='1' changeset='1' lat='43.0287875458' lon='-95.2594369549' />
  <node id='886' timestamp='2026-09-02T12:00:00Z' uid='1' user='generator' visible='true' version='1' changeset='1' lat='43.0297493587' lon='-95.2601186944' />
  <node id='887' timestamp='2026-09-02T12:00:00Z' uid='1' user='generator' visible='true' version='1' changeset='1' lat='43.0301366381' lon='-95.2611911606' />
  <node id='888' timestamp='2026-09-02T12:00:00Z' uid='1' user='generator' visible='true' version='1' changeset='1' lat='43.0302879283' lon='-95.2622168308' />
  <node id='889' timestamp='2026-09-02T12:00:00Z' uid='1' user='generator' visible='true' version='1' changeset='1' lat='43.0303764614' lon='-95.2630994767' />
  <node id='890' timestamp='2026-09-02T12:00:00Z' uid='1' user='generator' visible='true' version='1' changeset='1' lat='43.0304658585' lon='-95.2637011615' />
  <node id='891' timestamp='2026-09-02T12:00:00Z' uid='1' user='generator' visible='true' version='1' changeset='1' lat='43.0305572716' lon='-95.2639859166' />
  <node id='892' timestamp='2026-09-02T12:00:00Z' uid='1' user='generator' visible='true' version='1' changeset='1' lat='43.0306886627' lon='-95.2641745421' />
  <node id='893' timestamp='2026-09-02T12:00:00Z' uid='1' user='generator' visible='true' version='1' changeset='1' lat='43.0309211959' lon='-95.2644545301' />
  <node id='894' timestamp='2026-09-02T12:00:00Z' uid='1' user='generator' visible='true' version='1' changeset='1' lat='43.0816810217' lon='-95.292564355' />
  <node id='895' timestamp='2026-09-02T12:00:00Z' uid='1' user='generator' visible='true' version='1' changeset='1' lat='43.0816810217' lon='-95.2840895744' />
  <node id='896' timestamp='2026-09-02T12:00:00Z' uid='1' user='generator' visible='true' version='1' changeset='1' lat='43.0814650215' lon='-95.2840895744' />
  <node id='897' timestamp='2026-09-02T12:00:00Z' uid='1' user='generator' visible='true' version='1' changeset='1' lat='43.0814650215' lon='-95.292564355' />
  <node id='898' timestamp='2026-09-02T12:00:00Z' uid='1' user='generator' visible='true' version='1' changeset='1' lat='43.0814650215' lon='-95.2928599869' />
  <node id='899' timestamp='2026-09-02T12:00:00Z' uid='1' user='generator' visible='true' version='1' changeset='1' lat='43.076983017' lon='-95.292564355' />
  <node id='900' timestamp='2026-09-02T12:00:00Z' uid='1' user='generator' visible='true' version='1' changeset='1' lat='43.076983017' lon='-95.2928599869' />
  <node id='901' timestamp='2026-09-02T12:00:00Z' uid='1' user='generator' visible='true' version='1' changeset='1' lat='43.0814650215' lon='-95.2837939425' />
  <node id='902' timestamp='2026-09-02T12:00:00Z' uid='1' user='generator' visible='true' version='1' changeset='1' lat='43.076983017' lon='-95.2837939425' />
  <node id='903' timestamp='2026-09-02T12:00:00Z' uid='1' user='generator' visible='true' version='1' changeset='1' lat='43.076983017' lon='-95.2840895744' />
  <node id='904' timestamp='2026-09-02T12:00:00Z' uid='1' user='generator' visible='true' version='1' changeset='1' lat='43.0855060255' lon='-95.2564726294' />
  <node id='905' timestamp='2026-09-02T12:00:00Z' uid='1' user='generator' visible='true' version='1' changeset='1' lat='43.0855060255' lon='-95.2487369285' />
  <node id='906' timestamp='2026-09-02T12:00:00Z' uid='1' user='generator' visible='true' version='1' changeset='1' lat='43.0852900253' lon='-95.2487369285' />
  <node id='907' timestamp='2026-09-02T12:00:00Z' uid='1' user='generator' visible='true' version='1' changeset='1' lat='43.0852900253' lon='-95.2564726294' />
  <node id='908' timestamp='2026-09-02T12:00:00Z' uid='1' user='generator' visible='true' version='1' changeset='1' lat='43.0810780211' lon='-95.2564726294' />
  <node id='909' timestamp='2026-09-02T12:00:00Z' uid='1' user='generator' visible='true' version='1' changeset='1' lat='43.0810780211' lon='-95.2487369285' />
  <node id='910' timestamp='2026-09-02T12:00:00Z' uid='1' user='generator' visible='true' version='1' changeset='1' lat='43.0808620209' lon='-95.2487369285' />
  <node id='911' timestamp='2026-09-02T12:00:00Z' uid='1' user='generator' visible='true' version='1' changeset='1' lat='43.0808620209' lon='-95.2564726294' />
  <node id='912' timestamp='2026-09-02T12:00:00Z' uid='1' user='generator' visible='true' version='1' changeset='1' lat='43.0852900253' lon='-95.2484412966' />
  <node id='913' timestamp='2026-09-02T12:00:00Z' uid='1' user='generator' visible='true' version='1' changeset='1' lat='43.0810780211' lon='-95.2484412966' />
  <node id='914' timestamp='2026-09-02T12:00:00Z' uid='1' user='generator' visible='true' version='1' changeset='1' lat='43.0800880201' lon='-95.3137513065' />
  <node id='915' timestamp='2026-09-02T12:00:00Z' uid='1' user='generator' visible='true' version='1' changeset='1' lat='43.0800880201' lon='-95.3062619655' />
  <node id='916' timestamp='2026-09-02T12:00:00Z' uid='1' user='generator' visible='true' version='1' changeset='1' lat='43.0798720199' lon='-95.3062619655' />
  <node id='917' timestamp='2026-09-02T12:00:00Z' uid='1' user='generator' visible='true' version='1' changeset='1' lat='43.0798720199' lon='-95.3137513065' />
  <node id='918' timestamp='2026-09-02T12:00:00Z' uid='1' user='generator' visible='true' version='1' changeset='1' lat='43.0841200241' lon='-95.3140469384' />
  <node id='919' timestamp='2026-09-02T12:00:00Z' uid='1' user='generator' visible='true' version='1' changeset='1' lat='43.0841200241' lon='-95.3137513065' />
  <node id='920' timestamp='2026-09-02T12:00:00Z' uid='1' user='generator' visible='true' version='1' changeset='1' lat='43.0800880201' lon='-95.3140469384' />
  <node id='921' timestamp='2026-09-02T12:00:00Z' uid='1' user='generator' visible='true' version='1' changeset='1' lat='43.0841200241' lon='-95.3062619655' />
  <node id='922' timestamp='2026-09-02T12:00:00Z' uid='1' user='generator' visible='true' version='1' changeset='1' lat='43.0841200241' lon='-95.3059663336' />
  <node id='923' timestamp='2026-09-02T12:00:00Z' uid='1' user='generator' visible='true' version='1' changeset='1' lat='43.0800880201' lon='-95.3059663336' />
  <node id='924' timestamp='2026-09-02T12:00:00Z' uid='1' user='generator' visible='true' version='1' changeset='1' lat='43.0655080055' lon='-95.2540090304' />
  <node id='925' timestamp='2026-09-02T12:00:00Z' uid='1' user='generator' visible='true' version='1' changeset='1' lat='43.0655080055' lon='-95.2467660493' />
  <node id='926' timestamp='2026-09-02T12:00:00Z' uid='1' user='generator' visible='true' version='1' changeset='1' lat='43.0652920053' lon='-95.2467660493' />
  <node id='927' timestamp='2026-09-02T12:00:00Z' uid='1' user='generator' visible='true' version='1' changeset='1' lat='43.0652920053' lon='-95.2540090304' />
  <node id='928' timestamp='2026-09-02T12:00:00Z' uid='1' user='generator' visible='true' version='1' changeset='1' lat='43.0695400095' lon='-95.2543046623' />
  <node id='929' timestamp='2026-09-02T12:00:00Z' uid='1' user='generator' visible='true' version='1' changeset='1' lat='43.0695400095' lon='-95.2540090304' />
  <node id='930' timestamp='2026-09-02T12:00:00Z' uid='1' user='generator' visible='true' version='1' changeset='1' lat='43.0655080055' lon='-95.2543046623' />
  <node id='931' timestamp='2026-09-02T12:00:00Z' uid='1' user='generator' visible='true' version='1' changeset='1' lat='43.0695400095' lon='-95.2467660493' />
  <node id='932' timestamp='2026-09-02T12:00:00Z' uid='1' user='generator' visible='true' version='1' changeset='1' lat='43.0695400095' lon='-95.2464704174' />
  <node id='933' timestamp='2026-09-02T12:00:00Z' uid='1' user='generator' visible='true' version='1' changeset='1' lat='43.0655080055' lon='-95.2464704174' />
  <node id='934' timestamp='2026-09-02T12:00:00Z' uid='1' user='generator' visible='true' version='1' changeset='1' lat='43.0514679915' lon='-95.3128890468' />
  <node id='935' timestamp='2026-09-02T12:00:00Z' uid='1' user='generator' visible='true' version='1' changeset='1' lat='43.0514679915' lon='-95.3056460657' />
  <node id='936' timestamp='2026-09-02T12:00:00Z' uid='1' user='generator' visible='true' version='1' changeset='1' lat='43.0512519913' lon='-95.3056460657' />
  <node id='937' timestamp='2026-09-02T12:00:00Z' uid='1' user='generator' visible='true' version='1' changeset='1' lat='43.0512519913' lon='-95.3128890468' />
  <node id='938' timestamp='2026-09-02T12:00:00Z' uid='1' user='generator' visible='true' version='1' changeset='1' lat='43.0554999955' lon='-95.3131846787' />
  <node id='939' timestamp='2026-09-02T12:00:00Z' uid='1' user='generator' visible='true' version='1' changeset='1' lat='43.0554999955' lon='-95.3128890468' />
  <node id='940' timestamp='2026-09-02T12:00:00Z' uid='1' user='generator' visible='true' version='1' changeset='1' lat='43.0514679915' lon='-95.3131846787' />
  <node id='941' timestamp='2026-09-02T12:00:00Z' uid='1' user='generator' visible='true' version='1' changeset='1' lat='43.0554999955' lon='-95.3056460657' />
  <node id='942' timestamp='2026-09-02T12:00:00Z' uid='1' user='generator' visible='true' version='1' changeset='1' lat='43.0554999955' lon='-95.3053504339' />
  <node id='943' timestamp='2026-09-02T12:00:00Z' uid='1' user='generator' visible='true' version='1' changeset='1' lat='43.0514679915' lon='-95.3053504339' />
  <node id='944' timestamp='2026-09-02T12:00:00Z' uid='1' user='generator' visible='true' version='1' changeset='1' lat='43.0512609913' lon='-95.2723628431' />
  <node id='945' timestamp='2026-09-02T12:00:00Z' uid='1' user='generator' visible='true' version='1' changeset='1' lat='43.0512609913' lon='-95.2648735021' />
  <node id='946' timestamp='2026-09-02T12:00:00Z' uid='1' user='generator' visible='true' version='1' changeset='1' lat='43.051044991' lon='-95.2648735021' />
  <node id='947' timestamp='2026-09-02T12:00:00Z' uid='1' user='generator' visible='true' version='1' changeset='1' lat='43.051044991' lon='-95.2723628431' />
  <node id='948' timestamp='2026-09-02T12:00:00Z' uid='1' user='generator' visible='true' version='1' changeset='1' lat='43.051044991' lon='-95.2726584749' />
  <node id='949' timestamp='2026-09-02T12:00:00Z' uid='1' user='generator' visible='true' version='1' changeset='1' lat='43.0469229869' lon='-95.2723628431' />
  <node id='950' timestamp='2026-09-02T12:00:00Z' uid='1' user='generator' visible='true' version='1' changeset='1' lat='43.0469229869' lon='-95.2726584749' />
  <node id='951' timestamp='2026-09-02T12:00:00Z' uid='1' user='generator' visible='true' version='1' changeset='1' lat='43.051044991' lon='-95.2645778702' />
  <node id='952' timestamp='2026-09-02T12:00:00Z' uid='1' user='generator' visible='true' version='1' changeset='1' lat='43.0469229869' lon='-95.2645778702' />
  <node id='953' timestamp='2026-09-02T12:00:00Z' uid='1' user='generator' visible='true' version='1' changeset='1' lat='43.0469229869' lon='-95.2648735021' />
  <node id='954' timestamp='2026-09-02T12:00:00Z' uid='1' user='generator' visible='true' version='1' changeset='1' lat='43.0404429804' lon='-95.2504368118' />
  <node id='955' timestamp='2026-09-02T12:00:00Z' uid='1' user='generator' visible='true' version='1' changeset='1' lat='43.0404429804' lon='-95.242454751' />
  <node id='956' timestamp='2026-09-02T12:00:00Z' uid='1' user='generator' visible='true' version='1' changeset='1' lat='43.0402269802' lon='-95.242454751' />
  <node id='957' timestamp='2026-09-02T12:00:00Z' uid='1' user='generator' visible='true' version='1' changeset='1' lat='43.0402269802' lon='-95.2504368118' />
  <node id='958' timestamp='2026-09-02T12:00:00Z' uid='1' user='generator' visible='true' version='1' changeset='1' lat='43.0447449847' lon='-95.2507324437' />
  <node id='959' timestamp='2026-09-02T12:00:00Z' uid='1' user='generator' visible='true' version='1' changeset='1' lat='43.0447449847' lon='-95.2504368118' />
  <node id='960' timestamp='2026-09-02T12:00:00Z' uid='1' user='generator' visible='true' version='1' changeset='1' lat='43.0404429804' lon='-95.2507324437' />
  <node id='961' timestamp='2026-09-02T12:00:00Z' uid='1' user='generator' visible='true' version='1' changeset='1' lat='43.0447449847' lon='-95.242454751' />
  <node id='962' timestamp='2026-09-02T12:00:00Z' uid='1' user='generator' visible='true' version='1' changeset='1' lat='43.0447449847' lon='-95.2421591191' />
  <node id='963' timestamp='2026-09-02T12:00:00Z' uid='1' user='generator' visible='true' version='1' changeset='1' lat='43.0404429804' lon='-95.2421591191' />
  <node id='964' timestamp='2026-09-02T12:00:00Z' uid='1' user='generator' visible='true' version='1' changeset='1' lat='43.0618720019' lon='-95.3222345619' />
  <node id='965' timestamp='2026-09-02T12:00:00Z' uid='1' user='generator' visible='true' version='1' changeset='1' lat='43.0618720019' lon='-95.3170610039' />
  <node id='966' timestamp='2026-09-02T12:00:00Z' uid='1' user='generator' visible='true' version='1' changeset='1' lat='43.0616560017' lon='-95.3170610039' />
  <node id='967' timestamp='2026-09-02T12:00:00Z' uid='1' user='generator' visible='true' version='1' changeset='1' lat='43.0616560017' lon='-95.3222345619' />
  <node id='968' timestamp='2026-09-02T12:00:00Z' uid='1' user='generator' visible='true' version='1' changeset='1' lat='43.0616560017' lon='-95.3229490056' />
  <node id='969' timestamp='2026-09-02T12:00:00Z' uid='1' user='generator' visible='true' version='1' changeset='1' lat='43.0616560017' lon='-95.3226533737' />
  <node id='970' timestamp='2026-09-02T12:00:00Z' uid='1' user='generator' visible='true' version='1' changeset='1' lat='43.0586499987' lon='-95.3226533737' />
  <node id='971' timestamp='2026-09-02T12:00:00Z' uid='1' user='generator' visible='true' version='1' changeset='1' lat='43.0586499987' lon='-95.3229490056' />
  <node id='972' timestamp='2026-09-02T12:00:00Z' uid='1' user='generator' visible='true' version='1' changeset='1' lat='43.0620520021' lon='-95.2832026787' />
  <node id='973' timestamp='2026-09-02T12:00:00Z' uid='1' user='generator' visible='true' version='1' changeset='1' lat='43.0620520021' lon='-95.2767973213' />
  <node id='974' timestamp='2026-09-02T12:00:00Z' uid='1' user='generator' visible='true' version='1' changeset='1' lat='43.0618360018' lon='-95.2767973213' />
  <node id='975' timestamp='2026-09-02T12:00:00Z' uid='1' user='generator' visible='true' version='1' changeset='1' lat='43.0618360018' lon='-95.2832026787' />
  <node id='976' timestamp='2026-09-02T12:00:00Z' uid='1' user='generator' visible='true' version='1' changeset='1' lat='43.0618360018' lon='-95.2839171224' />
  <node id='977' timestamp='2026-09-02T12:00:00Z' uid='1' user='generator' visible='true' version='1' changeset='1' lat='43.0618360018' lon='-95.2836214906' />
  <node id='978' timestamp='2026-09-02T12:00:00Z' uid='1' user='generator' visible='true' version='1' changeset='1' lat='43.0584699985' lon='-95.2836214906' />
  <node id='979' timestamp='2026-09-02T12:00:00Z' uid='1' user='generator' visible='true' version='1' changeset='1' lat='43.0584699985' lon='-95.2839171224' />
  <node id='980' timestamp='2026-09-02T12:00:00Z' uid='1' user='generator' visible='true' version='1' changeset='1' lat='43.0618270018' lon='-95.2428158161' />
  <node id='981' timestamp='2026-09-02T12:00:00Z' uid='1' user='generator' visible='true' version='1' changeset='1' lat='43.0618270018' lon='-95.2378886181' />
  <node id='982' timestamp='2026-09-02T12:00:00Z' uid='1' user='generator' visible='true' version='1' changeset='1' lat='43.0616110016' lon='-95.2378886181' />
  <node id='983' timestamp='2026-09-02T12:00:00Z' uid='1' user='generator' visible='true' version='1' changeset='1' lat='43.0616110016' lon='-95.2428158161' />
  <node id='984' timestamp='2026-09-02T12:00:00Z' uid='1' user='generator' visible='true' version='1' changeset='1' lat='43.0616110016' lon='-95.2435302598' />
  <node id='985' timestamp='2026-09-02T12:00:00Z' uid='1' user='generator' visible='true' version='1' changeset='1' lat='43.0616110016' lon='-95.2432346279' />
  <node id='986' timestamp='2026-09-02T12:00:00Z' uid='1' user='generator' visible='true' version='1' changeset='1' lat='43.0586949987' lon='-95.2432346279' />
  <node id='987' timestamp='2026-09-02T12:00:00Z' uid='1' user='generator' visible='true' version='1' changeset='1' lat='43.0586949987' lon='-95.2435302598' />
  <node id='988' timestamp='2026-09-02T12:00:00Z' uid='1' user='generator' visible='true' version='1' changeset='1' lat='43.0895442215' lon='-95.3273328076' />
  <node id='989' timestamp='2026-09-02T12:00:00Z' uid='1' user='generator' visible='true' version='1' changeset='1' lat='43.0895442215' lon='-95.3217101356' />
  <node id='990' timestamp='2026-09-02T12:00:00Z' uid='1' user='generator' visible='true' version='1' changeset='1' lat='43.0893282213' lon='-95.3217101356' />
  <node id='991' timestamp='2026-09-02T12:00:00Z' uid='1' user='generator' visible='true' version='1' changeset='1' lat='43.0893282213' lon='-95.3273328076' />
  <node id='992' timestamp='2026-09-02T12:00:00Z' uid='1' user='generator' visible='true' version='1' changeset='1' lat='43.0950972001' lon='-95.3204361346' />
  <node id='993' timestamp='2026-09-02T12:00:00Z' uid='1' user='generator' visible='true' version='1' changeset='1' lat='43.0950972001' lon='-95.3201405027' />
  <node id='994' timestamp='2026-09-02T12:00:00Z' uid='1' user='generator' visible='true' version='1' changeset='1' lat='43.0906352566' lon='-95.3201405027' />
  <node id='995' timestamp='2026-09-02T12:00:00Z' uid='1' user='generator' visible='true' version='1' changeset='1' lat='43.0906352566' lon='-95.3204361346' />
  <node id='996' timestamp='2026-09-02T12:00:00Z' uid='1' user='generator' visible='true' version='1' changeset='1' lat='43.0854763255' lon='-95.3204361346' />
  <node id='997' timestamp='2026-09-02T12:00:00Z' uid='1' user='generator' visible='true' version='1' changeset='1' lat='43.0854763255' lon='-95.3201405027' />
  <node id='998' timestamp='2026-09-02T12:00:00Z' uid='1' user='generator' visible='true' version='1' changeset='1' lat='43.0790718741' lon='-95.3201405027' />
  <node id='999' timestamp='2026-09-02T12:00:00Z' uid='1' user='generator' visible='true' version='1' changeset='1' lat='43.0790718741' lon='-95.3204361346' />
  <node id='1000' timestamp='2026-09-02T12:00:00Z' uid='1' user='generator' visible='true' version='1' changeset='1' lat='43.0861630262' lon='-95.3234082204' />
  <node id='1001' timestamp='2026-09-02T12:00:00Z' uid='1' user='generator' visible='true' version='1' changeset='1' lat='43.0861630262' lon='-95.3231125886' />
  <node id='1002' timestamp='2026-09-02T12:00:00Z' uid='1' user='generator' visible='true' version='1' changeset='1' lat='43.0772893053' lon='-95.3231125886' />
  <node id='1003' timestamp='2026-09-02T12:00:00Z' uid='1' user='generator' visible='true' version='1' changeset='1' lat='43.0772893053' lon='-95.3234082204' />
  <node id='1004' timestamp='2026-09-02T12:00:00Z' uid='1' user='generator' visible='true' version='1' changeset='1' lat='43.0606120006' lon='-95.328201645' />
  <node id='1005' timestamp='2026-09-02T12:00:00Z' uid='1' user='generator' visible='true' version='1' changeset='1' lat='43.0606120006' lon='-95.3225614938' />
  <node id='1006' timestamp='2026-09-02T12:00:00Z' uid='1' user='generator' visible='true' version='1' changeset='1' lat='43.0603960004' lon='-95.3225614938' />
  <node id='1007' timestamp='2026-09-02T12:00:00Z' uid='1' user='generator' visible='true' version='1' changeset='1' lat='43.0603960004' lon='-95.328201645' />
  <node id='1008' timestamp='2026-09-02T12:00:00Z' uid='1' user='generator' visible='true' version='1' changeset='1' lat='43.073006786' lon='-95.3204361346' />
  <node id='1009' timestamp='2026-09-02T12:00:00Z' uid='1' user='generator' visible='true' version='1' changeset='1' lat='43.073006786' lon='-95.3201405027' />
  <node id='1010' timestamp='2026-09-02T12:00:00Z' uid='1' user='generator' visible='true' version='1' changeset='1' lat='43.0659229239' lon='-95.3201405027' />
  <node id='1011' timestamp='2026-09-02T12:00:00Z' uid='1' user='generator' visible='true' version='1' changeset='1' lat='43.0659229239' lon='-95.3204361346' />
  <node id='1012' action='delete' timestamp='2026-09-02T12:00:00Z' uid='1' user='generator' visible='true' version='1' changeset='1' lat='43.0460918901' lon='-95.3283426368' />
  <node id='1013' action='delete' timestamp='2026-09-02T12:00:00Z' uid='1' user='generator' visible='true' version='1' changeset='1' lat='43.0460918901' lon='-95.3241206071' />
  <node id='1014' action='delete' timestamp='2026-09-02T12:00:00Z' uid='1' user='generator' visible='true' version='1' changeset='1' lat='43.0458758899' lon='-95.3241206071' />
  <node id='1015' action='delete' timestamp='2026-09-02T12:00:00Z' uid='1' user='generator' visible='true' version='1' changeset='1' lat='43.0458758899' lon='-95.3283426368' />
  <node id='1016' timestamp='2026-09-02T12:00:00Z' uid='1' user='generator' visible='true' version='1' changeset='1' lat='43.0584413424' lon='-95.3204361346' />
  <node id='1017' timestamp='2026-09-02T12:00:00Z' uid='1' user='generator' visible='true' version='1' changeset='1' lat='43.0584413424' lon='-95.3201405027' />
  <node id='1018' timestamp='2026-09-02T12:00:00Z' uid='1' user='generator' visible='true' version='1' changeset='1' lat='43.0505889516' lon='-95.3201405027' />
  <node id='1019' timestamp='2026-09-02T12:00:00Z' uid='1' user='generator' visible='true' version='1' changeset='1' lat='43.0505889516' lon='-95.3204361346' />
  <node id='1020' timestamp='2026-09-02T12:00:00Z' uid='1' user='generator' visible='true' version='1' changeset='1' lat='43.0581841492' lon='-95.3245214716' />
  <node id='1021' timestamp='2026-09-02T12:00:00Z' uid='1' user='generator' visible='true' version='1' changeset='1' lat='43.0581841492' lon='-95.3242258397' />
  <node id='1022' timestamp='2026-09-02T12:00:00Z' uid='1' user='generator' visible='true' version='1' changeset='1' lat='43.0491104751' lon='-95.3242258397' />
  <node id='1023' timestamp='2026-09-02T12:00:00Z' uid='1' user='generator' visible='true' version='1' changeset='1' lat='43.0491104751' lon='-95.3245214716' />
  <node id='1024' timestamp='2026-09-02T12:00:00Z' uid='1' user='generator' visible='true' version='1' changeset='1' lat='43.0316077796' lon='-95.3289717538' />
  <node id='1025' timestamp='2026-09-02T12:00:00Z' uid='1' user='generator' visible='true' version='1' changeset='1' lat='43.0316077796' lon='-95.3210454689' />
  <node id='1026' timestamp='2026-09-02T12:00:00Z' uid='1' user='generator' visible='true' version='1' changeset='1' lat='43.0313917794' lon='-95.3210454689' />
  <node id='1027' timestamp='2026-09-02T12:00:00Z' uid='1' user='generator' visible='true' version='1' changeset='1' lat='43.0313917794' lon='-95.3289717538' />
  <node id='1028' timestamp='2026-09-02T12:00:00Z' uid='1' user='generator' visible='true' version='1' changeset='1' lat='43.0244859645' lon='-95.3280155694' />
  <node id='1029' timestamp='2026-09-02T12:00:00Z' uid='1' user='generator' visible='true' version='1' changeset='1' lat='43.0244859645' lon='-95.3230839739' />
  <node id='1030' timestamp='2026-09-02T12:00:00Z' uid='1' user='generator' visible='true' version='1' changeset='1' lat='43.0242699643' lon='-95.3230839739' />
  <node id='1031' timestamp='2026-09-02T12:00:00Z' uid='1' user='generator' visible='true' version='1' changeset='1' lat='43.0242699643' lon='-95.3280155694' />
  <node id='1032' timestamp='2026-09-02T12:00:00Z' uid='1' user='generator' visible='true' version='1' changeset='1' lat='43.0288408798' lon='-95.3204361346' />
  <node id='1033' timestamp='2026-09-02T12:00:00Z' uid='1' user='generator' visible='true' version='1' changeset='1' lat='43.0288408798' lon='-95.3201405027' />
  <node id='1034' timestamp='2026-09-02T12:00:00Z' uid='1' user='generator' visible='true' version='1' changeset='1' lat='43.0257254277' lon='-95.3201405027' />
  <node id='1035' timestamp='2026-09-02T12:00:00Z' uid='1' user='generator' visible='true' version='1' changeset='1' lat='43.0257254277' lon='-95.3204361346' />
  <node id='1036' timestamp='2026-09-02T12:00:00Z' uid='1' user='generator' visible='true' version='1' changeset='1' lat='43.0298289368' lon='-95.3243108585' />
  <node id='1037' timestamp='2026-09-02T12:00:00Z' uid='1' user='generator' visible='true' version='1' changeset='1' lat='43.0298289368' lon='-95.3240152266' />
  <node id='1038' timestamp='2026-09-02T12:00:00Z' uid='1' user='generator' visible='true' version='1' changeset='1' lat='43.0251128061' lon='-95.3240152266' />
  <node id='1039' timestamp='2026-09-02T12:00:00Z' uid='1' user='generator' visible='true' version='1' changeset='1' lat='43.0251128061' lon='-95.3243108585' />
  <node id='1040' timestamp='2026-09-02T12:00:00Z' uid='1' user='generator' visible='true' version='1' changeset='1' lat='43.0895442215' lon='-95.3189891397' />
  <node id='1041' timestamp='2026-09-02T12:00:00Z' uid='1' user='generator' visible='true' version='1' changeset='1' lat='43.0895442215' lon='-95.3032501171' />
  <node id='1042' timestamp='2026-09-02T12:00:00Z' uid='1' user='generator' visible='true' version='1' changeset='1' lat='43.0893282213' lon='-95.3032501171' />
  <node id='1043' timestamp='2026-09-02T12:00:00Z' uid='1' user='generator' visible='true' version='1' changeset='1' lat='43.0893282213' lon='-95.3189891397' />
  <node id='1044' timestamp='2026-09-02T12:00:00Z' uid='1' user='generator' visible='true' version='1' changeset='1' lat='43.0802281952' lon='-95.3088008398' />
  <node id='1045' timestamp='2026-09-02T12:00:00Z' uid='1' user='generator' visible='true' version='1' changeset='1' lat='43.0802281952' lon='-95.3085052079' />
  <node id='1046' timestamp='2026-09-02T12:00:00Z' uid='1' user='generator' visible='true' version='1' changeset='1' lat='43.0774138384' lon='-95.3085052079' />
  <node id='1047' timestamp='2026-09-02T12:00:00Z' uid='1' user='generator' visible='true' version='1' changeset='1' lat='43.0774138384' lon='-95.3088008398' />
  <node id='1048' action='delete' timestamp='2026-09-02T12:00:00Z' uid='1' user='generator' visible='true' version='1' changeset='1' lat='43.0515677386' lon='-95.3111071626' />
  <node id='1049' action='delete' timestamp='2026-09-02T12:00:00Z' uid='1' user='generator' visible='true' version='1' changeset='1' lat='43.0515677386' lon='-95.3108115307' />
  <node id='1050' action='delete' timestamp='2026-09-02T12:00:00Z' uid='1' user='generator' visible='true' version='1' changeset='1' lat='43.0474199494' lon='-95.3108115307' />
  <node id='1051' action='delete' timestamp='2026-09-02T12:00:00Z' uid='1' user='generator' visible='true' version='1' changeset='1' lat='43.0474199494' lon='-95.3111071626' />
  <node id='1052' timestamp='2026-09-02T12:00:00Z' uid='1' user='generator' visible='true' version='1' changeset='1' lat='43.0244859645' lon='-95.3164122644' />
  <node id='1053' timestamp='2026-09-02T12:00:00Z' uid='1' user='generator' visible='true' version='1' changeset='1' lat='43.0244859645' lon='-95.3030594099' />
  <node id='1054' timestamp='2026-09-02T12:00:00Z' uid='1' user='generator' visible='true' version='1' changeset='1' lat='43.0242699643' lon='-95.3030594099' />
  <node id='1055' timestamp='2026-09-02T12:00:00Z' uid='1' user='generator' visible='true' version='1' changeset='1' lat='43.0242699643' lon='-95.3164122644' />
  <node id='1056' timestamp='2026-09-02T12:00:00Z' uid='1' user='generator' visible='true' version='1' changeset='1' lat='43.0307699598' lon='-95.3006122431' />
  <node id='1057' timestamp='2026-09-02T12:00:00Z' uid='1' user='generator' visible='true' version='1' changeset='1' lat='43.0307699598' lon='-95.3003166113' />
  <node id='1058' timestamp='2026-09-02T12:00:00Z' uid='1' user='generator' visible='true' version='1' changeset='1' lat='43.0261637552' lon='-95.3003166113' />
  <node id='1059' timestamp='2026-09-02T12:00:00Z' uid='1' user='generator' visible='true' version='1' changeset='1' lat='43.0261637552' lon='-95.3006122431' />
  <node id='1060' timestamp='2026-09-02T12:00:00Z' uid='1' user='generator' visible='true' version='1' changeset='1' lat='43.094995806' lon='-95.2809361676' />
  <node id='1061' timestamp='2026-09-02T12:00:00Z' uid='1' user='generator' visible='true' version='1' changeset='1' lat='43.094995806' lon='-95.2806405357' />
  <node id='1062' timestamp='2026-09-02T12:00:00Z' uid='1' user='generator' visible='true' version='1' changeset='1' lat='43.0917120357' lon='-95.2806405357' />
  <node id='1063' timestamp='2026-09-02T12:00:00Z' uid='1' user='generator' visible='true' version='1' changeset='1' lat='43.0917120357' lon='-95.2809361676' />
  <node id='1064' timestamp='2026-09-02T12:00:00Z' uid='1' user='generator' visible='true' version='1' changeset='1' lat='43.0944303534' lon='-95.2927076872' />
  <node id='1065' timestamp='2026-09-02T12:00:00Z' uid='1' user='generator' visible='true' version='1' changeset='1' lat='43.0944303534' lon='-95.2924120553' />
  <node id='1066' timestamp='2026-09-02T12:00:00Z' uid='1' user='generator' visible='true' version='1' changeset='1' lat='43.0906279036' lon='-95.2924120553' />
  <node id='1067' timestamp='2026-09-02T12:00:00Z' uid='1' user='generator' visible='true' version='1' changeset='1' lat='43.0906279036' lon='-95.2927076872' />
  <node id='1068' timestamp='2026-09-02T12:00:00Z' uid='1' user='generator' visible='true' version='1' changeset='1' lat='43.0864618985' lon='-95.2910374656' />
  <node id='1069' timestamp='2026-09-02T12:00:00Z' uid='1' user='generator' visible='true' version='1' changeset='1' lat='43.0864618985' lon='-95.2907418337' />
  <node id='1070' timestamp='2026-09-02T12:00:00Z' uid='1' user='generator' visible='true' version='1' changeset='1' lat='43.0814104544' lon='-95.2907418337' />
  <node id='1071' timestamp='2026-09-02T12:00:00Z' uid='1' user='generator' visible='true' version='1' changeset='1' lat='43.0814104544' lon='-95.2910374656' />
  <node id='1072' timestamp='2026-09-02T12:00:00Z' uid='1' user='generator' visible='true' version='1' changeset='1' lat='43.0606120006' lon='-95.2958122654' />
  <node id='1073' timestamp='2026-09-02T12:00:00Z' uid='1' user='generator' visible='true' version='1' changeset='1' lat='43.0606120006' lon='-95.2860790291' />
  <node id='1074' timestamp='2026-09-02T12:00:00Z' uid='1' user='generator' visible='true' version='1' changeset='1' lat='43.0603960004' lon='-95.2860790291' />
  <node id='1075' timestamp='2026-09-02T12:00:00Z' uid='1' user='generator' visible='true' version='1' changeset='1' lat='43.0603960004' lon='-95.2958122654' />
  <node id='1076' timestamp='2026-09-02T12:00:00Z' uid='1' user='generator' visible='true' version='1' changeset='1' lat='43.0721222201' lon='-95.2809361676' />
  <node id='1077' timestamp='2026-09-02T12:00:00Z' uid='1' user='generator' visible='true' version='1' changeset='1' lat='43.0721222201' lon='-95.2806405357' />
  <node id='1078' timestamp='2026-09-02T12:00:00Z' uid='1' user='generator' visible='true' version='1' changeset='1' lat='43.0632496512' lon='-95.2806405357' />
  <node id='1079' timestamp='2026-09-02T12:00:00Z' uid='1' user='generator' visible='true' version='1' changeset='1' lat='43.0632496512' lon='-95.2809361676' />
  <node id='1080' timestamp='2026-09-02T12:00:00Z' uid='1' user='generator' visible='true' version='1' changeset='1' lat='43.0663969274' lon='-95.2958574724' />
  <node id='1081' timestamp='2026-09-02T12:00:00Z' uid='1' user='generator' visible='true' version='1' changeset='1' lat='43.0663969274' lon='-95.2832489451' />
  <node id='1082' timestamp='2026-09-02T12:00:00Z' uid='1' user='generator' visible='true' version='1' changeset='1' lat='43.0661809272' lon='-95.2832489451' />
  <node id='1083' timestamp='2026-09-02T12:00:00Z' uid='1' user='generator' visible='true' version='1' changeset='1' lat='43.0661809272' lon='-95.2958574724' />
  <node id='1084' timestamp='2026-09-02T12:00:00Z' uid='1' user='generator' visible='true' version='1' changeset='1' lat='43.0460918901' lon='-95.2985632925' />
  <node id='1085' timestamp='2026-09-02T12:00:00Z' uid='1' user='generator' visible='true' version='1' changeset='1' lat='43.0460918901' lon='-95.2834173198' />
  <node id='1086' timestamp='2026-09-02T12:00:00Z' uid='1' user='generator' visible='true' version='1' changeset='1' lat='43.0458758899' lon='-95.2834173198' />
  <node id='1087' timestamp='2026-09-02T12:00:00Z' uid='1' user='generator' visible='true' version='1' changeset='1' lat='43.0458758899' lon='-95.2985632925' />
  <node id='1088' timestamp='2026-09-02T12:00:00Z' uid='1' user='generator' visible='true' version='1' changeset='1' lat='43.0583003663' lon='-95.2809361676' />
  <node id='1089' timestamp='2026-09-02T12:00:00Z' uid='1' user='generator' visible='true' version='1' changeset='1' lat='43.0583003663' lon='-95.2806405357' />
  <node id='1090' timestamp='2026-09-02T12:00:00Z' uid='1' user='generator' visible='true' version='1' changeset='1' lat='43.0486369126' lon='-95.2806405357' />
  <node id='1091' timestamp='2026-09-02T12:00:00Z' uid='1' user='generator' visible='true' version='1' changeset='1' lat='43.0486369126' lon='-95.2809361676' />
  <node id='1092' timestamp='2026-09-02T12:00:00Z' uid='1' user='generator' visible='true' version='1' changeset='1' lat='43.0531942202' lon='-95.2956402199' />
  <node id='1093' timestamp='2026-09-02T12:00:00Z' uid='1' user='generator' visible='true' version='1' changeset='1' lat='43.0531942202' lon='-95.2843314875' />
  <node id='1094' timestamp='2026-09-02T12:00:00Z' uid='1' user='generator' visible='true' version='1' changeset='1' lat='43.05297822' lon='-95.2843314875' />
  <node id='1095' timestamp='2026-09-02T12:00:00Z' uid='1' user='generator' visible='true' version='1' changeset='1' lat='43.05297822' lon='-95.2956402199' />
  <node id='1096' timestamp='2026-09-02T12:00:00Z' uid='1' user='generator' visible='true' version='1' changeset='1' lat='43.0316077796' lon='-95.2982595923' />
  <node id='1097' timestamp='2026-09-02T12:00:00Z' uid='1' user='generator' visible='true' version='1' changeset='1' lat='43.0316077796' lon='-95.2858876444' />
  <node id='1098' timestamp='2026-09-02T12:00:00Z' uid='1' user='generator' visible='true' version='1' changeset='1' lat='43.0313917794' lon='-95.2858876444' />
  <node id='1099' timestamp='2026-09-02T12:00:00Z' uid='1' user='generator' visible='true' version='1' changeset='1' lat='43.0313917794' lon='-95.2982595923' />
  <node id='1100' action='delete' timestamp='2026-09-02T12:00:00Z' uid='1' user='generator' visible='true' version='1' changeset='1' lat='43.0370897211' lon='-95.2959446838' />
  <node id='1101' action='delete' timestamp='2026-09-02T12:00:00Z' uid='1' user='generator' visible='true' version='1' changeset='1' lat='43.0370897211' lon='-95.2840270236' />
  <node id='1102' action='delete' timestamp='2026-09-02T12:00:00Z' uid='1' user='generator' visible='true' version='1' changeset='1' lat='43.0368737209' lon='-95.2840270236' />
  <node id='1103' action='delete' timestamp='2026-09-02T12:00:00Z' uid='1' user='generator' visible='true' version='1' changeset='1' lat='43.0368737209' lon='-95.2959446838' />
  <node id='1104' timestamp='2026-09-02T12:00:00Z' uid='1' user='generator' visible='true' version='1' changeset='1' lat='43.0244859645' lon='-95.2983585674' />
  <node id='1105' timestamp='2026-09-02T12:00:00Z' uid='1' user='generator' visible='true' version='1' changeset='1' lat='43.0244859645' lon='-95.2849040772' />
  <node id='1106' timestamp='2026-09-02T12:00:00Z' uid='1' user='generator' visible='true' version='1' changeset='1' lat='43.0242699643' lon='-95.2849040772' />
  <node id='1107' timestamp='2026-09-02T12:00:00Z' uid='1' user='generator' visible='true' version='1' changeset='1' lat='43.0242699643' lon='-95.2983585674' />
  <node id='1108' timestamp='2026-09-02T12:00:00Z' uid='1' user='generator' visible='true' version='1' changeset='1' lat='43.029996769' lon='-95.2809361676' />
  <node id='1109' timestamp='2026-09-02T12:00:00Z' uid='1' user='generator' visible='true' version='1' changeset='1' lat='43.029996769' lon='-95.2806405357' />
  <node id='1110' timestamp='2026-09-02T12:00:00Z' uid='1' user='generator' visible='true' version='1' changeset='1' lat='43.025967618' lon='-95.2806405357' />
  <node id='1111' timestamp='2026-09-02T12:00:00Z' uid='1' user='generator' visible='true' version='1' changeset='1' lat='43.025967618' lon='-95.2809361676' />
  <node id='1112' timestamp='2026-09-02T12:00:00Z' uid='1' user='generator' visible='true' version='1' changeset='1' lat='43.0945603586' lon='-95.2609644602' />
  <node id='1113' timestamp='2026-09-02T12:00:00Z' uid='1' user='generator' visible='true' version='1' changeset='1' lat='43.0945603586' lon='-95.2606688283' />
  <node id='1114' timestamp='2026-09-02T12:00:00Z' uid='1' user='generator' visible='true' version='1' changeset='1' lat='43.0902426852' lon='-95.2606688283' />
  <node id='1115' timestamp='2026-09-02T12:00:00Z' uid='1' user='generator' visible='true' version='1' changeset='1' lat='43.0902426852' lon='-95.2609644602' />
  <node id='1116' timestamp='2026-09-02T12:00:00Z' uid='1' user='generator' visible='true' version='1' changeset='1' lat='43.0927709498' lon='-95.2770232456' />
  <node id='1117' timestamp='2026-09-02T12:00:00Z' uid='1' user='generator' visible='true' version='1' changeset='1' lat='43.0927709498' lon='-95.2626601431' />
  <node id='1118' timestamp='2026-09-02T12:00:00Z' uid='1' user='generator' visible='true' version='1' changeset='1' lat='43.0925549496' lon='-95.2626601431' />
  <node id='1119' timestamp='2026-09-02T12:00:00Z' uid='1' user='generator' visible='true' version='1' changeset='1' lat='43.0925549496' lon='-95.2770232456' />
  <node id='1120' timestamp='2026-09-02T12:00:00Z' uid='1' user='generator' visible='true' version='1' changeset='1' lat='43.0737716698' lon='-95.2609644602' />
  <node id='1121' timestamp='2026-09-02T12:00:00Z' uid='1' user='generator' visible='true' version='1' changeset='1' lat='43.0737716698' lon='-95.2606688283' />
  <node id='1122' timestamp='2026-09-02T12:00:00Z' uid='1' user='generator' visible='true' version='1' changeset='1' lat='43.0660915751' lon='-95.2606688283' />
  <node id='1123' timestamp='2026-09-02T12:00:00Z' uid='1' user='generator' visible='true' version='1' changeset='1' lat='43.0660915751' lon='-95.2609644602' />
  <node id='1124' timestamp='2026-09-02T12:00:00Z' uid='1' user='generator' visible='true' version='1' changeset='1' lat='43.0678506179' lon='-95.2770232456' />
  <node id='1125' timestamp='2026-09-02T12:00:00Z' uid='1' user='generator' visible='true' version='1' changeset='1' lat='43.0678506179' lon='-95.2626601431' />
  <node id='1126' timestamp='2026-09-02T12:00:00Z' uid='1' user='generator' visible='true' version='1' changeset='1' lat='43.0676346176' lon='-95.2626601431' />
  <node id='1127' timestamp='2026-09-02T12:00:00Z' uid='1' user='generator' visible='true' version='1' changeset='1' lat='43.0676346176' lon='-95.2770232456' />
  <node id='1128' timestamp='2026-09-02T12:00:00Z' uid='1' user='generator' visible='true' version='1' changeset='1' lat='43.0591846982' lon='-95.2609644602' />
  <node id='1129' timestamp='2026-09-02T12:00:00Z' uid='1' user='generator' visible='true' version='1' changeset='1' lat='43.0591846982' lon='-95.2606688283' />
  <node id='1130' timestamp='2026-09-02T12:00:00Z' uid='1' user='generator' visible='true' version='1' changeset='1' lat='43.050014004' lon='-95.2606688283' />
  <node id='1131' timestamp='2026-09-02T12:00:00Z' uid='1' user='generator' visible='true' version='1' changeset='1' lat='43.050014004' lon='-95.2609644602' />
  <node id='1132' timestamp='2026-09-02T12:00:00Z' uid='1' user='generator' visible='true' version='1' changeset='1' lat='43.0434953065' lon='-95.2609644602' />
  <node id='1133' timestamp='2026-09-02T12:00:00Z' uid='1' user='generator' visible='true' version='1' changeset='1' lat='43.0434953065' lon='-95.2606688283' />
  <node id='1134' timestamp='2026-09-02T12:00:00Z' uid='1' user='generator' visible='true' version='1' changeset='1' lat='43.0329066249' lon='-95.2606688283' />
  <node id='1135' timestamp='2026-09-02T12:00:00Z' uid='1' user='generator' visible='true' version='1' changeset='1' lat='43.0329066249' lon='-95.2609644602' />
  <node id='1136' action='delete' timestamp='2026-09-02T12:00:00Z' uid='1' user='generator' visible='true' version='1' changeset='1' lat='43.0430842851' lon='-95.2701454808' />
  <node id='1137' action='delete' timestamp='2026-09-02T12:00:00Z' uid='1' user='generator' visible='true' version='1' changeset='1' lat='43.0430842851' lon='-95.2698498489' />
  <node id='1138' action='delete' timestamp='2026-09-02T12:00:00Z' uid='1' user='generator' visible='true' version='1' changeset='1' lat='43.0359139869' lon='-95.2698498489' />
  <node id='1139' action='delete' timestamp='2026-09-02T12:00:00Z' uid='1' user='generator' visible='true' version='1' changeset='1' lat='43.0359139869' lon='-95.2701454808' />
  <node id='1140' timestamp='2026-09-02T12:00:00Z' uid='1' user='generator' visible='true' version='1' changeset='1' lat='43.0244859645' lon='-95.2776141029' />
  <node id='1141' timestamp='2026-09-02T12:00:00Z' uid='1' user='generator' visible='true' version='1' changeset='1' lat='43.0244859645' lon='-95.2652207094' />
  <node id='1142' timestamp='2026-09-02T12:00:00Z' uid='1' user='generator' visible='true' version='1' changeset='1' lat='43.0242699643' lon='-95.2652207094' />
  <node id='1143' timestamp='2026-09-02T12:00:00Z' uid='1' user='generator' visible='true' version='1' changeset='1' lat='43.0242699643' lon='-95.2776141029' />
  <node id='1144' timestamp='2026-09-02T12:00:00Z' uid='1' user='generator' visible='true' version='1' changeset='1' lat='43.0924851635' lon='-95.2560640292' />
  <node id='1145' timestamp='2026-09-02T12:00:00Z' uid='1' user='generator' visible='true' version='1' changeset='1' lat='43.0924851635' lon='-95.2444642964' />
  <node id='1146' timestamp='2026-09-02T12:00:00Z' uid='1' user='generator' visible='true' version='1' changeset='1' lat='43.0922691633' lon='-95.2444642964' />
  <node id='1147' timestamp='2026-09-02T12:00:00Z' uid='1' user='generator' visible='true' version='1' changeset='1' lat='43.0922691633' lon='-95.2560640292' />
  <node id='1148' timestamp='2026-09-02T12:00:00Z' uid='1' user='generator' visible='true' version='1' changeset='1' lat='43.0750601111' lon='-95.2575320632' />
  <node id='1149' timestamp='2026-09-02T12:00:00Z' uid='1' user='generator' visible='true' version='1' changeset='1' lat='43.0750601111' lon='-95.2455427492' />
  <node id='1150' timestamp='2026-09-02T12:00:00Z' uid='1' user='generator' visible='true' version='1' changeset='1' lat='43.0748441108' lon='-95.2455427492' />
  <node id='1151' timestamp='2026-09-02T12:00:00Z' uid='1' user='generator' visible='true' version='1' changeset='1' lat='43.0748441108' lon='-95.2575320632' />
  <node id='1152' timestamp='2026-09-02T12:00:00Z' uid='1' user='generator' visible='true' version='1' changeset='1' lat='43.0875581986' lon='-95.2411405688' />
  <node id='1153' timestamp='2026-09-02T12:00:00Z' uid='1' user='generator' visible='true' version='1' changeset='1' lat='43.0875581986' lon='-95.2408449369' />
  <node id='1154' timestamp='2026-09-02T12:00:00Z' uid='1' user='generator' visible='true' version='1' changeset='1' lat='43.0782646363' lon='-95.2408449369' />
  <node id='1155' timestamp='2026-09-02T12:00:00Z' uid='1' user='generator' visible='true' version='1' changeset='1' lat='43.0782646363' lon='-95.2411405688' />
  <node id='1156' timestamp='2026-09-02T12:00:00Z' uid='1' user='generator' visible='true' version='1' changeset='1' lat='43.079995545' lon='-95.2563708212' />
  <node id='1157' timestamp='2026-09-02T12:00:00Z' uid='1' user='generator' visible='true' version='1' changeset='1' lat='43.079995545' lon='-95.2441575044' />
  <node id='1158' timestamp='2026-09-02T12:00:00Z' uid='1' user='generator' visible='true' version='1' changeset='1' lat='43.0797795448' lon='-95.2441575044' />
  <node id='1159' timestamp='2026-09-02T12:00:00Z' uid='1' user='generator' visible='true' version='1' changeset='1' lat='43.0797795448' lon='-95.2563708212' />
  <node id='1160' timestamp='2026-09-02T12:00:00Z' uid='1' user='generator' visible='true' version='1' changeset='1' lat='43.0606120006' lon='-95.2571157027' />
  <node id='1161' timestamp='2026-09-02T12:00:00Z' uid='1' user='generator' visible='true' version='1' changeset='1' lat='43.0606120006' lon='-95.2445127924' />
  <node id='1162' timestamp='2026-09-02T12:00:00Z' uid='1' user='generator' visible='true' version='1' changeset='1' lat='43.0603960004' lon='-95.2445127924' />
  <node id='1163' timestamp='2026-09-02T12:00:00Z' uid='1' user='generator' visible='true' version='1' changeset='1' lat='43.0603960004' lon='-95.2571157027' />
  <node id='1164' timestamp='2026-09-02T12:00:00Z' uid='1' user='generator' visible='true' version='1' changeset='1' lat='43.0656398646' lon='-95.2524458152' />
  <node id='1165' timestamp='2026-09-02T12:00:00Z' uid='1' user='generator' visible='true' version='1' changeset='1' lat='43.0656398646' lon='-95.2521501834' />
  <node id='1166' timestamp='2026-09-02T12:00:00Z' uid='1' user='generator' visible='true' version='1' changeset='1' lat='43.062039438' lon='-95.2521501834' />
  <node id='1167' timestamp='2026-09-02T12:00:00Z' uid='1' user='generator' visible='true' version='1' changeset='1' lat='43.062039438' lon='-95.2524458152' />
  <node id='1168' timestamp='2026-09-02T12:00:00Z' uid='1' user='generator' visible='true' version='1' changeset='1' lat='43.0460918901' lon='-95.2576339454' />
  <node id='1169' timestamp='2026-09-02T12:00:00Z' uid='1' user='generator' visible='true' version='1' changeset='1' lat='43.0460918901' lon='-95.2463263831' />
  <node id='1170' timestamp='2026-09-02T12:00:00Z' uid='1' user='generator' visible='true' version='1' changeset='1' lat='43.0458758899' lon='-95.2463263831' />
  <node id='1171' timestamp='2026-09-02T12:00:00Z' uid='1' user='generator' visible='true' version='1' changeset='1' lat='43.0458758899' lon='-95.2576339454' />
  <node id='1172' timestamp='2026-09-02T12:00:00Z' uid='1' user='generator' visible='true' version='1' changeset='1' lat='43.0316077796' lon='-95.2590758775' />
  <node id='1173' timestamp='2026-09-02T12:00:00Z' uid='1' user='generator' visible='true' version='1' changeset='1' lat='43.0316077796' lon='-95.2507625366' />
  <node id='1174' timestamp='2026-09-02T12:00:00Z' uid='1' user='generator' visible='true' version='1' changeset='1' lat='43.0313917794' lon='-95.2507625366' />
  <node id='1175' timestamp='2026-09-02T12:00:00Z' uid='1' user='generator' visible='true' version='1' changeset='1' lat='43.0313917794' lon='-95.2590758775' />
  <node id='1176' timestamp='2026-09-02T12:00:00Z' uid='1' user='generator' visible='true' version='1' changeset='1' lat='43.0452781633' lon='-95.2411405688' />
  <node id='1177' timestamp='2026-09-02T12:00:00Z' uid='1' user='generator' visible='true' version='1' changeset='1' lat='43.0452781633' lon='-95.2408449369' />
  <node id='1178' timestamp='2026-09-02T12:00:00Z' uid='1' user='generator' visible='true' version='1' changeset='1' lat='43.0366321606' lon='-95.2408449369' />
  <node id='1179' timestamp='2026-09-02T12:00:00Z' uid='1' user='generator' visible='true' version='1' changeset='1' lat='43.0366321606' lon='-95.2411405688' />
  <node id='1180' timestamp='2026-09-02T12:00:00Z' uid='1' user='generator' visible='true' version='1' changeset='1' lat='43.0244859645' lon='-95.2592220675' />
  <node id='1181' timestamp='2026-09-02T12:00:00Z' uid='1' user='generator' visible='true' version='1' changeset='1' lat='43.0244859645' lon='-95.2428694487' />
  <node id='1182' timestamp='2026-09-02T12:00:00Z' uid='1' user='generator' visible='true' version='1' changeset='1' lat='43.0242699643' lon='-95.2428694487' />
  <node id='1183' timestamp='2026-09-02T12:00:00Z' uid='1' user='generator' visible='true' version='1' changeset='1' lat='43.0242699643' lon='-95.2592220675' />
  <node id='1184' timestamp='2026-09-02T12:00:00Z' uid='1' user='generator' visible='true' version='1' changeset='1' lat='43.0864110934' lon='-95.2313931915' />
  <node id='1185' timestamp='2026-09-02T12:00:00Z' uid='1' user='generator' visible='true' version='1' changeset='1' lat='43.0864110934' lon='-95.2310975596' />
  <node id='1186' timestamp='2026-09-02T12:00:00Z' uid='1' user='generator' visible='true' version='1' changeset='1' lat='43.0784126414' lon='-95.2310975596' />
  <node id='1187' timestamp='2026-09-02T12:00:00Z' uid='1' user='generator' visible='true' version='1' changeset='1' lat='43.0784126414' lon='-95.2313931915' />
  <node id='1188' timestamp='2026-09-02T12:00:00Z' uid='1' user='generator' visible='true' version='1' changeset='1' lat='43.0866113346' lon='-95.2352979959' />
  <node id='1189' timestamp='2026-09-02T12:00:00Z' uid='1' user='generator' visible='true' version='1' changeset='1' lat='43.0866113346' lon='-95.235002364' />
  <node id='1190' timestamp='2026-09-02T12:00:00Z' uid='1' user='generator' visible='true' version='1' changeset='1' lat='43.0768409968' lon='-95.235002364' />
  <node id='1191' timestamp='2026-09-02T12:00:00Z' uid='1' user='generator' visible='true' version='1' changeset='1' lat='43.0768409968' lon='-95.2352979959' />
  <node id='1192' timestamp='2026-09-02T12:00:00Z' uid='1' user='generator' visible='true' version='1' changeset='1' lat='43.0606120006' lon='-95.2375807791' />
  <node id='1193' timestamp='2026-09-02T12:00:00Z' uid='1' user='generator' visible='true' version='1' changeset='1' lat='43.0606120006' lon='-95.2325833685' />
  <node id='1194' timestamp='2026-09-02T12:00:00Z' uid='1' user='generator' visible='true' version='1' changeset='1' lat='43.0603960004' lon='-95.2325833685' />
  <node id='1195' timestamp='2026-09-02T12:00:00Z' uid='1' user='generator' visible='true' version='1' changeset='1' lat='43.0603960004' lon='-95.2375807791' />
  <node id='1196' timestamp='2026-09-02T12:00:00Z' uid='1' user='generator' visible='true' version='1' changeset='1' lat='43.072008721' lon='-95.2313931915' />
  <node id='1197' timestamp='2026-09-02T12:00:00Z' uid='1' user='generator' visible='true' version='1' changeset='1' lat='43.072008721' lon='-95.2310975596' />
  <node id='1198' timestamp='2026-09-02T12:00:00Z' uid='1' user='generator' visible='true' version='1' changeset='1' lat='43.0617946198' lon='-95.2310975596' />
  <node id='1199' timestamp='2026-09-02T12:00:00Z' uid='1' user='generator' visible='true' version='1' changeset='1' lat='43.0617946198' lon='-95.2313931915' />
  <node id='1200' timestamp='2026-09-02T12:00:00Z' uid='1' user='generator' visible='true' version='1' changeset='1' lat='43.0713130473' lon='-95.2361705534' />
  <node id='1201' timestamp='2026-09-02T12:00:00Z' uid='1' user='generator' visible='true' version='1' changeset='1' lat='43.0713130473' lon='-95.2358749215' />
  <node id='1202' timestamp='2026-09-02T12:00:00Z' uid='1' user='generator' visible='true' version='1' changeset='1' lat='43.0632070632' lon='-95.2358749215' />
  <node id='1203' timestamp='2026-09-02T12:00:00Z' uid='1' user='generator' visible='true' version='1' changeset='1' lat='43.0632070632' lon='-95.2361705534' />
  <node id='1204' timestamp='2026-09-02T12:00:00Z' uid='1' user='generator' visible='true' version='1' changeset='1' lat='43.057016524' lon='-95.2350873828' />
  <node id='1205' timestamp='2026-09-02T12:00:00Z' uid='1' user='generator' visible='true' version='1' changeset='1' lat='43.057016524' lon='-95.2347917509' />
  <node id='1206' timestamp='2026-09-02T12:00:00Z' uid='1' user='generator' visible='true' version='1' changeset='1' lat='43.0484633655' lon='-95.2347917509' />
  <node id='1207' timestamp='2026-09-02T12:00:00Z' uid='1' user='generator' visible='true' version='1' changeset='1' lat='43.0484633655' lon='-95.2350873828' />
  <node id='1208' timestamp='2026-09-02T12:00:00Z' uid='1' user='generator' visible='true' version='1' changeset='1' lat='43.0434232254' lon='-95.2313931915' />
  <node id='1209' timestamp='2026-09-02T12:00:00Z' uid='1' user='generator' visible='true' version='1' changeset='1' lat='43.0434232254' lon='-95.2310975596' />
  <node id='1210' timestamp='2026-09-02T12:00:00Z' uid='1' user='generator' visible='true' version='1' changeset='1' lat='43.035972712' lon='-95.2310975596' />
  <node id='1211' timestamp='2026-09-02T12:00:00Z' uid='1' user='generator' visible='true' version='1' changeset='1' lat='43.035972712' lon='-95.2313931915' />
  <node id='1212' timestamp='2026-09-02T12:00:00Z' uid='1' user='generator' visible='true' version='1' changeset='1' lat='43.0244859645' lon='-95.2382275723' />
  <node id='1213' timestamp='2026-09-02T12:00:00Z' uid='1' user='generator' visible='true' version='1' changeset='1' lat='43.0244859645' lon='-95.2323745415' />
  <node id='1214' timestamp='2026-09-02T12:00:00Z' uid='1' user='generator' visible='true' version='1' changeset='1' lat='43.0242699643' lon='-95.2323745415' />
  <node id='1215' timestamp='2026-09-02T12:00:00Z' uid='1' user='generator' visible='true' version='1' changeset='1' lat='43.0242699643' lon='-95.2382275723' />
  <node id='1216' timestamp='2026-09-02T12:00:00Z' uid='1' user='generator' visible='true' version='1' changeset='1' lat='43.0293834634' lon='-95.2313931915' />
  <node id='1217' timestamp='2026-09-02T12:00:00Z' uid='1' user='generator' visible='true' version='1' changeset='1' lat='43.0293834634' lon='-95.2310975596' />
  <node id='1218' timestamp='2026-09-02T12:00:00Z' uid='1' user='generator' visible='true' version='1' changeset='1' lat='43.0254985825' lon='-95.2310975596' />
  <node id='1219' timestamp='2026-09-02T12:00:00Z' uid='1' user='generator' visible='true' version='1' changeset='1' lat='43.0254985825' lon='-95.2313931915' />
  <node id='1220' timestamp='2026-09-02T12:00:00Z' uid='1' user='generator' visible='true' version='1' changeset='1' lat='43.030033309' lon='-95.2361705534' />
  <node id='1221' timestamp='2026-09-02T12:00:00Z' uid='1' user='generator' visible='true' version='1' changeset='1' lat='43.030033309' lon='-95.2358749215' />
  <node id='1222' timestamp='2026-09-02T12:00:00Z' uid='1' user='generator' visible='true' version='1' changeset='1' lat='43.0249084339' lon='-95.2358749215' />
  <node id='1223' timestamp='2026-09-02T12:00:00Z' uid='1' user='generator' visible='true' version='1' changeset='1' lat='43.0249084339' lon='-95.2361705534' />
  <node id='1224' timestamp='2026-09-02T12:00:00Z' uid='1' user='generator' visible='true' version='1' changeset='1' lat='43.0613500014' lon='-95.3222345619' />
  <node id='1225' timestamp='2026-09-02T12:00:00Z' uid='1' user='generator' visible='true' version='1' changeset='1' lat='43.0613500014' lon='-95.3170610039' />
  <node id='1226' timestamp='2026-09-02T12:00:00Z' uid='1' user='generator' visible='true' version='1' changeset='1' lat='43.0586499987' lon='-95.3170610039' />
  <node id='1227' timestamp='2026-09-02T12:00:00Z' uid='1' user='generator' visible='true' version='1' changeset='1' lat='43.0586499987' lon='-95.3222345619' />
  <node id='1228' timestamp='2026-09-02T12:00:00Z' uid='1' user='generator' visible='true' version='1' changeset='1' lat='43.0615300015' lon='-95.2832026787' />
  <node id='1229' timestamp='2026-09-02T12:00:00Z' uid='1' user='generator' visible='true' version='1' changeset='1' lat='43.0615300015' lon='-95.2767973213' />
  <node id='1230' timestamp='2026-09-02T12:00:00Z' uid='1' user='generator' visible='true' version='1' changeset='1' lat='43.0584699985' lon='-95.2767973213' />
  <node id='1231' timestamp='2026-09-02T12:00:00Z' uid='1' user='generator' visible='true' version='1' changeset='1' lat='43.0584699985' lon='-95.2832026787' />
  <node id='1232' timestamp='2026-09-02T12:00:00Z' uid='1' user='generator' visible='true' version='1' changeset='1' lat='43.0613050013' lon='-95.2428158161' />
  <node id='1233' timestamp='2026-09-02T12:00:00Z' uid='1' user='generator' visible='true' version='1' changeset='1' lat='43.0613050013' lon='-95.2378886181' />
  <node id='1234' timestamp='2026-09-02T12:00:00Z' uid='1' user='generator' visible='true' version='1' changeset='1' lat='43.0586949987' lon='-95.2378886181' />
  <node id='1235' timestamp='2026-09-02T12:00:00Z' uid='1' user='generator' visible='true' version='1' changeset='1' lat='43.0586949987' lon='-95.2428158161' />
  <node id='1236' timestamp='2026-09-02T12:00:00Z' uid='1' user='generator' visible='true' version='1' changeset='1' lat='43.0811590212' lon='-95.2921455431' />
  <node id='1237' timestamp='2026-09-02T12:00:00Z' uid='1' user='generator' visible='true' version='1' changeset='1' lat='43.0811590212' lon='-95.2845083862' />
  <node id='1238' timestamp='2026-09-02T12:00:00Z' uid='1' user='generator' visible='true' version='1' changeset='1' lat='43.0772890173' lon='-95.2845083862' />
  <node id='1239' timestamp='2026-09-02T12:00:00Z' uid='1' user='generator' visible='true' version='1' changeset='1' lat='43.0772890173' lon='-95.2921455431' />
  <node id='1240' timestamp='2026-09-02T12:00:00Z' uid='1' user='generator' visible='true' version='1' changeset='1' lat='43.084984025' lon='-95.2560538176' />
  <node id='1241' timestamp='2026-09-02T12:00:00Z' uid='1' user='generator' visible='true' version='1' changeset='1' lat='43.084984025' lon='-95.2491557403' />
  <node id='1242' timestamp='2026-09-02T12:00:00Z' uid='1' user='generator' visible='true' version='1' changeset='1' lat='43.0813840214' lon='-95.2491557403' />
  <node id='1243' timestamp='2026-09-02T12:00:00Z' uid='1' user='generator' visible='true' version='1' changeset='1' lat='43.0813840214' lon='-95.2560538176' />
  <node id='1244' timestamp='2026-09-02T12:00:00Z' uid='1' user='generator' visible='true' version='1' changeset='1' lat='43.0838140238' lon='-95.3133324947' />
  <node id='1245' timestamp='2026-09-02T12:00:00Z' uid='1' user='generator' visible='true' version='1' changeset='1' lat='43.0838140238' lon='-95.3066807773' />
  <node id='1246' timestamp='2026-09-02T12:00:00Z' uid='1' user='generator' visible='true' version='1' changeset='1' lat='43.0803940204' lon='-95.3066807773' />
  <node id='1247' timestamp='2026-09-02T12:00:00Z' uid='1' user='generator' visible='true' version='1' changeset='1' lat='43.0803940204' lon='-95.3133324947' />
  <node id='1248' timestamp='2026-09-02T12:00:00Z' uid='1' user='generator' visible='true' version='1' changeset='1' lat='43.0692340092' lon='-95.2535902186' />
  <node id='1249' timestamp='2026-09-02T12:00:00Z' uid='1' user='generator' visible='true' version='1' changeset='1' lat='43.0692340092' lon='-95.2471848611' />
  <node id='1250' timestamp='2026-09-02T12:00:00Z' uid='1' user='generator' visible='true' version='1' changeset='1' lat='43.0658140058' lon='-95.2471848611' />
  <node id='1251' timestamp='2026-09-02T12:00:00Z' uid='1' user='generator' visible='true' version='1' changeset='1' lat='43.0658140058' lon='-95.2535902186' />
  <node id='1252' timestamp='2026-09-02T12:00:00Z' uid='1' user='generator' visible='true' version='1' changeset='1' lat='43.0551939952' lon='-95.312470235' />
  <node id='1253' timestamp='2026-09-02T12:00:00Z' uid='1' user='generator' visible='true' version='1' changeset='1' lat='43.0551939952' lon='-95.3060648776' />
  <node id='1254' timestamp='2026-09-02T12:00:00Z' uid='1' user='generator' visible='true' version='1' changeset='1' lat='43.0517739918' lon='-95.3060648776' />
  <node id='1255' timestamp='2026-09-02T12:00:00Z' uid='1' user='generator' visible='true' version='1' changeset='1' lat='43.0517739918' lon='-95.312470235' />
  <node id='1256' timestamp='2026-09-02T12:00:00Z' uid='1' user='generator' visible='true' version='1' changeset='1' lat='43.0507389907' lon='-95.2719440312' />
  <node id='1257' timestamp='2026-09-02T12:00:00Z' uid='1' user='generator' visible='true' version='1' changeset='1' lat='43.0507389907' lon='-95.2652923139' />
  <node id='1258' timestamp='2026-09-02T12:00:00Z' uid='1' user='generator' visible='true' version='1' changeset='1' lat='43.0472289872' lon='-95.2652923139' />
  <node id='1259' timestamp='2026-09-02T12:00:00Z' uid='1' user='generator' visible='true' version='1' changeset='1' lat='43.0472289872' lon='-95.2719440312' />
  <node id='1260' timestamp='2026-09-02T12:00:00Z' uid='1' user='generator' visible='true' version='1' changeset='1' lat='43.0444389844' lon='-95.250018' />
  <node id='1261' timestamp='2026-09-02T12:00:00Z' uid='1' user='generator' visible='true' version='1' changeset='1' lat='43.0444389844' lon='-95.2428735629' />
  <node id='1262' timestamp='2026-09-02T12:00:00Z' uid='1' user='generator' visible='true' version='1' changeset='1' lat='43.0407489807' lon='-95.2428735629' />
  <node id='1263' timestamp='2026-09-02T12:00:00Z' uid='1' user='generator' visible='true' version='1' changeset='1' lat='43.0407489807' lon='-95.250018' />
  <node id='1264' timestamp='2026-09-02T12:00:00Z' uid='1' user='generator' visible='true' version='1' changeset='1' lat='43.0640500041' lon='-95.2841881183' />
  <node id='1265' timestamp='2026-09-02T12:00:00Z' uid='1' user='generator' visible='true' version='1' changeset='1' lat='43.0640500041' lon='-95.2818476993' />
  <node id='1266' timestamp='2026-09-02T12:00:00Z' uid='1' user='generator' visible='true' version='1' changeset='1' lat='43.0627900028' lon='-95.2818476993' />
  <node id='1267' timestamp='2026-09-02T12:00:00Z' uid='1' user='generator' visible='true' version='1' changeset='1' lat='43.0627900028' lon='-95.2841881183' />
  <node id='1268' timestamp='2026-09-02T12:00:00Z' uid='1' user='generator' visible='true' version='1' changeset='1' lat='43.0834702505' lon='-95.318908888' />
  <node id='1269' timestamp='2026-09-02T12:00:00Z' uid='1' user='generator' visible='true' version='1' changeset='1' lat='43.0834702505' lon='-95.3161545104' />
  <node id='1270' timestamp='2026-09-02T12:00:00Z' uid='1' user='generator' visible='true' version='1' changeset='1' lat='43.0814577945' lon='-95.3161545104' />
  <node id='1271' timestamp='2026-09-02T12:00:00Z' uid='1' user='generator' visible='true' version='1' changeset='1' lat='43.0814577945' lon='-95.318908888' />
  <node id='1272' timestamp='2026-09-02T12:00:00Z' uid='1' user='generator' visible='true' version='1' changeset='1' lat='43.0884283554' lon='-95.2520110886' />
  <node id='1273' timestamp='2026-09-02T12:00:00Z' uid='1' user='generator' visible='true' version='1' changeset='1' lat='43.0884283554' lon='-95.249256711' />
  <node id='1274' timestamp='2026-09-02T12:00:00Z' uid='1' user='generator' visible='true' version='1' changeset='1' lat='43.0864158994' lon='-95.249256711' />
  <node id='1275' timestamp='2026-09-02T12:00:00Z' uid='1' user='generator' visible='true' version='1' changeset='1' lat='43.0864158994' lon='-95.2520110886' />
  <node id='1276' timestamp='2026-09-02T12:00:00Z' uid='1' user='generator' visible='true' version='1' changeset='1' lat='43.0384702055' lon='-95.318908888' />
  <node id='1277' timestamp='2026-09-02T12:00:00Z' uid='1' user='generator' visible='true' version='1' changeset='1' lat='43.0384702055' lon='-95.3161545104' />
  <node id='1278' timestamp='2026-09-02T12:00:00Z' uid='1' user='generator' visible='true' version='1' changeset='1' lat='43.0364577495' lon='-95.3161545104' />
  <node id='1279' timestamp='2026-09-02T12:00:00Z' uid='1' user='generator' visible='true' version='1' changeset='1' lat='43.0364577495' lon='-95.318908888' />
  <node id='1280' timestamp='2026-09-02T12:00:00Z' uid='1' user='generator' visible='true' version='1' changeset='1' lat='43.0335841006' lon='-95.2505329292' />
  <node id='1281' timestamp='2026-09-02T12:00:00Z' uid='1' user='generator' visible='true' version='1' changeset='1' lat='43.0335841006' lon='-95.2477785515' />
  <node id='1282' timestamp='2026-09-02T12:00:00Z' uid='1' user='generator' visible='true' version='1' changeset='1' lat='43.0315716446' lon='-95.2477785515' />
  <node id='1283' timestamp='2026-09-02T12:00:00Z' uid='1' user='generator' visible='true' version='1' changeset='1' lat='43.0315716446' lon='-95.2505329292' />
  <node id='1284' timestamp='2026-09-02T12:00:00Z' uid='1' user='generator' visible='true' version='1' changeset='1' lat='43.0780702451' lon='-95.2787682374' />
  <node id='1285' timestamp='2026-09-02T12:00:00Z' uid='1' user='generator' visible='true' version='1' changeset='1' lat='43.0780702451' lon='-95.2760138598' />
  <node id='1286' timestamp='2026-09-02T12:00:00Z' uid='1' user='generator' visible='true' version='1' changeset='1' lat='43.0760577891' lon='-95.2760138598' />
  <node id='1287' timestamp='2026-09-02T12:00:00Z' uid='1' user='generator' visible='true' version='1' changeset='1' lat='43.0760577891' lon='-95.2787682374' />
  <node id='1288' timestamp='2026-09-02T12:00:00Z' uid='1' user='generator' visible='true' version='1' changeset='1' lat='43.0803284733' lon='-95.2756394297' />
  <node id='1289' timestamp='2026-09-02T12:00:00Z' uid='1' user='generator' visible='true' version='1' changeset='1' lat='43.0803284733' lon='-95.2607100197' />
  <node id='1290' timestamp='2026-09-02T12:00:00Z' uid='1' user='generator' visible='true' version='1' changeset='1' lat='43.0746281106' lon='-95.2607100197' />
  <node id='1291' timestamp='2026-09-02T12:00:00Z' uid='1' user='generator' visible='true' version='1' changeset='1' lat='43.0746281106' lon='-95.2756394297' />
  <node id='1292' timestamp='2026-09-02T12:00:00Z' uid='1' user='generator' visible='true' version='1' changeset='1' lat='43.0959460359' lon='-95.2921948151' />
  <node id='1293' timestamp='2026-09-02T12:00:00Z' uid='1' user='generator' visible='true' version='1' changeset='1' lat='43.0959460359' lon='-95.2812071635' />
  <node id='1294' timestamp='2026-09-02T12:00:00Z' uid='1' user='generator' visible='true' version='1' changeset='1' lat='43.0891122211' lon='-95.2812071635' />
  <node id='1295' timestamp='2026-09-02T12:00:00Z' uid='1' user='generator' visible='true' version='1' changeset='1' lat='43.0891122211' lon='-95.2921948151' />
  <node id='1296' timestamp='2026-09-02T12:00:00Z' uid='1' user='generator' visible='true' version='1' changeset='1' lat='43.0959460359' lon='-95.3118420912' />
  <node id='1297' timestamp='2026-09-02T12:00:00Z' uid='1' user='generator' visible='true' version='1' changeset='1' lat='43.0959460359' lon='-95.3000209794' />
  <node id='1298' timestamp='2026-09-02T12:00:00Z' uid='1' user='generator' visible='true' version='1' changeset='1' lat='43.0896820297' lon='-95.3000209794' />
  <node id='1299' timestamp='2026-09-02T12:00:00Z' uid='1' user='generator' visible='true' version='1' changeset='1' lat='43.0896820297' lon='-95.3118420912' />
  <node id='1300' timestamp='2026-09-02T12:00:00Z' uid='1' user='generator' visible='true' version='1' changeset='1' lat='43.0888242208' lon='-95.2906181117' />
  <node id='1301' timestamp='2026-09-02T12:00:00Z' uid='1' user='generator' visible='true' version='1' changeset='1' lat='43.0888242208' lon='-95.2803449039' />
  <node id='1302' timestamp='2026-09-02T12:00:00Z' uid='1' user='generator' visible='true' version='1' changeset='1' lat='43.0819060219' lon='-95.2803449039' />
  <node id='1303' timestamp='2026-09-02T12:00:00Z' uid='1' user='generator' visible='true' version='1' changeset='1' lat='43.0819060219' lon='-95.2906181117' />
  <node id='1304' timestamp='2026-09-02T12:00:00Z' uid='1' user='generator' visible='true' version='1' changeset='1' lat='43.084972622' lon='-95.2756394297' />
  <node id='1305' timestamp='2026-09-02T12:00:00Z' uid='1' user='generator' visible='true' version='1' changeset='1' lat='43.084972622' lon='-95.2607100197' />
  <node id='1306' timestamp='2026-09-02T12:00:00Z' uid='1' user='generator' visible='true' version='1' changeset='1' lat='43.0803644734' lon='-95.2607100197' />
  <node id='1307' timestamp='2026-09-02T12:00:00Z' uid='1' user='generator' visible='true' version='1' changeset='1' lat='43.0803644734' lon='-95.2756394297' />
  <node id='1308' timestamp='2026-09-02T12:00:00Z' uid='1' user='generator' visible='true' version='1' changeset='1' lat='43.0888242208' lon='-95.2401551292' />
  <node id='1309' timestamp='2026-09-02T12:00:00Z' uid='1' user='generator' visible='true' version='1' changeset='1' lat='43.0888242208' lon='-95.2354827658' />
  <node id='1310' timestamp='2026-09-02T12:00:00Z' uid='1' user='generator' visible='true' version='1' changeset='1' lat='43.0746281106' lon='-95.2354827658' />
  <node id='1311' timestamp='2026-09-02T12:00:00Z' uid='1' user='generator' visible='true' version='1' changeset='1' lat='43.0746281106' lon='-95.2401551292' />
  <node id='1312' timestamp='2026-09-02T12:00:00Z' uid='1' user='generator' visible='true' version='1' changeset='1' lat='43.0959460359' lon='-95.2599790206' />
  <node id='1313' timestamp='2026-09-02T12:00:00Z' uid='1' user='generator' visible='true' version='1' changeset='1' lat='43.0959460359' lon='-95.240549305' />
  <node id='1314' timestamp='2026-09-02T12:00:00Z' uid='1' user='generator' visible='true' version='1' changeset='1' lat='43.0925620326' lon='-95.240549305' />
  <node id='1315' timestamp='2026-09-02T12:00:00Z' uid='1' user='generator' visible='true' version='1' changeset='1' lat='43.0925620326' lon='-95.2599790206' />
  <node id='1316' timestamp='2026-09-02T12:00:00Z' uid='1' user='generator' visible='true' version='1' changeset='1' lat='43.0959460359' lon='-95.2401551292' />
  <node id='1317' timestamp='2026-09-02T12:00:00Z' uid='1' user='generator' visible='true' version='1' changeset='1' lat='43.0959460359' lon='-95.2308019277' />
  <node id='1318' timestamp='2026-09-02T12:00:00Z' uid='1' user='generator' visible='true' version='1' changeset='1' lat='43.0891122211' lon='-95.2308019277' />
  <node id='1319' timestamp='2026-09-02T12:00:00Z' uid='1' user='generator' visible='true' version='1' changeset='1' lat='43.0891122211' lon='-95.2401551292' />
  <node id='1320' timestamp='2026-09-02T12:00:00Z' uid='1' user='generator' visible='true' version='1' changeset='1' lat='43.0925260325' lon='-95.2793101923' />
  <node id='1321' timestamp='2026-09-02T12:00:00Z' uid='1' user='generator' visible='true' version='1' changeset='1' lat='43.0925260325' lon='-95.2611041956' />
  <node id='1322' timestamp='2026-09-02T12:00:00Z' uid='1' user='generator' visible='true' version='1' changeset='1' lat='43.0891122211' lon='-95.2611041956' />
  <node id='1323' timestamp='2026-09-02T12:00:00Z' uid='1' user='generator' visible='true' version='1' changeset='1' lat='43.0891122211' lon='-95.2793101923' />
  <node id='1324' timestamp='2026-09-02T12:00:00Z' uid='1' user='generator' visible='true' version='1' changeset='1' lat='43.0743401103' lon='-95.2793101923' />
  <node id='1325' timestamp='2026-09-02T12:00:00Z' uid='1' user='generator' visible='true' version='1' changeset='1' lat='43.0743401103' lon='-95.2694463976' />
  <node id='1326' timestamp='2026-09-02T12:00:00Z' uid='1' user='generator' visible='true' version='1' changeset='1' lat='43.0680820081' lon='-95.2694463976' />
  <node id='1327' timestamp='2026-09-02T12:00:00Z' uid='1' user='generator' visible='true' version='1' changeset='1' lat='43.0680820081' lon='-95.2793101923' />
  <node id='1328' timestamp='2026-09-02T12:00:00Z' uid='1' user='generator' visible='true' version='1' changeset='1' lat='43.0382801253' lon='-95.2401551292' />
  <node id='1329' timestamp='2026-09-02T12:00:00Z' uid='1' user='generator' visible='true' version='1' changeset='1' lat='43.0382801253' lon='-95.2315410074' />
  <node id='1330' timestamp='2026-09-02T12:00:00Z' uid='1' user='generator' visible='true' version='1' changeset='1' lat='43.0311757792' lon='-95.2315410074' />
  <node id='1331' timestamp='2026-09-02T12:00:00Z' uid='1' user='generator' visible='true' version='1' changeset='1' lat='43.0311757792' lon='-95.2401551292' />
  <node id='1332' timestamp='2026-09-02T12:00:00Z' uid='1' user='generator' visible='true' version='1' changeset='1' lat='43.0922380322' lon='-95.2599790206' />
  <node id='1333' timestamp='2026-09-02T12:00:00Z' uid='1' user='generator' visible='true' version='1' changeset='1' lat='43.0922380322' lon='-95.240549305' />
  <node id='1334' timestamp='2026-09-02T12:00:00Z' uid='1' user='generator' visible='true' version='1' changeset='1' lat='43.0891122211' lon='-95.240549305' />
  <node id='1335' timestamp='2026-09-02T12:00:00Z' uid='1' user='generator' visible='true' version='1' changeset='1' lat='43.0891122211' lon='-95.2599790206' />
  <node id='1336' timestamp='2026-09-02T12:00:00Z' uid='1' user='generator' visible='true' version='1' changeset='1' lat='43.0674700075' lon='-95.2693226633' />
  <node id='1337' timestamp='2026-09-02T12:00:00Z' uid='1' user='generator' visible='true' version='1' changeset='1' lat='43.0674700075' lon='-95.2611041956' />
  <node id='1338' timestamp='2026-09-02T12:00:00Z' uid='1' user='generator' visible='true' version='1' changeset='1' lat='43.0601800002' lon='-95.2611041956' />
  <node id='1339' timestamp='2026-09-02T12:00:00Z' uid='1' user='generator' visible='true' version='1' changeset='1' lat='43.0601800002' lon='-95.2693226633' />
  <node id='1340' timestamp='2026-09-02T12:00:00Z' uid='1' user='generator' visible='true' version='1' changeset='1' lat='43.0888242208' lon='-95.2756394297' />
  <node id='1341' timestamp='2026-09-02T12:00:00Z' uid='1' user='generator' visible='true' version='1' changeset='1' lat='43.0888242208' lon='-95.2607100197' />
  <node id='1342' timestamp='2026-09-02T12:00:00Z' uid='1' user='generator' visible='true' version='1' changeset='1' lat='43.085008622' lon='-95.2607100197' />
  <node id='1343' timestamp='2026-09-02T12:00:00Z' uid='1' user='generator' visible='true' version='1' changeset='1' lat='43.085008622' lon='-95.2756394297' />
  <node id='1344' timestamp='2026-09-02T12:00:00Z' uid='1' user='generator' visible='true' version='1' changeset='1' lat='43.0959460359' lon='-95.2793101923' />
  <node id='1345' timestamp='2026-09-02T12:00:00Z' uid='1' user='generator' visible='true' version='1' changeset='1' lat='43.0959460359' lon='-95.2611041956' />
  <node id='1346' timestamp='2026-09-02T12:00:00Z' uid='1' user='generator' visible='true' version='1' changeset='1' lat='43.0928500329' lon='-95.2611041956' />
  <node id='1347' timestamp='2026-09-02T12:00:00Z' uid='1' user='generator' visible='true' version='1' changeset='1' lat='43.0928500329' lon='-95.2793101923' />
  <node id='1348' timestamp='2026-09-02T12:00:00Z' uid='1' user='generator' visible='true' version='1' changeset='1' lat='43.0598199998' lon='-95.2346451422' />
  <node id='1349' timestamp='2026-09-02T12:00:00Z' uid='1' user='generator' visible='true' version='1' changeset='1' lat='43.0598199998' lon='-95.2308019277' />
  <node id='1350' timestamp='2026-09-02T12:00:00Z' uid='1' user='generator' visible='true' version='1' changeset='1' lat='43.0456598897' lon='-95.2308019277' />
  <node id='1351' timestamp='2026-09-02T12:00:00Z' uid='1' user='generator' visible='true' version='1' changeset='1' lat='43.0456598897' lon='-95.2346451422' />
  <node id='1352' timestamp='2026-09-02T12:00:00Z' uid='1' user='generator' visible='true' version='1' changeset='1' lat='43.0959460359' lon='-95.3291980723' />
  <node id='1353' timestamp='2026-09-02T12:00:00Z' uid='1' user='generator' visible='true' version='1' changeset='1' lat='43.0959460359' lon='-95.3206247477' />
  <node id='1354' timestamp='2026-09-02T12:00:00Z' uid='1' user='generator' visible='true' version='1' changeset='1' lat='43.0896820297' lon='-95.3206247477' />
  <node id='1355' timestamp='2026-09-02T12:00:00Z' uid='1' user='generator' visible='true' version='1' changeset='1' lat='43.0896820297' lon='-95.3291980723' />
  <node id='1356' timestamp='2026-09-02T12:00:00Z' uid='1' user='generator' visible='true' version='1' changeset='1' lat='43.0743401103' lon='-95.3104156181' />
  <node id='1357' timestamp='2026-09-02T12:00:00Z' uid='1' user='generator' visible='true' version='1' changeset='1' lat='43.0743401103' lon='-95.3020984832' />
  <node id='1358' timestamp='2026-09-02T12:00:00Z' uid='1' user='generator' visible='true' version='1' changeset='1' lat='43.068003141' lon='-95.3020984832' />
  <node id='1359' timestamp='2026-09-02T12:00:00Z' uid='1' user='generator' visible='true' version='1' changeset='1' lat='43.068003141' lon='-95.3104156181' />
  <node id='1360' timestamp='2026-09-02T12:00:00Z' uid='1' user='generator' visible='true' version='1' changeset='1' lat='43.0306059706' lon='-95.319450695' />
  <node id='1361' timestamp='2026-09-02T12:00:00Z' uid='1' user='generator' visible='true' version='1' changeset='1' lat='43.0306059706' lon='-95.3107100921' />
  <node id='1362' timestamp='2026-09-02T12:00:00Z' uid='1' user='generator' visible='true' version='1' changeset='1' lat='43.0245939646' lon='-95.3107100921' />
  <node id='1363' timestamp='2026-09-02T12:00:00Z' uid='1' user='generator' visible='true' version='1' changeset='1' lat='43.0245939646' lon='-95.319450695' />
  <node id='1364' timestamp='2026-09-02T12:00:00Z' uid='1' user='generator' visible='true' version='1' changeset='1' lat='43.0308877789' lon='-95.2559306376' />
  <node id='1365' timestamp='2026-09-02T12:00:00Z' uid='1' user='generator' visible='true' version='1' changeset='1' lat='43.0308877789' lon='-95.240549305' />
  <node id='1366' timestamp='2026-09-02T12:00:00Z' uid='1' user='generator' visible='true' version='1' changeset='1' lat='43.0274739675' lon='-95.240549305' />
  <node id='1367' timestamp='2026-09-02T12:00:00Z' uid='1' user='generator' visible='true' version='1' changeset='1' lat='43.0274739675' lon='-95.2559306376' />
  <node id='1368' timestamp='2026-09-02T12:00:00Z' uid='1' user='generator' visible='true' version='1' changeset='1' lat='43.0743401103' lon='-95.2693971256' />
  <node id='1369' timestamp='2026-09-02T12:00:00Z' uid='1' user='generator' visible='true' version='1' changeset='1' lat='43.0743401103' lon='-95.2611041956' />
  <node id='1370' timestamp='2026-09-02T12:00:00Z' uid='1' user='generator' visible='true' version='1' changeset='1' lat='43.0680820081' lon='-95.2611041956' />
  <node id='1371' timestamp='2026-09-02T12:00:00Z' uid='1' user='generator' visible='true' version='1' changeset='1' lat='43.0680820081' lon='-95.2693971256' />
  <node id='1372' timestamp='2026-09-02T12:00:00Z' uid='1' user='generator' visible='true' version='1' changeset='1' lat='43.0596939997' lon='-95.2921948151' />
  <node id='1373' timestamp='2026-09-02T12:00:00Z' uid='1' user='generator' visible='true' version='1' changeset='1' lat='43.0596939997' lon='-95.2839663944' />
  <node id='1374' timestamp='2026-09-02T12:00:00Z' uid='1' user='generator' visible='true' version='1' changeset='1' lat='43.0533939934' lon='-95.2839663944' />
  <node id='1375' timestamp='2026-09-02T12:00:00Z' uid='1' user='generator' visible='true' version='1' changeset='1' lat='43.0533939934' lon='-95.2921948151' />
  <node id='1376' timestamp='2026-09-02T12:00:00Z' uid='1' user='generator' visible='true' version='1' changeset='1' lat='43.067967141' lon='-95.3104156181' />
  <node id='1377' timestamp='2026-09-02T12:00:00Z' uid='1' user='generator' visible='true' version='1' changeset='1' lat='43.067967141' lon='-95.3020984832' />
  <node id='1378' timestamp='2026-09-02T12:00:00Z' uid='1' user='generator' visible='true' version='1' changeset='1' lat='43.062034002' lon='-95.3020984832' />
  <node id='1379' timestamp='2026-09-02T12:00:00Z' uid='1' user='generator' visible='true' version='1' changeset='1' lat='43.062034002' lon='-95.3104156181' />
  <node id='1380' timestamp='2026-09-02T12:00:00Z' uid='1' user='generator' visible='true' version='1' changeset='1' lat='43.0527747568' lon='-95.2599790206' />
  <node id='1381' timestamp='2026-09-02T12:00:00Z' uid='1' user='generator' visible='true' version='1' changeset='1' lat='43.0527747568' lon='-95.2525178509' />
  <node id='1382' timestamp='2026-09-02T12:00:00Z' uid='1' user='generator' visible='true' version='1' changeset='1' lat='43.0461939862' lon='-95.2525178509' />
  <node id='1383' timestamp='2026-09-02T12:00:00Z' uid='1' user='generator' visible='true' version='1' changeset='1' lat='43.0461939862' lon='-95.2599790206' />
  <node id='1384' timestamp='2026-09-02T12:00:00Z' uid='1' user='generator' visible='true' version='1' changeset='1' lat='43.0308877789' lon='-95.2996268035' />
  <node id='1385' timestamp='2026-09-02T12:00:00Z' uid='1' user='generator' visible='true' version='1' changeset='1' lat='43.0308877789' lon='-95.2919760229' />
  <node id='1386' timestamp='2026-09-02T12:00:00Z' uid='1' user='generator' visible='true' version='1' changeset='1' lat='43.0245939646' lon='-95.2919760229' />
  <node id='1387' timestamp='2026-09-02T12:00:00Z' uid='1' user='generator' visible='true' version='1' changeset='1' lat='43.0245939646' lon='-95.2996268035' />
  <node id='1388' timestamp='2026-09-02T12:00:00Z' uid='1' user='generator' visible='true' version='1' changeset='1' lat='43.0743401103' lon='-95.3143762353' />
  <node id='1389' timestamp='2026-09-02T12:00:00Z' uid='1' user='generator' visible='true' version='1' changeset='1' lat='43.0743401103' lon='-95.31046489' />
  <node id='1390' timestamp='2026-09-02T12:00:00Z' uid='1' user='generator' visible='true' version='1' changeset='1' lat='43.062034002' lon='-95.31046489' />
  <node id='1391' timestamp='2026-09-02T12:00:00Z' uid='1' user='generator' visible='true' version='1' changeset='1' lat='43.062034002' lon='-95.3143762353' />
  <node id='1392' timestamp='2026-09-02T12:00:00Z' uid='1' user='generator' visible='true' version='1' changeset='1' lat='43.0959460359' lon='-95.319450695' />
  <node id='1393' timestamp='2026-09-02T12:00:00Z' uid='1' user='generator' visible='true' version='1' changeset='1' lat='43.0959460359' lon='-95.3118913631' />
  <node id='1394' timestamp='2026-09-02T12:00:00Z' uid='1' user='generator' visible='true' version='1' changeset='1' lat='43.0896820297' lon='-95.3118913631' />
  <node id='1395' timestamp='2026-09-02T12:00:00Z' uid='1' user='generator' visible='true' version='1' changeset='1' lat='43.0896820297' lon='-95.319450695' />
  <node id='1396' timestamp='2026-09-02T12:00:00Z' uid='1' user='generator' visible='true' version='1' changeset='1' lat='43.0888242208' lon='-95.3055967938' />
  <node id='1397' timestamp='2026-09-02T12:00:00Z' uid='1' user='generator' visible='true' version='1' changeset='1' lat='43.0888242208' lon='-95.3000209794' />
  <node id='1398' timestamp='2026-09-02T12:00:00Z' uid='1' user='generator' visible='true' version='1' changeset='1' lat='43.0806490626' lon='-95.3000209794' />
  <node id='1399' timestamp='2026-09-02T12:00:00Z' uid='1' user='generator' visible='true' version='1' changeset='1' lat='43.0806490626' lon='-95.3055967938' />
  <node id='1400' timestamp='2026-09-02T12:00:00Z' uid='1' user='generator' visible='true' version='1' changeset='1' lat='43.0598199998' lon='-95.2705112759' />
  <node id='1401' timestamp='2026-09-02T12:00:00Z' uid='1' user='generator' visible='true' version='1' changeset='1' lat='43.0598199998' lon='-95.2651346559' />
  <node id='1402' timestamp='2026-09-02T12:00:00Z' uid='1' user='generator' visible='true' version='1' changeset='1' lat='43.0513779914' lon='-95.2651346559' />
  <node id='1403' timestamp='2026-09-02T12:00:00Z' uid='1' user='generator' visible='true' version='1' changeset='1' lat='43.0513779914' lon='-95.2705112759' />
  <node id='1404' timestamp='2026-09-02T12:00:00Z' uid='1' user='generator' visible='true' version='1' changeset='1' lat='43.0368153828' lon='-95.3288531684' />
  <node id='1405' timestamp='2026-09-02T12:00:00Z' uid='1' user='generator' visible='true' version='1' changeset='1' lat='43.0368153828' lon='-95.3198448708' />
  <node id='1406' timestamp='2026-09-02T12:00:00Z' uid='1' user='generator' visible='true' version='1' changeset='1' lat='43.0317939718' lon='-95.3198448708' />
  <node id='1407' timestamp='2026-09-02T12:00:00Z' uid='1' user='generator' visible='true' version='1' changeset='1' lat='43.0317939718' lon='-95.3288531684' />
  <node id='1408' timestamp='2026-09-02T12:00:00Z' uid='1' user='generator' visible='true' version='1' changeset='1' lat='43.0888242208' lon='-95.2996268035' />
  <node id='1409' timestamp='2026-09-02T12:00:00Z' uid='1' user='generator' visible='true' version='1' changeset='1' lat='43.0888242208' lon='-95.2930324388' />
  <node id='1410' timestamp='2026-09-02T12:00:00Z' uid='1' user='generator' visible='true' version='1' changeset='1' lat='43.081979921' lon='-95.2930324388' />
  <node id='1411' timestamp='2026-09-02T12:00:00Z' uid='1' user='generator' visible='true' version='1' changeset='1' lat='43.081979921' lon='-95.2996268035' />
  <node id='1412' timestamp='2026-09-02T12:00:00Z' uid='1' user='generator' visible='true' version='1' changeset='1' lat='43.0959460359' lon='-95.2996268035' />
  <node id='1413' timestamp='2026-09-02T12:00:00Z' uid='1' user='generator' visible='true' version='1' changeset='1' lat='43.0959460359' lon='-95.2930324388' />
  <node id='1414' timestamp='2026-09-02T12:00:00Z' uid='1' user='generator' visible='true' version='1' changeset='1' lat='43.0891122211' lon='-95.2930324388' />
  <node id='1415' timestamp='2026-09-02T12:00:00Z' uid='1' user='generator' visible='true' version='1' changeset='1' lat='43.0891122211' lon='-95.2996268035' />
  <node id='1416' timestamp='2026-09-02T12:00:00Z' uid='1' user='generator' visible='true' version='1' changeset='1' lat='43.0888242208' lon='-95.3291980723' />
  <node id='1417' timestamp='2026-09-02T12:00:00Z' uid='1' user='generator' visible='true' version='1' changeset='1' lat='43.0888242208' lon='-95.3237781545' />
  <node id='1418' timestamp='2026-09-02T12:00:00Z' uid='1' user='generator' visible='true' version='1' changeset='1' lat='43.0805227475' lon='-95.3237781545' />
  <node id='1419' timestamp='2026-09-02T12:00:00Z' uid='1' user='generator' visible='true' version='1' changeset='1' lat='43.0805227475' lon='-95.3291980723' />
  <node id='1420' timestamp='2026-09-02T12:00:00Z' uid='1' user='generator' visible='true' version='1' changeset='1' lat='43.0743401103' lon='-95.2397694281' />
  <node id='1421' timestamp='2026-09-02T12:00:00Z' uid='1' user='generator' visible='true' version='1' changeset='1' lat='43.0743401103' lon='-95.2362711175' />
  <node id='1422' timestamp='2026-09-02T12:00:00Z' uid='1' user='generator' visible='true' version='1' changeset='1' lat='43.062034002' lon='-95.2362711175' />
  <node id='1423' timestamp='2026-09-02T12:00:00Z' uid='1' user='generator' visible='true' version='1' changeset='1' lat='43.062034002' lon='-95.2397694281' />
  <node id='1424' timestamp='2026-09-02T12:00:00Z' uid='1' user='generator' visible='true' version='1' changeset='1' lat='43.0743401103' lon='-95.3291980723' />
  <node id='1425' timestamp='2026-09-02T12:00:00Z' uid='1' user='generator' visible='true' version='1' changeset='1' lat='43.0743401103' lon='-95.3206247477' />
  <node id='1426' timestamp='2026-09-02T12:00:00Z' uid='1' user='generator' visible='true' version='1' changeset='1' lat='43.0694102204' lon='-95.3206247477' />
  <node id='1427' timestamp='2026-09-02T12:00:00Z' uid='1' user='generator' visible='true' version='1' changeset='1' lat='43.0694102204' lon='-95.3291980723' />
  <node id='1428' timestamp='2026-09-02T12:00:00Z' uid='1' user='generator' visible='true' version='1' changeset='1' lat='43.0582539983' lon='-95.2599790206' />
  <node id='1429' timestamp='2026-09-02T12:00:00Z' uid='1' user='generator' visible='true' version='1' changeset='1' lat='43.0582539983' lon='-95.2525178509' />
  <node id='1430' timestamp='2026-09-02T12:00:00Z' uid='1' user='generator' visible='true' version='1' changeset='1' lat='43.0528107568' lon='-95.2525178509' />
  <node id='1431' timestamp='2026-09-02T12:00:00Z' uid='1' user='generator' visible='true' version='1' changeset='1' lat='43.0528107568' lon='-95.2599790206' />
  <node id='1432' timestamp='2026-09-02T12:00:00Z' uid='1' user='generator' visible='true' version='1' changeset='1' lat='43.0705992926' lon='-95.2914064634' />
  <node id='1433' timestamp='2026-09-02T12:00:00Z' uid='1' user='generator' visible='true' version='1' changeset='1' lat='43.0705992926' lon='-95.2812071635' />
  <node id='1434' timestamp='2026-09-02T12:00:00Z' uid='1' user='generator' visible='true' version='1' changeset='1' lat='43.0666420066' lon='-95.2812071635' />
  <node id='1435' timestamp='2026-09-02T12:00:00Z' uid='1' user='generator' visible='true' version='1' changeset='1' lat='43.0666420066' lon='-95.2914064634' />
  <node id='1436' timestamp='2026-09-02T12:00:00Z' uid='1' user='generator' visible='true' version='1' changeset='1' lat='43.0453718894' lon='-95.2599790206' />
  <node id='1437' timestamp='2026-09-02T12:00:00Z' uid='1' user='generator' visible='true' version='1' changeset='1' lat='43.0453718894' lon='-95.2508556237' />
  <node id='1438' timestamp='2026-09-02T12:00:00Z' uid='1' user='generator' visible='true' version='1' changeset='1' lat='43.0412979813' lon='-95.2508556237' />
  <node id='1439' timestamp='2026-09-02T12:00:00Z' uid='1' user='generator' visible='true' version='1' changeset='1' lat='43.0412979813' lon='-95.2599790206' />
  <node id='1440' timestamp='2026-09-02T12:00:00Z' uid='1' user='generator' visible='true' version='1' changeset='1' lat='43.0512836353' lon='-95.2478127956' />
  <node id='1441' timestamp='2026-09-02T12:00:00Z' uid='1' user='generator' visible='true' version='1' changeset='1' lat='43.0512836353' lon='-95.240549305' />
  <node id='1442' timestamp='2026-09-02T12:00:00Z' uid='1' user='generator' visible='true' version='1' changeset='1' lat='43.0461939862' lon='-95.240549305' />
  <node id='1443' timestamp='2026-09-02T12:00:00Z' uid='1' user='generator' visible='true' version='1' changeset='1' lat='43.0461939862' lon='-95.2478127956' />
  <node id='1444' timestamp='2026-09-02T12:00:00Z' uid='1' user='generator' visible='true' version='1' changeset='1' lat='43.0888242208' lon='-95.2791870123' />
  <node id='1445' timestamp='2026-09-02T12:00:00Z' uid='1' user='generator' visible='true' version='1' changeset='1' lat='43.0888242208' lon='-95.2756887017' />
  <node id='1446' timestamp='2026-09-02T12:00:00Z' uid='1' user='generator' visible='true' version='1' changeset='1' lat='43.0784500185' lon='-95.2756887017' />
  <node id='1447' timestamp='2026-09-02T12:00:00Z' uid='1' user='generator' visible='true' version='1' changeset='1' lat='43.0784500185' lon='-95.2791870123' />
  <node id='1448' timestamp='2026-09-02T12:00:00Z' uid='1' user='generator' visible='true' version='1' changeset='1' lat='43.0527819928' lon='-95.2985016286' />
  <node id='1449' timestamp='2026-09-02T12:00:00Z' uid='1' user='generator' visible='true' version='1' changeset='1' lat='43.0527819928' lon='-95.2918511923' />
  <node id='1450' timestamp='2026-09-02T12:00:00Z' uid='1' user='generator' visible='true' version='1' changeset='1' lat='43.0473459873' lon='-95.2918511923' />
  <node id='1451' timestamp='2026-09-02T12:00:00Z' uid='1' user='generator' visible='true' version='1' changeset='1' lat='43.0473459873' lon='-95.2985016286' />
  <node id='1452' timestamp='2026-09-02T12:00:00Z' uid='1' user='generator' visible='true' version='1' changeset='1' lat='43.0740940141' lon='-95.2914064634' />
  <node id='1453' timestamp='2026-09-02T12:00:00Z' uid='1' user='generator' visible='true' version='1' changeset='1' lat='43.0740940141' lon='-95.2812071635' />
  <node id='1454' timestamp='2026-09-02T12:00:00Z' uid='1' user='generator' visible='true' version='1' changeset='1' lat='43.0706352926' lon='-95.2812071635' />
  <node id='1455' timestamp='2026-09-02T12:00:00Z' uid='1' user='generator' visible='true' version='1' changeset='1' lat='43.0706352926' lon='-95.2914064634' />
  <node id='1456' timestamp='2026-09-02T12:00:00Z' uid='1' user='generator' visible='true' version='1' changeset='1' lat='43.0363659764' lon='-95.2472587691' />
  <node id='1457' timestamp='2026-09-02T12:00:00Z' uid='1' user='generator' visible='true' version='1' changeset='1' lat='43.0363659764' lon='-95.240549305' />
  <node id='1458' timestamp='2026-09-02T12:00:00Z' uid='1' user='generator' visible='true' version='1' changeset='1' lat='43.0311757792' lon='-95.240549305' />
  <node id='1459' timestamp='2026-09-02T12:00:00Z' uid='1' user='generator' visible='true' version='1' changeset='1' lat='43.0311757792' lon='-95.2472587691' />
  <node id='1460' timestamp='2026-09-02T12:00:00Z' uid='1' user='generator' visible='true' version='1' changeset='1' lat='43.0582539983' lon='-95.2524685789' />
  <node id='1461' timestamp='2026-09-02T12:00:00Z' uid='1' user='generator' visible='true' version='1' changeset='1' lat='43.0582539983' lon='-95.2478620676' />
  <node id='1462' timestamp='2026-09-02T12:00:00Z' uid='1' user='generator' visible='true' version='1' changeset='1' lat='43.0508511849' lon='-95.2478620676' />
  <node id='1463' timestamp='2026-09-02T12:00:00Z' uid='1' user='generator' visible='true' version='1' changeset='1' lat='43.0508511849' lon='-95.2524685789' />
  <node id='1464' timestamp='2026-09-02T12:00:00Z' uid='1' user='generator' visible='true' version='1' changeset='1' lat='43.0401099801' lon='-95.257507341' />
  <node id='1465' timestamp='2026-09-02T12:00:00Z' uid='1' user='generator' visible='true' version='1' changeset='1' lat='43.0401099801' lon='-95.2483530136' />
  <node id='1466' timestamp='2026-09-02T12:00:00Z' uid='1' user='generator' visible='true' version='1' changeset='1' lat='43.0364019764' lon='-95.2483530136' />
  <node id='1467' timestamp='2026-09-02T12:00:00Z' uid='1' user='generator' visible='true' version='1' changeset='1' lat='43.0364019764' lon='-95.257507341' />
  <node id='1468' timestamp='2026-09-02T12:00:00Z' uid='1' user='generator' visible='true' version='1' changeset='1' lat='43.0598199998' lon='-95.2650853839' />
  <node id='1469' timestamp='2026-09-02T12:00:00Z' uid='1' user='generator' visible='true' version='1' changeset='1' lat='43.0598199998' lon='-95.2611041956' />
  <node id='1470' timestamp='2026-09-02T12:00:00Z' uid='1' user='generator' visible='true' version='1' changeset='1' lat='43.0513779914' lon='-95.2611041956' />
  <node id='1471' timestamp='2026-09-02T12:00:00Z' uid='1' user='generator' visible='true' version='1' changeset='1' lat='43.0513779914' lon='-95.2650853839' />
  <node id='1472' timestamp='2026-09-02T12:00:00Z' uid='1' user='generator' visible='true' version='1' changeset='1' lat='43.0693742204' lon='-95.3291980723' />
  <node id='1473' timestamp='2026-09-02T12:00:00Z' uid='1' user='generator' visible='true' version='1' changeset='1' lat='43.0693742204' lon='-95.3206247477' />
  <node id='1474' timestamp='2026-09-02T12:00:00Z' uid='1' user='generator' visible='true' version='1' changeset='1' lat='43.0654783145' lon='-95.3206247477' />
  <node id='1475' timestamp='2026-09-02T12:00:00Z' uid='1' user='generator' visible='true' version='1' changeset='1' lat='43.0654783145' lon='-95.3291980723' />
  <node id='1476' timestamp='2026-09-02T12:00:00Z' uid='1' user='generator' visible='true' version='1' changeset='1' lat='43.0806130626' lon='-95.3055967938' />
  <node id='1477' timestamp='2026-09-02T12:00:00Z' uid='1' user='generator' visible='true' version='1' changeset='1' lat='43.0806130626' lon='-95.3000209794' />
  <node id='1478' timestamp='2026-09-02T12:00:00Z' uid='1' user='generator' visible='true' version='1' changeset='1' lat='43.0746281106' lon='-95.3000209794' />
  <node id='1479' timestamp='2026-09-02T12:00:00Z' uid='1' user='generator' visible='true' version='1' changeset='1' lat='43.0746281106' lon='-95.3055967938' />
  <node id='1480' timestamp='2026-09-02T12:00:00Z' uid='1' user='generator' visible='true' version='1' changeset='1' lat='43.0453718894' lon='-95.2401551292' />
  <node id='1481' timestamp='2026-09-02T12:00:00Z' uid='1' user='generator' visible='true' version='1' changeset='1' lat='43.0453718894' lon='-95.2315410074' />
  <node id='1482' timestamp='2026-09-02T12:00:00Z' uid='1' user='generator' visible='true' version='1' changeset='1' lat='43.0415223515' lon='-95.2315410074' />
  <node id='1483' timestamp='2026-09-02T12:00:00Z' uid='1' user='generator' visible='true' version='1' changeset='1' lat='43.0415223515' lon='-95.2401551292' />
  <node id='1484' timestamp='2026-09-02T12:00:00Z' uid='1' user='generator' visible='true' version='1' changeset='1' lat='43.0452939853' lon='-95.2697267921' />
  <node id='1485' timestamp='2026-09-02T12:00:00Z' uid='1' user='generator' visible='true' version='1' changeset='1' lat='43.0452939853' lon='-95.2645391424' />
  <node id='1486' timestamp='2026-09-02T12:00:00Z' uid='1' user='generator' visible='true' version='1' changeset='1' lat='43.038993979' lon='-95.2645391424' />
  <node id='1487' timestamp='2026-09-02T12:00:00Z' uid='1' user='generator' visible='true' version='1' changeset='1' lat='43.038993979' lon='-95.2697267921' />
  <node id='1488' timestamp='2026-09-02T12:00:00Z' uid='1' user='generator' visible='true' version='1' changeset='1' lat='43.0795660196' lon='-95.2488795339' />
  <node id='1489' timestamp='2026-09-02T12:00:00Z' uid='1' user='generator' visible='true' version='1' changeset='1' lat='43.0795660196' lon='-95.2413954035' />
  <node id='1490' timestamp='2026-09-02T12:00:00Z' uid='1' user='generator' visible='true' version='1' changeset='1' lat='43.0752820153' lon='-95.2413954035' />
  <node id='1491' timestamp='2026-09-02T12:00:00Z' uid='1' user='generator' visible='true' version='1' changeset='1' lat='43.0752820153' lon='-95.2488795339' />
  <node id='1492' timestamp='2026-09-02T12:00:00Z' uid='1' user='generator' visible='true' version='1' changeset='1' lat='43.084993286' lon='-95.2480471208' />
  <node id='1493' timestamp='2026-09-02T12:00:00Z' uid='1' user='generator' visible='true' version='1' changeset='1' lat='43.084993286' lon='-95.2413954035' />
  <node id='1494' timestamp='2026-09-02T12:00:00Z' uid='1' user='generator' visible='true' version='1' changeset='1' lat='43.0801780202' lon='-95.2413954035' />
  <node id='1495' timestamp='2026-09-02T12:00:00Z' uid='1' user='generator' visible='true' version='1' changeset='1' lat='43.0801780202' lon='-95.2480471208' />
  <node id='1496' timestamp='2026-09-02T12:00:00Z' uid='1' user='generator' visible='true' version='1' changeset='1' lat='43.0743401103' lon='-95.2358276697' />
  <node id='1497' timestamp='2026-09-02T12:00:00Z' uid='1' user='generator' visible='true' version='1' changeset='1' lat='43.0743401103' lon='-95.2315410074' />
  <node id='1498' timestamp='2026-09-02T12:00:00Z' uid='1' user='generator' visible='true' version='1' changeset='1' lat='43.0668947809' lon='-95.2315410074' />
  <node id='1499' timestamp='2026-09-02T12:00:00Z' uid='1' user='generator' visible='true' version='1' changeset='1' lat='43.0668947809' lon='-95.2358276697' />
  <node id='1500' timestamp='2026-09-02T12:00:00Z' uid='1' user='generator' visible='true' version='1' changeset='1' lat='43.0306059706' lon='-95.3106608201' />
  <node id='1501' timestamp='2026-09-02T12:00:00Z' uid='1' user='generator' visible='true' version='1' changeset='1' lat='43.0306059706' lon='-95.3053609041' />
  <node id='1502' timestamp='2026-09-02T12:00:00Z' uid='1' user='generator' visible='true' version='1' changeset='1' lat='43.0245939646' lon='-95.3053609041' />
  <node id='1503' timestamp='2026-09-02T12:00:00Z' uid='1' user='generator' visible='true' version='1' changeset='1' lat='43.0245939646' lon='-95.3106608201' />
  <node id='1504' timestamp='2026-09-02T12:00:00Z' uid='1' user='generator' visible='true' version='1' changeset='1' lat='43.0804867475' lon='-95.3291980723' />
  <node id='1505' timestamp='2026-09-02T12:00:00Z' uid='1' user='generator' visible='true' version='1' changeset='1' lat='43.0804867475' lon='-95.3237781545' />
  <node id='1506' timestamp='2026-09-02T12:00:00Z' uid='1' user='generator' visible='true' version='1' changeset='1' lat='43.0746281106' lon='-95.3237781545' />
  <node id='1507' timestamp='2026-09-02T12:00:00Z' uid='1' user='generator' visible='true' version='1' changeset='1' lat='43.0746281106' lon='-95.3291980723' />
  <node id='1508' timestamp='2026-09-02T12:00:00Z' uid='1' user='generator' visible='true' version='1' changeset='1' lat='43.0349014859' lon='-95.3085656769' />
  <node id='1509' timestamp='2026-09-02T12:00:00Z' uid='1' user='generator' visible='true' version='1' changeset='1' lat='43.0349014859' lon='-95.3001276039' />
  <node id='1510' timestamp='2026-09-02T12:00:00Z' uid='1' user='generator' visible='true' version='1' changeset='1' lat='43.0311757792' lon='-95.3001276039' />
  <node id='1511' timestamp='2026-09-02T12:00:00Z' uid='1' user='generator' visible='true' version='1' changeset='1' lat='43.0311757792' lon='-95.3085656769' />
  <node id='1512' timestamp='2026-09-02T12:00:00Z' uid='1' user='generator' visible='true' version='1' changeset='1' lat='43.0819439209' lon='-95.2996268035' />
  <node id='1513' timestamp='2026-09-02T12:00:00Z' uid='1' user='generator' visible='true' version='1' changeset='1' lat='43.0819439209' lon='-95.2930324388' />
  <node id='1514' timestamp='2026-09-02T12:00:00Z' uid='1' user='generator' visible='true' version='1' changeset='1' lat='43.0772980173' lon='-95.2930324388' />
  <node id='1515' timestamp='2026-09-02T12:00:00Z' uid='1' user='generator' visible='true' version='1' changeset='1' lat='43.0772980173' lon='-95.2996268035' />
  <node id='1516' timestamp='2026-09-02T12:00:00Z' uid='1' user='generator' visible='true' version='1' changeset='1' lat='43.0582539983' lon='-95.2401551292' />
  <node id='1517' timestamp='2026-09-02T12:00:00Z' uid='1' user='generator' visible='true' version='1' changeset='1' lat='43.0582539983' lon='-95.2354827658' />
  <node id='1518' timestamp='2026-09-02T12:00:00Z' uid='1' user='generator' visible='true' version='1' changeset='1' lat='43.0517005697' lon='-95.2354827658' />
  <node id='1519' timestamp='2026-09-02T12:00:00Z' uid='1' user='generator' visible='true' version='1' changeset='1' lat='43.0517005697' lon='-95.2401551292' />
  <node id='1520' timestamp='2026-09-02T12:00:00Z' uid='1' user='generator' visible='true' version='1' changeset='1' lat='43.0527819928' lon='-95.2918019203' />
  <node id='1521' timestamp='2026-09-02T12:00:00Z' uid='1' user='generator' visible='true' version='1' changeset='1' lat='43.0527819928' lon='-95.286224246' />
  <node id='1522' timestamp='2026-09-02T12:00:00Z' uid='1' user='generator' visible='true' version='1' changeset='1' lat='43.0473459873' lon='-95.286224246' />
  <node id='1523' timestamp='2026-09-02T12:00:00Z' uid='1' user='generator' visible='true' version='1' changeset='1' lat='43.0473459873' lon='-95.2918019203' />
  <node id='1524' timestamp='2026-09-02T12:00:00Z' uid='1' user='generator' visible='true' version='1' changeset='1' lat='43.0308877789' lon='-95.2919267509' />
  <node id='1525' timestamp='2026-09-02T12:00:00Z' uid='1' user='generator' visible='true' version='1' changeset='1' lat='43.0308877789' lon='-95.2871198011' />
  <node id='1526' timestamp='2026-09-02T12:00:00Z' uid='1' user='generator' visible='true' version='1' changeset='1' lat='43.0245939646' lon='-95.2871198011' />
  <node id='1527' timestamp='2026-09-02T12:00:00Z' uid='1' user='generator' visible='true' version='1' changeset='1' lat='43.0245939646' lon='-95.2919267509' />
  <node id='1528' timestamp='2026-09-02T12:00:00Z' uid='1' user='generator' visible='true' version='1' changeset='1' lat='43.0598199998' lon='-95.3288531684' />
  <node id='1529' timestamp='2026-09-02T12:00:00Z' uid='1' user='generator' visible='true' version='1' changeset='1' lat='43.0598199998' lon='-95.3245665062' />
  <node id='1530' timestamp='2026-09-02T12:00:00Z' uid='1' user='generator' visible='true' version='1' changeset='1' lat='43.0528179928' lon='-95.3245665062' />
  <node id='1531' timestamp='2026-09-02T12:00:00Z' uid='1' user='generator' visible='true' version='1' changeset='1' lat='43.0528179928' lon='-95.3288531684' />
  <node id='1532' timestamp='2026-09-02T12:00:00Z' uid='1' user='generator' visible='true' version='1' changeset='1' lat='43.0743401103' lon='-95.2599790206' />
  <node id='1533' timestamp='2026-09-02T12:00:00Z' uid='1' user='generator' visible='true' version='1' changeset='1' lat='43.0743401103' lon='-95.2544032062' />
  <node id='1534' timestamp='2026-09-02T12:00:00Z' uid='1' user='generator' visible='true' version='1' changeset='1' lat='43.0689838' lon='-95.2544032062' />
  <node id='1535' timestamp='2026-09-02T12:00:00Z' uid='1' user='generator' visible='true' version='1' changeset='1' lat='43.0689838' lon='-95.2599790206' />
  <node id='1536' timestamp='2026-09-02T12:00:00Z' uid='1' user='generator' visible='true' version='1' changeset='1' lat='43.0598199998' lon='-95.2764277814' />
  <node id='1537' timestamp='2026-09-02T12:00:00Z' uid='1' user='generator' visible='true' version='1' changeset='1' lat='43.0598199998' lon='-95.2705605479' />
  <node id='1538' timestamp='2026-09-02T12:00:00Z' uid='1' user='generator' visible='true' version='1' changeset='1' lat='43.0548046728' lon='-95.2705605479' />
  <node id='1539' timestamp='2026-09-02T12:00:00Z' uid='1' user='generator' visible='true' version='1' changeset='1' lat='43.0548046728' lon='-95.2764277814' />
  <node id='1540' timestamp='2026-09-02T12:00:00Z' uid='1' user='generator' visible='true' version='1' changeset='1' lat='43.0654423144' lon='-95.3291980723' />
  <node id='1541' timestamp='2026-09-02T12:00:00Z' uid='1' user='generator' visible='true' version='1' changeset='1' lat='43.0654423144' lon='-95.3206247477' />
  <node id='1542' timestamp='2026-09-02T12:00:00Z' uid='1' user='generator' visible='true' version='1' changeset='1' lat='43.062034002' lon='-95.3206247477' />
  <node id='1543' timestamp='2026-09-02T12:00:00Z' uid='1' user='generator' visible='true' version='1' changeset='1' lat='43.062034002' lon='-95.3291980723' />
  <node id='1544' timestamp='2026-09-02T12:00:00Z' uid='1' user='generator' visible='true' version='1' changeset='1' lat='43.0308877789' lon='-95.3291980723' />
  <node id='1545' timestamp='2026-09-02T12:00:00Z' uid='1' user='generator' visible='true' version='1' changeset='1' lat='43.0308877789' lon='-95.3245665062' />
  <node id='1546' timestamp='2026-09-02T12:00:00Z' uid='1' user='generator' visible='true' version='1' changeset='1' lat='43.0245939646' lon='-95.3245665062' />
  <node id='1547' timestamp='2026-09-02T12:00:00Z' uid='1' user='generator' visible='true' version='1' changeset='1' lat='43.0245939646' lon='-95.3291980723' />
  <node id='1548' timestamp='2026-09-02T12:00:00Z' uid='1' user='generator' visible='true' version='1' changeset='1' lat='43.0453718894' lon='-95.2772161331' />
  <node id='1549' timestamp='2026-09-02T12:00:00Z' uid='1' user='generator' visible='true' version='1' changeset='1' lat='43.0453718894' lon='-95.2701702399' />
  <node id='1550' timestamp='2026-09-02T12:00:00Z' uid='1' user='generator' visible='true' version='1' changeset='1' lat='43.0412979813' lon='-95.2701702399' />
  <node id='1551' timestamp='2026-09-02T12:00:00Z' uid='1' user='generator' visible='true' version='1' changeset='1' lat='43.0412979813' lon='-95.2772161331' />
  <node id='1552' timestamp='2026-09-02T12:00:00Z' uid='1' user='generator' visible='true' version='1' changeset='1' lat='43.0743401103' lon='-95.3193929482' />
  <node id='1553' timestamp='2026-09-02T12:00:00Z' uid='1' user='generator' visible='true' version='1' changeset='1' lat='43.0743401103' lon='-95.3144255073' />
  <node id='1554' timestamp='2026-09-02T12:00:00Z' uid='1' user='generator' visible='true' version='1' changeset='1' lat='43.0686030366' lon='-95.3144255073' />
  <node id='1555' timestamp='2026-09-02T12:00:00Z' uid='1' user='generator' visible='true' version='1' changeset='1' lat='43.0686030366' lon='-95.3193929482' />
  <node id='1556' timestamp='2026-09-02T12:00:00Z' uid='1' user='generator' visible='true' version='1' changeset='1' lat='43.0516645697' lon='-95.2401551292' />
  <node id='1557' timestamp='2026-09-02T12:00:00Z' uid='1' user='generator' visible='true' version='1' changeset='1' lat='43.0516645697' lon='-95.2354827658' />
  <node id='1558' timestamp='2026-09-02T12:00:00Z' uid='1' user='generator' visible='true' version='1' changeset='1' lat='43.0456598897' lon='-95.2354827658' />
  <node id='1559' timestamp='2026-09-02T12:00:00Z' uid='1' user='generator' visible='true' version='1' changeset='1' lat='43.0456598897' lon='-95.2401551292' />
  <node id='1560' timestamp='2026-09-02T12:00:00Z' uid='1' user='generator' visible='true' version='1' changeset='1' lat='43.0598199998' lon='-95.2992899803' />
  <node id='1561' timestamp='2026-09-02T12:00:00Z' uid='1' user='generator' visible='true' version='1' changeset='1' lat='43.0598199998' lon='-95.295003318' />
  <node id='1562' timestamp='2026-09-02T12:00:00Z' uid='1' user='generator' visible='true' version='1' changeset='1' lat='43.0533939934' lon='-95.295003318' />
  <node id='1563' timestamp='2026-09-02T12:00:00Z' uid='1' user='generator' visible='true' version='1' changeset='1' lat='43.0533939934' lon='-95.2992899803' />
  <node id='1564' timestamp='2026-09-02T12:00:00Z' uid='1' user='generator' visible='true' version='1' changeset='1' lat='43.0414863515' lon='-95.2401551292' />
  <node id='1565' timestamp='2026-09-02T12:00:00Z' uid='1' user='generator' visible='true' version='1' changeset='1' lat='43.0414863515' lon='-95.2315410074' />
  <node id='1566' timestamp='2026-09-02T12:00:00Z' uid='1' user='generator' visible='true' version='1' changeset='1' lat='43.0383161253' lon='-95.2315410074' />
  <node id='1567' timestamp='2026-09-02T12:00:00Z' uid='1' user='generator' visible='true' version='1' changeset='1' lat='43.0383161253' lon='-95.2401551292' />
  <node id='1568' timestamp='2026-09-02T12:00:00Z' uid='1' user='generator' visible='true' version='1' changeset='1' lat='43.0351424431' lon='-95.3154511898' />
  <node id='1569' timestamp='2026-09-02T12:00:00Z' uid='1' user='generator' visible='true' version='1' changeset='1' lat='43.0351424431' lon='-95.3086149489' />
  <node id='1570' timestamp='2026-09-02T12:00:00Z' uid='1' user='generator' visible='true' version='1' changeset='1' lat='43.0311757792' lon='-95.3086149489' />
  <node id='1571' timestamp='2026-09-02T12:00:00Z' uid='1' user='generator' visible='true' version='1' changeset='1' lat='43.0311757792' lon='-95.3154511898' />
  <node id='1572' timestamp='2026-09-02T12:00:00Z' uid='1' user='generator' visible='true' version='1' changeset='1' lat='43.0527819928' lon='-95.286174974' />
  <node id='1573' timestamp='2026-09-02T12:00:00Z' uid='1' user='generator' visible='true' version='1' changeset='1' lat='43.0527819928' lon='-95.2812071635' />
  <node id='1574' timestamp='2026-09-02T12:00:00Z' uid='1' user='generator' visible='true' version='1' changeset='1' lat='43.0473459873' lon='-95.2812071635' />
  <node id='1575' timestamp='2026-09-02T12:00:00Z' uid='1' user='generator' visible='true' version='1' changeset='1' lat='43.0473459873' lon='-95.286174974' />
  <node id='1576' timestamp='2026-09-02T12:00:00Z' uid='1' user='generator' visible='true' version='1' changeset='1' lat='43.0308877789' lon='-95.2358276697' />
  <node id='1577' timestamp='2026-09-02T12:00:00Z' uid='1' user='generator' visible='true' version='1' changeset='1' lat='43.0308877789' lon='-95.2315410074' />
  <node id='1578' timestamp='2026-09-02T12:00:00Z' uid='1' user='generator' visible='true' version='1' changeset='1' lat='43.0245939646' lon='-95.2315410074' />
  <node id='1579' timestamp='2026-09-02T12:00:00Z' uid='1' user='generator' visible='true' version='1' changeset='1' lat='43.0245939646' lon='-95.2358276697' />
  <node id='1580' timestamp='2026-09-02T12:00:00Z' uid='1' user='generator' visible='true' version='1' changeset='1' lat='43.0306059706' lon='-95.3053116322' />
  <node id='1581' timestamp='2026-09-02T12:00:00Z' uid='1' user='generator' visible='true' version='1' changeset='1' lat='43.0306059706' lon='-95.3009159556' />
  <node id='1582' timestamp='2026-09-02T12:00:00Z' uid='1' user='generator' visible='true' version='1' changeset='1' lat='43.0245939646' lon='-95.3009159556' />
  <node id='1583' timestamp='2026-09-02T12:00:00Z' uid='1' user='generator' visible='true' version='1' changeset='1' lat='43.0245939646' lon='-95.3053116322' />
  <node id='1584' timestamp='2026-09-02T12:00:00Z' uid='1' user='generator' visible='true' version='1' changeset='1' lat='43.0635732286' lon='-95.2945598702' />
  <node id='1585' timestamp='2026-09-02T12:00:00Z' uid='1' user='generator' visible='true' version='1' changeset='1' lat='43.0635732286' lon='-95.2847547461' />
  <node id='1586' timestamp='2026-09-02T12:00:00Z' uid='1' user='generator' visible='true' version='1' changeset='1' lat='43.0608820009' lon='-95.2847547461' />
  <node id='1587' timestamp='2026-09-02T12:00:00Z' uid='1' user='generator' visible='true' version='1' changeset='1' lat='43.0608820009' lon='-95.2945598702' />
  <node id='1588' timestamp='2026-09-02T12:00:00Z' uid='1' user='generator' visible='true' version='1' changeset='1' lat='43.0771503452' lon='-95.319450695' />
  <node id='1589' timestamp='2026-09-02T12:00:00Z' uid='1' user='generator' visible='true' version='1' changeset='1' lat='43.0771503452' lon='-95.3091936483' />
  <node id='1590' timestamp='2026-09-02T12:00:00Z' uid='1' user='generator' visible='true' version='1' changeset='1' lat='43.0746281106' lon='-95.3091936483' />
  <node id='1591' timestamp='2026-09-02T12:00:00Z' uid='1' user='generator' visible='true' version='1' changeset='1' lat='43.0746281106' lon='-95.319450695' />
  <node id='1592' timestamp='2026-09-02T12:00:00Z' uid='1' user='generator' visible='true' version='1' changeset='1' lat='43.0548577549' lon='-95.2478127956' />
  <node id='1593' timestamp='2026-09-02T12:00:00Z' uid='1' user='generator' visible='true' version='1' changeset='1' lat='43.0548577549' lon='-95.240549305' />
  <node id='1594' timestamp='2026-09-02T12:00:00Z' uid='1' user='generator' visible='true' version='1' changeset='1' lat='43.0513196353' lon='-95.240549305' />
  <node id='1595' timestamp='2026-09-02T12:00:00Z' uid='1' user='generator' visible='true' version='1' changeset='1' lat='43.0513196353' lon='-95.2478127956' />
  <node id='1596' timestamp='2026-09-02T12:00:00Z' uid='1' user='generator' visible='true' version='1' changeset='1' lat='43.0668587809' lon='-95.2358276697' />
  <node id='1597' timestamp='2026-09-02T12:00:00Z' uid='1' user='generator' visible='true' version='1' changeset='1' lat='43.0668587809' lon='-95.2315410074' />
  <node id='1598' timestamp='2026-09-02T12:00:00Z' uid='1' user='generator' visible='true' version='1' changeset='1' lat='43.0608820009' lon='-95.2315410074' />
  <node id='1599' timestamp='2026-09-02T12:00:00Z' uid='1' user='generator' visible='true' version='1' changeset='1' lat='43.0608820009' lon='-95.2358276697' />
  <node id='1600' timestamp='2026-09-02T12:00:00Z' uid='1' user='generator' visible='true' version='1' changeset='1' lat='43.0654757045' lon='-95.2599790206' />
  <node id='1601' timestamp='2026-09-02T12:00:00Z' uid='1' user='generator' visible='true' version='1' changeset='1' lat='43.0654757045' lon='-95.2544032062' />
  <node id='1602' timestamp='2026-09-02T12:00:00Z' uid='1' user='generator' visible='true' version='1' changeset='1' lat='43.0608820009' lon='-95.2544032062' />
  <node id='1603' timestamp='2026-09-02T12:00:00Z' uid='1' user='generator' visible='true' version='1' changeset='1' lat='43.0608820009' lon='-95.2599790206' />
  <node id='1604' timestamp='2026-09-02T12:00:00Z' uid='1' user='generator' visible='true' version='1' changeset='1' lat='43.0888242208' lon='-95.2480471208' />
  <node id='1605' timestamp='2026-09-02T12:00:00Z' uid='1' user='generator' visible='true' version='1' changeset='1' lat='43.0888242208' lon='-95.2413954035' />
  <node id='1606' timestamp='2026-09-02T12:00:00Z' uid='1' user='generator' visible='true' version='1' changeset='1' lat='43.085029286' lon='-95.2413954035' />
  <node id='1607' timestamp='2026-09-02T12:00:00Z' uid='1' user='generator' visible='true' version='1' changeset='1' lat='43.085029286' lon='-95.2480471208' />
  <node id='1608' timestamp='2026-09-02T12:00:00Z' uid='1' user='generator' visible='true' version='1' changeset='1' lat='43.0795660196' lon='-95.2547513251' />
  <node id='1609' timestamp='2026-09-02T12:00:00Z' uid='1' user='generator' visible='true' version='1' changeset='1' lat='43.0795660196' lon='-95.2489288059' />
  <node id='1610' timestamp='2026-09-02T12:00:00Z' uid='1' user='generator' visible='true' version='1' changeset='1' lat='43.0752820153' lon='-95.2489288059' />
  <node id='1611' timestamp='2026-09-02T12:00:00Z' uid='1' user='generator' visible='true' version='1' changeset='1' lat='43.0752820153' lon='-95.2547513251' />
  <node id='1612' timestamp='2026-09-02T12:00:00Z' uid='1' user='generator' visible='true' version='1' changeset='1' lat='43.0308877789' lon='-95.2401551292' />
  <node id='1613' timestamp='2026-09-02T12:00:00Z' uid='1' user='generator' visible='true' version='1' changeset='1' lat='43.0308877789' lon='-95.2362711175' />
  <node id='1614' timestamp='2026-09-02T12:00:00Z' uid='1' user='generator' visible='true' version='1' changeset='1' lat='43.0245939646' lon='-95.2362711175' />
  <node id='1615' timestamp='2026-09-02T12:00:00Z' uid='1' user='generator' visible='true' version='1' changeset='1' lat='43.0245939646' lon='-95.2401551292' />
  <node id='1616' timestamp='2026-09-02T12:00:00Z' uid='1' user='generator' visible='true' version='1' changeset='1' lat='43.0795660196' lon='-95.319450695' />
  <node id='1617' timestamp='2026-09-02T12:00:00Z' uid='1' user='generator' visible='true' version='1' changeset='1' lat='43.0795660196' lon='-95.3091936483' />
  <node id='1618' timestamp='2026-09-02T12:00:00Z' uid='1' user='generator' visible='true' version='1' changeset='1' lat='43.0771863452' lon='-95.3091936483' />
  <node id='1619' timestamp='2026-09-02T12:00:00Z' uid='1' user='generator' visible='true' version='1' changeset='1' lat='43.0771863452' lon='-95.319450695' />
  <node id='1620' timestamp='2026-09-02T12:00:00Z' uid='1' user='generator' visible='true' version='1' changeset='1' lat='43.0308877789' lon='-95.2847054741' />
  <node id='1621' timestamp='2026-09-02T12:00:00Z' uid='1' user='generator' visible='true' version='1' changeset='1' lat='43.0308877789' lon='-95.2812071635' />
  <node id='1622' timestamp='2026-09-02T12:00:00Z' uid='1' user='generator' visible='true' version='1' changeset='1' lat='43.0240539641' lon='-95.2812071635' />
  <node id='1623' timestamp='2026-09-02T12:00:00Z' uid='1' user='generator' visible='true' version='1' changeset='1' lat='43.0240539641' lon='-95.2847054741' />
  <node id='1624' timestamp='2026-09-02T12:00:00Z' uid='1' user='generator' visible='true' version='1' changeset='1' lat='43.066030006' lon='-95.2945598702' />
  <node id='1625' timestamp='2026-09-02T12:00:00Z' uid='1' user='generator' visible='true' version='1' changeset='1' lat='43.066030006' lon='-95.2847547461' />
  <node id='1626' timestamp='2026-09-02T12:00:00Z' uid='1' user='generator' visible='true' version='1' changeset='1' lat='43.0636092286' lon='-95.2847547461' />
  <node id='1627' timestamp='2026-09-02T12:00:00Z' uid='1' user='generator' visible='true' version='1' changeset='1' lat='43.0636092286' lon='-95.2945598702' />
  <node id='1628' timestamp='2026-09-02T12:00:00Z' uid='1' user='generator' visible='true' version='1' changeset='1' lat='43.0887820288' lon='-95.2599790206' />
  <node id='1629' timestamp='2026-09-02T12:00:00Z' uid='1' user='generator' visible='true' version='1' changeset='1' lat='43.0887820288' lon='-95.252432327' />
  <node id='1630' timestamp='2026-09-02T12:00:00Z' uid='1' user='generator' visible='true' version='1' changeset='1' lat='43.0856500257' lon='-95.252432327' />
  <node id='1631' timestamp='2026-09-02T12:00:00Z' uid='1' user='generator' visible='true' version='1' changeset='1' lat='43.0856500257' lon='-95.2599790206' />
  <node id='1632' timestamp='2026-09-02T12:00:00Z' uid='1' user='generator' visible='true' version='1' changeset='1' lat='43.0274379674' lon='-95.2563248135' />
  <node id='1633' timestamp='2026-09-02T12:00:00Z' uid='1' user='generator' visible='true' version='1' changeset='1' lat='43.0274379674' lon='-95.2484905686' />
  <node id='1634' timestamp='2026-09-02T12:00:00Z' uid='1' user='generator' visible='true' version='1' changeset='1' lat='43.0245939646' lon='-95.2484905686' />
  <node id='1635' timestamp='2026-09-02T12:00:00Z' uid='1' user='generator' visible='true' version='1' changeset='1' lat='43.0245939646' lon='-95.2563248135' />
  <node id='1636' timestamp='2026-09-02T12:00:00Z' uid='1' user='generator' visible='true' version='1' changeset='1' lat='43.0795660196' lon='-95.2599790206' />
  <node id='1637' timestamp='2026-09-02T12:00:00Z' uid='1' user='generator' visible='true' version='1' changeset='1' lat='43.0795660196' lon='-95.2548005971' />
  <node id='1638' timestamp='2026-09-02T12:00:00Z' uid='1' user='generator' visible='true' version='1' changeset='1' lat='43.0752820153' lon='-95.2548005971' />
  <node id='1639' timestamp='2026-09-02T12:00:00Z' uid='1' user='generator' visible='true' version='1' changeset='1' lat='43.0752820153' lon='-95.2599790206' />
  <node id='1640' timestamp='2026-09-02T12:00:00Z' uid='1' user='generator' visible='true' version='1' changeset='1' lat='43.0888242208' lon='-95.2346451422' />
  <node id='1641' timestamp='2026-09-02T12:00:00Z' uid='1' user='generator' visible='true' version='1' changeset='1' lat='43.0888242208' lon='-95.2315410074' />
  <node id='1642' timestamp='2026-09-02T12:00:00Z' uid='1' user='generator' visible='true' version='1' changeset='1' lat='43.0817441657' lon='-95.2315410074' />
  <node id='1643' timestamp='2026-09-02T12:00:00Z' uid='1' user='generator' visible='true' version='1' changeset='1' lat='43.0817441657' lon='-95.2346451422' />
  <node id='1644' timestamp='2026-09-02T12:00:00Z' uid='1' user='generator' visible='true' version='1' changeset='1' lat='43.0817081657' lon='-95.2346451422' />
  <node id='1645' timestamp='2026-09-02T12:00:00Z' uid='1' user='generator' visible='true' version='1' changeset='1' lat='43.0817081657' lon='-95.2315410074' />
  <node id='1646' timestamp='2026-09-02T12:00:00Z' uid='1' user='generator' visible='true' version='1' changeset='1' lat='43.0746281106' lon='-95.2315410074' />
  <node id='1647' timestamp='2026-09-02T12:00:00Z' uid='1' user='generator' visible='true' version='1' changeset='1' lat='43.0746281106' lon='-95.2346451422' />
  <node id='1648' timestamp='2026-09-02T12:00:00Z' uid='1' user='generator' visible='true' version='1' changeset='1' lat='43.0412619813' lon='-95.3288531684' />
  <node id='1649' timestamp='2026-09-02T12:00:00Z' uid='1' user='generator' visible='true' version='1' changeset='1' lat='43.0412619813' lon='-95.3238878585' />
  <node id='1650' timestamp='2026-09-02T12:00:00Z' uid='1' user='generator' visible='true' version='1' changeset='1' lat='43.0368513829' lon='-95.3238878585' />
  <node id='1651' timestamp='2026-09-02T12:00:00Z' uid='1' user='generator' visible='true' version='1' changeset='1' lat='43.0368513829' lon='-95.3288531684' />
  <node id='1652' timestamp='2026-09-02T12:00:00Z' uid='1' user='generator' visible='true' version='1' changeset='1' lat='43.0887820288' lon='-95.3151020732' />
  <node id='1653' timestamp='2026-09-02T12:00:00Z' uid='1' user='generator' visible='true' version='1' changeset='1' lat='43.0887820288' lon='-95.3103761758' />
  <node id='1654' timestamp='2026-09-02T12:00:00Z' uid='1' user='generator' visible='true' version='1' changeset='1' lat='43.0842100242' lon='-95.3103761758' />
  <node id='1655' timestamp='2026-09-02T12:00:00Z' uid='1' user='generator' visible='true' version='1' changeset='1' lat='43.0842100242' lon='-95.3151020732' />
  <node id='1656' timestamp='2026-09-02T12:00:00Z' uid='1' user='generator' visible='true' version='1' changeset='1' lat='43.0452939853' lon='-95.2644898704' />
  <node id='1657' timestamp='2026-09-02T12:00:00Z' uid='1' user='generator' visible='true' version='1' changeset='1' lat='43.0452939853' lon='-95.2611041956' />
  <node id='1658' timestamp='2026-09-02T12:00:00Z' uid='1' user='generator' visible='true' version='1' changeset='1' lat='43.038993979' lon='-95.2611041956' />
  <node id='1659' timestamp='2026-09-02T12:00:00Z' uid='1' user='generator' visible='true' version='1' changeset='1' lat='43.038993979' lon='-95.2644898704' />
  <node id='1660' timestamp='2026-09-02T12:00:00Z' uid='1' user='generator' visible='true' version='1' changeset='1' lat='43.0508151848' lon='-95.2524685789' />
  <node id='1661' timestamp='2026-09-02T12:00:00Z' uid='1' user='generator' visible='true' version='1' changeset='1' lat='43.0508151848' lon='-95.2478620676' />
  <node id='1662' timestamp='2026-09-02T12:00:00Z' uid='1' user='generator' visible='true' version='1' changeset='1' lat='43.0461939862' lon='-95.2478620676' />
  <node id='1663' timestamp='2026-09-02T12:00:00Z' uid='1' user='generator' visible='true' version='1' changeset='1' lat='43.0461939862' lon='-95.2524685789' />
  <node id='1664' timestamp='2026-09-02T12:00:00Z' uid='1' user='generator' visible='true' version='1' changeset='1' lat='43.0582539983' lon='-95.3241230583' />
  <node id='1665' timestamp='2026-09-02T12:00:00Z' uid='1' user='generator' visible='true' version='1' changeset='1' lat='43.0582539983' lon='-95.3206247477' />
  <node id='1666' timestamp='2026-09-02T12:00:00Z' uid='1' user='generator' visible='true' version='1' changeset='1' lat='43.0522419922' lon='-95.3206247477' />
  <node id='1667' timestamp='2026-09-02T12:00:00Z' uid='1' user='generator' visible='true' version='1' changeset='1' lat='43.0522419922' lon='-95.3241230583' />
  <node id='1668' timestamp='2026-09-02T12:00:00Z' uid='1' user='generator' visible='true' version='1' changeset='1' lat='43.0513419913' lon='-95.2766141157' />
  <node id='1669' timestamp='2026-09-02T12:00:00Z' uid='1' user='generator' visible='true' version='1' changeset='1' lat='43.0513419913' lon='-95.2729294708' />
  <node id='1670' timestamp='2026-09-02T12:00:00Z' uid='1' user='generator' visible='true' version='1' changeset='1' lat='43.0456598897' lon='-95.2729294708' />
  <node id='1671' timestamp='2026-09-02T12:00:00Z' uid='1' user='generator' visible='true' version='1' changeset='1' lat='43.0456598897' lon='-95.2766141157' />
  <node id='1672' timestamp='2026-09-02T12:00:00Z' uid='1' user='generator' visible='true' version='1' changeset='1' lat='43.0363659764' lon='-95.2598723961' />
  <node id='1673' timestamp='2026-09-02T12:00:00Z' uid='1' user='generator' visible='true' version='1' changeset='1' lat='43.0363659764' lon='-95.2547973821' />
  <node id='1674' timestamp='2026-09-02T12:00:00Z' uid='1' user='generator' visible='true' version='1' changeset='1' lat='43.0323699724' lon='-95.2547973821' />
  <node id='1675' timestamp='2026-09-02T12:00:00Z' uid='1' user='generator' visible='true' version='1' changeset='1' lat='43.0323699724' lon='-95.2598723961' />
  <node id='1676' timestamp='2026-09-02T12:00:00Z' uid='1' user='generator' visible='true' version='1' changeset='1' lat='43.0547686728' lon='-95.2764277814' />
  <node id='1677' timestamp='2026-09-02T12:00:00Z' uid='1' user='generator' visible='true' version='1' changeset='1' lat='43.0547686728' lon='-95.2705605479' />
  <node id='1678' timestamp='2026-09-02T12:00:00Z' uid='1' user='generator' visible='true' version='1' changeset='1' lat='43.0513779914' lon='-95.2705605479' />
  <node id='1679' timestamp='2026-09-02T12:00:00Z' uid='1' user='generator' visible='true' version='1' changeset='1' lat='43.0513779914' lon='-95.2764277814' />
  <node id='1680' timestamp='2026-09-02T12:00:00Z' uid='1' user='generator' visible='true' version='1' changeset='1' lat='43.0887820288' lon='-95.319450695' />
  <node id='1681' timestamp='2026-09-02T12:00:00Z' uid='1' user='generator' visible='true' version='1' changeset='1' lat='43.0887820288' lon='-95.3151513452' />
  <node id='1682' timestamp='2026-09-02T12:00:00Z' uid='1' user='generator' visible='true' version='1' changeset='1' lat='43.0842100242' lon='-95.3151513452' />
  <node id='1683' timestamp='2026-09-02T12:00:00Z' uid='1' user='generator' visible='true' version='1' changeset='1' lat='43.0842100242' lon='-95.319450695' />
  <node id='1684' timestamp='2026-09-02T12:00:00Z' uid='1' user='generator' visible='true' version='1' changeset='1' lat='43.0308877789' lon='-95.3237288825' />
  <node id='1685' timestamp='2026-09-02T12:00:00Z' uid='1' user='generator' visible='true' version='1' changeset='1' lat='43.0308877789' lon='-95.3206247477' />
  <node id='1686' timestamp='2026-09-02T12:00:00Z' uid='1' user='generator' visible='true' version='1' changeset='1' lat='43.0245939646' lon='-95.3206247477' />
  <node id='1687' timestamp='2026-09-02T12:00:00Z' uid='1' user='generator' visible='true' version='1' changeset='1' lat='43.0245939646' lon='-95.3237288825' />
  <node id='1688' timestamp='2026-09-02T12:00:00Z' uid='1' user='generator' visible='true' version='1' changeset='1' lat='43.0674700075' lon='-95.2720407891' />
  <node id='1689' timestamp='2026-09-02T12:00:00Z' uid='1' user='generator' visible='true' version='1' changeset='1' lat='43.0674700075' lon='-95.2693719353' />
  <node id='1690' timestamp='2026-09-02T12:00:00Z' uid='1' user='generator' visible='true' version='1' changeset='1' lat='43.0601800002' lon='-95.2693719353' />
  <node id='1691' timestamp='2026-09-02T12:00:00Z' uid='1' user='generator' visible='true' version='1' changeset='1' lat='43.0601800002' lon='-95.2720407891' />
  <node id='1692' timestamp='2026-09-02T12:00:00Z' uid='1' user='generator' visible='true' version='1' changeset='1' lat='43.0360779761' lon='-95.319450695' />
  <node id='1693' timestamp='2026-09-02T12:00:00Z' uid='1' user='generator' visible='true' version='1' changeset='1' lat='43.0360779761' lon='-95.3155004618' />
  <node id='1694' timestamp='2026-09-02T12:00:00Z' uid='1' user='generator' visible='true' version='1' changeset='1' lat='43.0311757792' lon='-95.3155004618' />
  <node id='1695' timestamp='2026-09-02T12:00:00Z' uid='1' user='generator' visible='true' version='1' changeset='1' lat='43.0311757792' lon='-95.319450695' />
  <node id='1696' timestamp='2026-09-02T12:00:00Z' uid='1' user='generator' visible='true' version='1' changeset='1' lat='43.0689477999' lon='-95.2599790206' />
  <node id='1697' timestamp='2026-09-02T12:00:00Z' uid='1' user='generator' visible='true' version='1' changeset='1' lat='43.0689477999' lon='-95.2544032062' />
  <node id='1698' timestamp='2026-09-02T12:00:00Z' uid='1' user='generator' visible='true' version='1' changeset='1' lat='43.0655117045' lon='-95.2544032062' />
  <node id='1699' timestamp='2026-09-02T12:00:00Z' uid='1' user='generator' visible='true' version='1' changeset='1' lat='43.0655117045' lon='-95.2599790206' />
  <node id='1700' timestamp='2026-09-02T12:00:00Z' uid='1' user='generator' visible='true' version='1' changeset='1' lat='43.0582539983' lon='-95.319450695' />
  <node id='1701' timestamp='2026-09-02T12:00:00Z' uid='1' user='generator' visible='true' version='1' changeset='1' lat='43.0582539983' lon='-95.3135295826' />
  <node id='1702' timestamp='2026-09-02T12:00:00Z' uid='1' user='generator' visible='true' version='1' changeset='1' lat='43.0550699211' lon='-95.3135295826' />
  <node id='1703' timestamp='2026-09-02T12:00:00Z' uid='1' user='generator' visible='true' version='1' changeset='1' lat='43.0550699211' lon='-95.319450695' />
  <node id='1704' timestamp='2026-09-02T12:00:00Z' uid='1' user='generator' visible='true' version='1' changeset='1' lat='43.057965998' lon='-95.2793101923' />
  <node id='1705' timestamp='2026-09-02T12:00:00Z' uid='1' user='generator' visible='true' version='1' changeset='1' lat='43.057965998' lon='-95.2764770534' />
  <node id='1706' timestamp='2026-09-02T12:00:00Z' uid='1' user='generator' visible='true' version='1' changeset='1' lat='43.0513779914' lon='-95.2764770534' />
  <node id='1707' timestamp='2026-09-02T12:00:00Z' uid='1' user='generator' visible='true' version='1' changeset='1' lat='43.0513779914' lon='-95.2793101923' />
  <node id='1708' timestamp='2026-09-02T12:00:00Z' uid='1' user='generator' visible='true' version='1' changeset='1' lat='43.0743401103' lon='-95.2460762416' />
  <node id='1709' timestamp='2026-09-02T12:00:00Z' uid='1' user='generator' visible='true' version='1' changeset='1' lat='43.0743401103' lon='-95.2433713084' />
  <node id='1710' timestamp='2026-09-02T12:00:00Z' uid='1' user='generator' visible='true' version='1' changeset='1' lat='43.0675839116' lon='-95.2433713084' />
  <node id='1711' timestamp='2026-09-02T12:00:00Z' uid='1' user='generator' visible='true' version='1' changeset='1' lat='43.0675839116' lon='-95.2460762416' />
  <node id='1712' timestamp='2026-09-02T12:00:00Z' uid='1' user='generator' visible='true' version='1' changeset='1' lat='43.0888242208' lon='-95.3095385522' />
  <node id='1713' timestamp='2026-09-02T12:00:00Z' uid='1' user='generator' visible='true' version='1' changeset='1' lat='43.0888242208' lon='-95.3056460657' />
  <node id='1714' timestamp='2026-09-02T12:00:00Z' uid='1' user='generator' visible='true' version='1' changeset='1' lat='43.0842100242' lon='-95.3056460657' />
  <node id='1715' timestamp='2026-09-02T12:00:00Z' uid='1' user='generator' visible='true' version='1' changeset='1' lat='43.0842100242' lon='-95.3095385522' />
  <node id='1716' timestamp='2026-09-02T12:00:00Z' uid='1' user='generator' visible='true' version='1' changeset='1' lat='43.0513419913' lon='-95.2642083303' />
  <node id='1717' timestamp='2026-09-02T12:00:00Z' uid='1' user='generator' visible='true' version='1' changeset='1' lat='43.0513419913' lon='-95.2611041956' />
  <node id='1718' timestamp='2026-09-02T12:00:00Z' uid='1' user='generator' visible='true' version='1' changeset='1' lat='43.0456598897' lon='-95.2611041956' />
  <node id='1719' timestamp='2026-09-02T12:00:00Z' uid='1' user='generator' visible='true' version='1' changeset='1' lat='43.0456598897' lon='-95.2642083303' />
  <node id='1720' timestamp='2026-09-02T12:00:00Z' uid='1' user='generator' visible='true' version='1' changeset='1' lat='43.0743401103' lon='-95.250018' />
  <node id='1721' timestamp='2026-09-02T12:00:00Z' uid='1' user='generator' visible='true' version='1' changeset='1' lat='43.0743401103' lon='-95.2461255136' />
  <node id='1722' timestamp='2026-09-02T12:00:00Z' uid='1' user='generator' visible='true' version='1' changeset='1' lat='43.0698100098' lon='-95.2461255136' />
  <node id='1723' timestamp='2026-09-02T12:00:00Z' uid='1' user='generator' visible='true' version='1' changeset='1' lat='43.0698100098' lon='-95.250018' />
  <node id='1724' timestamp='2026-09-02T12:00:00Z' uid='1' user='generator' visible='true' version='1' changeset='1' lat='43.0412619813' lon='-95.3238385866' />
  <node id='1725' timestamp='2026-09-02T12:00:00Z' uid='1' user='generator' visible='true' version='1' changeset='1' lat='43.0412619813' lon='-95.3198448708' />
  <node id='1726' timestamp='2026-09-02T12:00:00Z' uid='1' user='generator' visible='true' version='1' changeset='1' lat='43.0368513829' lon='-95.3198448708' />
  <node id='1727' timestamp='2026-09-02T12:00:00Z' uid='1' user='generator' visible='true' version='1' changeset='1' lat='43.0368513829' lon='-95.3238385866' />
  <node id='1728' timestamp='2026-09-02T12:00:00Z' uid='1' user='generator' visible='true' version='1' changeset='1' lat='43.0328520579' lon='-95.2996268035' />
  <node id='1729' timestamp='2026-09-02T12:00:00Z' uid='1' user='generator' visible='true' version='1' changeset='1' lat='43.0328520579' lon='-95.2831780427' />
  <node id='1730' timestamp='2026-09-02T12:00:00Z' uid='1' user='generator' visible='true' version='1' changeset='1' lat='43.0317939718' lon='-95.2831780427' />
  <node id='1731' timestamp='2026-09-02T12:00:00Z' uid='1' user='generator' visible='true' version='1' changeset='1' lat='43.0317939718' lon='-95.2996268035' />
  <node id='1732' timestamp='2026-09-02T12:00:00Z' uid='1' user='generator' visible='true' version='1' changeset='1' lat='43.0366539767' lon='-95.2996268035' />
  <node id='1733' timestamp='2026-09-02T12:00:00Z' uid='1' user='generator' visible='true' version='1' changeset='1' lat='43.0366539767' lon='-95.2922440871' />
  <node id='1734' timestamp='2026-09-02T12:00:00Z' uid='1' user='generator' visible='true' version='1' changeset='1' lat='43.0343859744' lon='-95.2922440871' />
  <node id='1735' timestamp='2026-09-02T12:00:00Z' uid='1' user='generator' visible='true' version='1' changeset='1' lat='43.0343859744' lon='-95.2996268035' />
  <node id='1736' timestamp='2026-09-02T12:00:00Z' uid='1' user='generator' visible='true' version='1' changeset='1' lat='43.0685670366' lon='-95.3169863199' />
  <node id='1737' timestamp='2026-09-02T12:00:00Z' uid='1' user='generator' visible='true' version='1' changeset='1' lat='43.0685670366' lon='-95.3144255073' />
  <node id='1738' timestamp='2026-09-02T12:00:00Z' uid='1' user='generator' visible='true' version='1' changeset='1' lat='43.062034002' lon='-95.3144255073' />
  <node id='1739' timestamp='2026-09-02T12:00:00Z' uid='1' user='generator' visible='true' version='1' changeset='1' lat='43.062034002' lon='-95.3169863199' />
  <node id='1740' timestamp='2026-09-02T12:00:00Z' uid='1' user='generator' visible='true' version='1' changeset='1' lat='43.0743401103' lon='-95.2433220364' />
  <node id='1741' timestamp='2026-09-02T12:00:00Z' uid='1' user='generator' visible='true' version='1' changeset='1' lat='43.0743401103' lon='-95.2406070518' />
  <node id='1742' timestamp='2026-09-02T12:00:00Z' uid='1' user='generator' visible='true' version='1' changeset='1' lat='43.0682050562' lon='-95.2406070518' />
  <node id='1743' timestamp='2026-09-02T12:00:00Z' uid='1' user='generator' visible='true' version='1' changeset='1' lat='43.0682050562' lon='-95.2433220364' />
  <node id='1744' timestamp='2026-09-02T12:00:00Z' uid='1' user='generator' visible='true' version='1' changeset='1' lat='43.0681690562' lon='-95.2433220364' />
  <node id='1745' timestamp='2026-09-02T12:00:00Z' uid='1' user='generator' visible='true' version='1' changeset='1' lat='43.0681690562' lon='-95.2406070518' />
  <node id='1746' timestamp='2026-09-02T12:00:00Z' uid='1' user='generator' visible='true' version='1' changeset='1' lat='43.062034002' lon='-95.2406070518' />
  <node id='1747' timestamp='2026-09-02T12:00:00Z' uid='1' user='generator' visible='true' version='1' changeset='1' lat='43.062034002' lon='-95.2433220364' />
  <node id='1748' timestamp='2026-09-02T12:00:00Z' uid='1' user='generator' visible='true' version='1' changeset='1' lat='43.0817081657' lon='-95.3229405308' />
  <node id='1749' timestamp='2026-09-02T12:00:00Z' uid='1' user='generator' visible='true' version='1' changeset='1' lat='43.0817081657' lon='-95.3206247477' />
  <node id='1750' timestamp='2026-09-02T12:00:00Z' uid='1' user='generator' visible='true' version='1' changeset='1' lat='43.0746281106' lon='-95.3206247477' />
  <node id='1751' timestamp='2026-09-02T12:00:00Z' uid='1' user='generator' visible='true' version='1' changeset='1' lat='43.0746281106' lon='-95.3229405308' />
  <node id='1752' timestamp='2026-09-02T12:00:00Z' uid='1' user='generator' visible='true' version='1' changeset='1' lat='43.0888242208' lon='-95.3229405308' />
  <node id='1753' timestamp='2026-09-02T12:00:00Z' uid='1' user='generator' visible='true' version='1' changeset='1' lat='43.0888242208' lon='-95.3206247477' />
  <node id='1754' timestamp='2026-09-02T12:00:00Z' uid='1' user='generator' visible='true' version='1' changeset='1' lat='43.0817441657' lon='-95.3206247477' />
  <node id='1755' timestamp='2026-09-02T12:00:00Z' uid='1' user='generator' visible='true' version='1' changeset='1' lat='43.0817441657' lon='-95.3229405308' />
  <node id='1756' timestamp='2026-09-02T12:00:00Z' uid='1' user='generator' visible='true' version='1' changeset='1' lat='43.038957979' lon='-95.2642083303' />
  <node id='1757' timestamp='2026-09-02T12:00:00Z' uid='1' user='generator' visible='true' version='1' changeset='1' lat='43.038957979' lon='-95.2611041956' />
  <node id='1758' timestamp='2026-09-02T12:00:00Z' uid='1' user='generator' visible='true' version='1' changeset='1' lat='43.0338099738' lon='-95.2611041956' />
  <node id='1759' timestamp='2026-09-02T12:00:00Z' uid='1' user='generator' visible='true' version='1' changeset='1' lat='43.0338099738' lon='-95.2642083303' />
  <node id='1760' timestamp='2026-09-02T12:00:00Z' uid='1' user='generator' visible='true' version='1' changeset='1' lat='43.0596939997' lon='-95.3134803106' />
  <node id='1761' timestamp='2026-09-02T12:00:00Z' uid='1' user='generator' visible='true' version='1' changeset='1' lat='43.0596939997' lon='-95.3095878242' />
  <node id='1762' timestamp='2026-09-02T12:00:00Z' uid='1' user='generator' visible='true' version='1' changeset='1' lat='43.0556979957' lon='-95.3095878242' />
  <node id='1763' timestamp='2026-09-02T12:00:00Z' uid='1' user='generator' visible='true' version='1' changeset='1' lat='43.0556979957' lon='-95.3134803106' />
  <node id='1764' timestamp='2026-09-02T12:00:00Z' uid='1' user='generator' visible='true' version='1' changeset='1' lat='43.0685670366' lon='-95.3193929482' />
  <node id='1765' timestamp='2026-09-02T12:00:00Z' uid='1' user='generator' visible='true' version='1' changeset='1' lat='43.0685670366' lon='-95.3170355919' />
  <node id='1766' timestamp='2026-09-02T12:00:00Z' uid='1' user='generator' visible='true' version='1' changeset='1' lat='43.062034002' lon='-95.3170355919' />
  <node id='1767' timestamp='2026-09-02T12:00:00Z' uid='1' user='generator' visible='true' version='1' changeset='1' lat='43.062034002' lon='-95.3193929482' />
  <node id='1768' timestamp='2026-09-02T12:00:00Z' uid='1' user='generator' visible='true' version='1' changeset='1' lat='43.0513419913' lon='-95.2793101923' />
  <node id='1769' timestamp='2026-09-02T12:00:00Z' uid='1' user='generator' visible='true' version='1' changeset='1' lat='43.0513419913' lon='-95.2766633877' />
  <node id='1770' timestamp='2026-09-02T12:00:00Z' uid='1' user='generator' visible='true' version='1' changeset='1' lat='43.0456598897' lon='-95.2766633877' />
  <node id='1771' timestamp='2026-09-02T12:00:00Z' uid='1' user='generator' visible='true' version='1' changeset='1' lat='43.0456598897' lon='-95.2793101923' />
  <node id='1772' timestamp='2026-09-02T12:00:00Z' uid='1' user='generator' visible='true' version='1' changeset='1' lat='43.0740940141' lon='-95.2543539343' />
  <node id='1773' timestamp='2026-09-02T12:00:00Z' uid='1' user='generator' visible='true' version='1' changeset='1' lat='43.0740940141' lon='-95.2508556237' />
  <node id='1774' timestamp='2026-09-02T12:00:00Z' uid='1' user='generator' visible='true' version='1' changeset='1' lat='43.0698100098' lon='-95.2508556237' />
  <node id='1775' timestamp='2026-09-02T12:00:00Z' uid='1' user='generator' visible='true' version='1' changeset='1' lat='43.0698100098' lon='-95.2543539343' />
  <node id='1776' timestamp='2026-09-02T12:00:00Z' uid='1' user='generator' visible='true' version='1' changeset='1' lat='43.0385633736' lon='-95.2483037416' />
  <node id='1777' timestamp='2026-09-02T12:00:00Z' uid='1' user='generator' visible='true' version='1' changeset='1' lat='43.0385633736' lon='-95.2413954035' />
  <node id='1778' timestamp='2026-09-02T12:00:00Z' uid='1' user='generator' visible='true' version='1' changeset='1' lat='43.0364019764' lon='-95.2413954035' />
  <node id='1779' timestamp='2026-09-02T12:00:00Z' uid='1' user='generator' visible='true' version='1' changeset='1' lat='43.0364019764' lon='-95.2483037416' />
  <node id='1780' timestamp='2026-09-02T12:00:00Z' uid='1' user='generator' visible='true' version='1' changeset='1' lat='43.0598199998' lon='-95.3087502005' />
  <node id='1781' timestamp='2026-09-02T12:00:00Z' uid='1' user='generator' visible='true' version='1' changeset='1' lat='43.0598199998' lon='-95.304857714' />
  <node id='1782' timestamp='2026-09-02T12:00:00Z' uid='1' user='generator' visible='true' version='1' changeset='1' lat='43.055985996' lon='-95.304857714' />
  <node id='1783' timestamp='2026-09-02T12:00:00Z' uid='1' user='generator' visible='true' version='1' changeset='1' lat='43.055985996' lon='-95.3087502005' />
  <node id='1784' timestamp='2026-09-02T12:00:00Z' uid='1' user='generator' visible='true' version='1' changeset='1' lat='43.0675479115' lon='-95.2460762416' />
  <node id='1785' timestamp='2026-09-02T12:00:00Z' uid='1' user='generator' visible='true' version='1' changeset='1' lat='43.0675479115' lon='-95.2433713084' />
  <node id='1786' timestamp='2026-09-02T12:00:00Z' uid='1' user='generator' visible='true' version='1' changeset='1' lat='43.062034002' lon='-95.2433713084' />
  <node id='1787' timestamp='2026-09-02T12:00:00Z' uid='1' user='generator' visible='true' version='1' changeset='1' lat='43.062034002' lon='-95.2460762416' />
  <node id='1788' timestamp='2026-09-02T12:00:00Z' uid='1' user='generator' visible='true' version='1' changeset='1' lat='43.0274379674' lon='-95.2456820657' />
  <node id='1789' timestamp='2026-09-02T12:00:00Z' uid='1' user='generator' visible='true' version='1' changeset='1' lat='43.0274379674' lon='-95.240549305' />
  <node id='1790' timestamp='2026-09-02T12:00:00Z' uid='1' user='generator' visible='true' version='1' changeset='1' lat='43.0245939646' lon='-95.240549305' />
  <node id='1791' timestamp='2026-09-02T12:00:00Z' uid='1' user='generator' visible='true' version='1' changeset='1' lat='43.0245939646' lon='-95.2456820657' />
  <node id='1792' timestamp='2026-09-02T12:00:00Z' uid='1' user='generator' visible='true' version='1' changeset='1' lat='43.0743401103' lon='-95.2996268035' />
  <node id='1793' timestamp='2026-09-02T12:00:00Z' uid='1' user='generator' visible='true' version='1' changeset='1' lat='43.0743401103' lon='-95.2961858455' />
  <node id='1794' timestamp='2026-09-02T12:00:00Z' uid='1' user='generator' visible='true' version='1' changeset='1' lat='43.0700980101' lon='-95.2961858455' />
  <node id='1795' timestamp='2026-09-02T12:00:00Z' uid='1' user='generator' visible='true' version='1' changeset='1' lat='43.0700980101' lon='-95.2996268035' />
  <node id='1796' timestamp='2026-09-02T12:00:00Z' uid='1' user='generator' visible='true' version='1' changeset='1' lat='43.057965998' lon='-95.2839171224' />
  <node id='1797' timestamp='2026-09-02T12:00:00Z' uid='1' user='generator' visible='true' version='1' changeset='1' lat='43.057965998' lon='-95.2812071635' />
  <node id='1798' timestamp='2026-09-02T12:00:00Z' uid='1' user='generator' visible='true' version='1' changeset='1' lat='43.0528179928' lon='-95.2812071635' />
  <node id='1799' timestamp='2026-09-02T12:00:00Z' uid='1' user='generator' visible='true' version='1' changeset='1' lat='43.0528179928' lon='-95.2839171224' />
  <node id='1800' timestamp='2026-09-02T12:00:00Z' uid='1' user='generator' visible='true' version='1' changeset='1' lat='43.0674700075' lon='-95.2791870123' />
  <node id='1801' timestamp='2026-09-02T12:00:00Z' uid='1' user='generator' visible='true' version='1' changeset='1' lat='43.0674700075' lon='-95.2764770534' />
  <node id='1802' timestamp='2026-09-02T12:00:00Z' uid='1' user='generator' visible='true' version='1' changeset='1' lat='43.0623220023' lon='-95.2764770534' />
  <node id='1803' timestamp='2026-09-02T12:00:00Z' uid='1' user='generator' visible='true' version='1' changeset='1' lat='43.0623220023' lon='-95.2791870123' />
  <node id='1804' timestamp='2026-09-02T12:00:00Z' uid='1' user='generator' visible='true' version='1' changeset='1' lat='43.0795660196' lon='-95.3083560246' />
  <node id='1805' timestamp='2026-09-02T12:00:00Z' uid='1' user='generator' visible='true' version='1' changeset='1' lat='43.0795660196' lon='-95.3056460657' />
  <node id='1806' timestamp='2026-09-02T12:00:00Z' uid='1' user='generator' visible='true' version='1' changeset='1' lat='43.0746281106' lon='-95.3056460657' />
  <node id='1807' timestamp='2026-09-02T12:00:00Z' uid='1' user='generator' visible='true' version='1' changeset='1' lat='43.0746281106' lon='-95.3083560246' />
  <node id='1808' timestamp='2026-09-02T12:00:00Z' uid='1' user='generator' visible='true' version='1' changeset='1' lat='43.0818700219' lon='-95.2835229466' />
  <node id='1809' timestamp='2026-09-02T12:00:00Z' uid='1' user='generator' visible='true' version='1' changeset='1' lat='43.0818700219' lon='-95.2803449039' />
  <node id='1810' timestamp='2026-09-02T12:00:00Z' uid='1' user='generator' visible='true' version='1' changeset='1' lat='43.0777679618' lon='-95.2803449039' />
  <node id='1811' timestamp='2026-09-02T12:00:00Z' uid='1' user='generator' visible='true' version='1' changeset='1' lat='43.0777679618' lon='-95.2835229466' />
  <node id='1812' timestamp='2026-09-02T12:00:00Z' uid='1' user='generator' visible='true' version='1' changeset='1' lat='43.0582539983' lon='-95.24434071' />
  <node id='1813' timestamp='2026-09-02T12:00:00Z' uid='1' user='generator' visible='true' version='1' changeset='1' lat='43.0582539983' lon='-95.240549305' />
  <node id='1814' timestamp='2026-09-02T12:00:00Z' uid='1' user='generator' visible='true' version='1' changeset='1' lat='43.0548937549' lon='-95.240549305' />
  <node id='1815' timestamp='2026-09-02T12:00:00Z' uid='1' user='generator' visible='true' version='1' changeset='1' lat='43.0548937549' lon='-95.24434071' />
  <node id='1816' timestamp='2026-09-02T12:00:00Z' uid='1' user='generator' visible='true' version='1' changeset='1' lat='43.0651660052' lon='-95.2519888792' />
  <node id='1817' timestamp='2026-09-02T12:00:00Z' uid='1' user='generator' visible='true' version='1' changeset='1' lat='43.0651660052' lon='-95.2490169535' />
  <node id='1818' timestamp='2026-09-02T12:00:00Z' uid='1' user='generator' visible='true' version='1' changeset='1' lat='43.0608820009' lon='-95.2490169535' />
  <node id='1819' timestamp='2026-09-02T12:00:00Z' uid='1' user='generator' visible='true' version='1' changeset='1' lat='43.0608820009' lon='-95.2519888792' />
  <node id='1820' timestamp='2026-09-02T12:00:00Z' uid='1' user='generator' visible='true' version='1' changeset='1' lat='43.0674700075' lon='-95.2764277814' />
  <node id='1821' timestamp='2026-09-02T12:00:00Z' uid='1' user='generator' visible='true' version='1' changeset='1' lat='43.0674700075' lon='-95.2720900611' />
  <node id='1822' timestamp='2026-09-02T12:00:00Z' uid='1' user='generator' visible='true' version='1' changeset='1' lat='43.0645662086' lon='-95.2720900611' />
  <node id='1823' timestamp='2026-09-02T12:00:00Z' uid='1' user='generator' visible='true' version='1' changeset='1' lat='43.0645662086' lon='-95.2764277814' />
  <node id='1824' timestamp='2026-09-02T12:00:00Z' uid='1' user='generator' visible='true' version='1' changeset='1' lat='43.0651660052' lon='-95.2489676815' />
  <node id='1825' timestamp='2026-09-02T12:00:00Z' uid='1' user='generator' visible='true' version='1' changeset='1' lat='43.0651660052' lon='-95.2461255136' />
  <node id='1826' timestamp='2026-09-02T12:00:00Z' uid='1' user='generator' visible='true' version='1' changeset='1' lat='43.0608820009' lon='-95.2461255136' />
  <node id='1827' timestamp='2026-09-02T12:00:00Z' uid='1' user='generator' visible='true' version='1' changeset='1' lat='43.0608820009' lon='-95.2489676815' />
  <node id='1828' timestamp='2026-09-02T12:00:00Z' uid='1' user='generator' visible='true' version='1' changeset='1' lat='43.0343499743' lon='-95.2996268035' />
  <node id='1829' timestamp='2026-09-02T12:00:00Z' uid='1' user='generator' visible='true' version='1' changeset='1' lat='43.0343499743' lon='-95.2914270591' />
  <node id='1830' timestamp='2026-09-02T12:00:00Z' uid='1' user='generator' visible='true' version='1' changeset='1' lat='43.0328880579' lon='-95.2914270591' />
  <node id='1831' timestamp='2026-09-02T12:00:00Z' uid='1' user='generator' visible='true' version='1' changeset='1' lat='43.0328880579' lon='-95.2996268035' />
  <node id='1832' timestamp='2026-09-02T12:00:00Z' uid='1' user='generator' visible='true' version='1' changeset='1' lat='43.0343499743' lon='-95.2913777871' />
  <node id='1833' timestamp='2026-09-02T12:00:00Z' uid='1' user='generator' visible='true' version='1' changeset='1' lat='43.0343499743' lon='-95.2831780427' />
  <node id='1834' timestamp='2026-09-02T12:00:00Z' uid='1' user='generator' visible='true' version='1' changeset='1' lat='43.0328880579' lon='-95.2831780427' />
  <node id='1835' timestamp='2026-09-02T12:00:00Z' uid='1' user='generator' visible='true' version='1' changeset='1' lat='43.0328880579' lon='-95.2913777871' />
  <node id='1836' timestamp='2026-09-02T12:00:00Z' uid='1' user='generator' visible='true' version='1' changeset='1' lat='43.055033921' lon='-95.3167678233' />
  <node id='1837' timestamp='2026-09-02T12:00:00Z' uid='1' user='generator' visible='true' version='1' changeset='1' lat='43.055033921' lon='-95.3135295826' />
  <node id='1838' timestamp='2026-09-02T12:00:00Z' uid='1' user='generator' visible='true' version='1' changeset='1' lat='43.0513779914' lon='-95.3135295826' />
  <node id='1839' timestamp='2026-09-02T12:00:00Z' uid='1' user='generator' visible='true' version='1' changeset='1' lat='43.0513779914' lon='-95.3167678233' />
  <node id='1840' timestamp='2026-09-02T12:00:00Z' uid='1' user='generator' visible='true' version='1' changeset='1' lat='43.061998002' lon='-95.3166337173' />
  <node id='1841' timestamp='2026-09-02T12:00:00Z' uid='1' user='generator' visible='true' version='1' changeset='1' lat='43.061998002' lon='-95.3097849121' />
  <node id='1842' timestamp='2026-09-02T12:00:00Z' uid='1' user='generator' visible='true' version='1' changeset='1' lat='43.0603060003' lon='-95.3097849121' />
  <node id='1843' timestamp='2026-09-02T12:00:00Z' uid='1' user='generator' visible='true' version='1' changeset='1' lat='43.0603060003' lon='-95.3166337173' />
  <node id='1844' timestamp='2026-09-02T12:00:00Z' uid='1' user='generator' visible='true' version='1' changeset='1' lat='43.061998002' lon='-95.3097356401' />
  <node id='1845' timestamp='2026-09-02T12:00:00Z' uid='1' user='generator' visible='true' version='1' changeset='1' lat='43.061998002' lon='-95.3028868348' />
  <node id='1846' timestamp='2026-09-02T12:00:00Z' uid='1' user='generator' visible='true' version='1' changeset='1' lat='43.0603060003' lon='-95.3028868348' />
  <node id='1847' timestamp='2026-09-02T12:00:00Z' uid='1' user='generator' visible='true' version='1' changeset='1' lat='43.0603060003' lon='-95.3097356401' />
  <node id='1848' timestamp='2026-09-02T12:00:00Z' uid='1' user='generator' visible='true' version='1' changeset='1' lat='43.0582539983' lon='-95.2478127956' />
  <node id='1849' timestamp='2026-09-02T12:00:00Z' uid='1' user='generator' visible='true' version='1' changeset='1' lat='43.0582539983' lon='-95.244389982' />
  <node id='1850' timestamp='2026-09-02T12:00:00Z' uid='1' user='generator' visible='true' version='1' changeset='1' lat='43.0548937549' lon='-95.244389982' />
  <node id='1851' timestamp='2026-09-02T12:00:00Z' uid='1' user='generator' visible='true' version='1' changeset='1' lat='43.0548937549' lon='-95.2478127956' />
  <node id='1852' timestamp='2026-09-02T12:00:00Z' uid='1' user='generator' visible='true' version='1' changeset='1' lat='43.0596939997' lon='-95.2518451036' />
  <node id='1853' timestamp='2026-09-02T12:00:00Z' uid='1' user='generator' visible='true' version='1' changeset='1' lat='43.0596939997' lon='-95.2437604585' />
  <node id='1854' timestamp='2026-09-02T12:00:00Z' uid='1' user='generator' visible='true' version='1' changeset='1' lat='43.0582899983' lon='-95.2437604585' />
  <node id='1855' timestamp='2026-09-02T12:00:00Z' uid='1' user='generator' visible='true' version='1' changeset='1' lat='43.0582899983' lon='-95.2518451036' />
  <node id='1856' timestamp='2026-09-02T12:00:00Z' uid='1' user='generator' visible='true' version='1' changeset='1' lat='43.0596939997' lon='-95.2599790206' />
  <node id='1857' timestamp='2026-09-02T12:00:00Z' uid='1' user='generator' visible='true' version='1' changeset='1' lat='43.0596939997' lon='-95.2518943756' />
  <node id='1858' timestamp='2026-09-02T12:00:00Z' uid='1' user='generator' visible='true' version='1' changeset='1' lat='43.0582899983' lon='-95.2518943756' />
  <node id='1859' timestamp='2026-09-02T12:00:00Z' uid='1' user='generator' visible='true' version='1' changeset='1' lat='43.0582899983' lon='-95.2599790206' />
  <node id='1860' timestamp='2026-09-02T12:00:00Z' uid='1' user='generator' visible='true' version='1' changeset='1' lat='43.0380939781' lon='-95.3036866176' />
  <node id='1861' timestamp='2026-09-02T12:00:00Z' uid='1' user='generator' visible='true' version='1' changeset='1' lat='43.0380939781' lon='-95.3001276039' />
  <node id='1862' timestamp='2026-09-02T12:00:00Z' uid='1' user='generator' visible='true' version='1' changeset='1' lat='43.0349374859' lon='-95.3001276039' />
  <node id='1863' timestamp='2026-09-02T12:00:00Z' uid='1' user='generator' visible='true' version='1' changeset='1' lat='43.0349374859' lon='-95.3036866176' />
  <node id='1864' timestamp='2026-09-02T12:00:00Z' uid='1' user='generator' visible='true' version='1' changeset='1' lat='43.0772620173' lon='-95.2996268035' />
  <node id='1865' timestamp='2026-09-02T12:00:00Z' uid='1' user='generator' visible='true' version='1' changeset='1' lat='43.0772620173' lon='-95.2953974938' />
  <node id='1866' timestamp='2026-09-02T12:00:00Z' uid='1' user='generator' visible='true' version='1' changeset='1' lat='43.0747060147' lon='-95.2953974938' />
  <node id='1867' timestamp='2026-09-02T12:00:00Z' uid='1' user='generator' visible='true' version='1' changeset='1' lat='43.0747060147' lon='-95.2996268035' />
  <node id='1868' timestamp='2026-09-02T12:00:00Z' uid='1' user='generator' visible='true' version='1' changeset='1' lat='43.0888242208' lon='-95.2929831668' />
  <node id='1869' timestamp='2026-09-02T12:00:00Z' uid='1' user='generator' visible='true' version='1' changeset='1' lat='43.0888242208' lon='-95.2914557354' />
  <node id='1870' timestamp='2026-09-02T12:00:00Z' uid='1' user='generator' visible='true' version='1' changeset='1' lat='43.0819060219' lon='-95.2914557354' />
  <node id='1871' timestamp='2026-09-02T12:00:00Z' uid='1' user='generator' visible='true' version='1' changeset='1' lat='43.0819060219' lon='-95.2929831668' />
  <node id='1872' timestamp='2026-09-02T12:00:00Z' uid='1' user='generator' visible='true' version='1' changeset='1' lat='43.0401099801' lon='-95.2483037416' />
  <node id='1873' timestamp='2026-09-02T12:00:00Z' uid='1' user='generator' visible='true' version='1' changeset='1' lat='43.0401099801' lon='-95.2413954035' />
  <node id='1874' timestamp='2026-09-02T12:00:00Z' uid='1' user='generator' visible='true' version='1' changeset='1' lat='43.0385993736' lon='-95.2413954035' />
  <node id='1875' timestamp='2026-09-02T12:00:00Z' uid='1' user='generator' visible='true' version='1' changeset='1' lat='43.0385993736' lon='-95.2483037416' />
  <node id='1876' timestamp='2026-09-02T12:00:00Z' uid='1' user='generator' visible='true' version='1' changeset='1' lat='43.0645302085' lon='-95.2744671508' />
  <node id='1877' timestamp='2026-09-02T12:00:00Z' uid='1' user='generator' visible='true' version='1' changeset='1' lat='43.0645302085' lon='-95.2720900611' />
  <node id='1878' timestamp='2026-09-02T12:00:00Z' uid='1' user='generator' visible='true' version='1' changeset='1' lat='43.0601800002' lon='-95.2720900611' />
  <node id='1879' timestamp='2026-09-02T12:00:00Z' uid='1' user='generator' visible='true' version='1' changeset='1' lat='43.0601800002' lon='-95.2744671508' />
  <node id='1880' timestamp='2026-09-02T12:00:00Z' uid='1' user='generator' visible='true' version='1' changeset='1' lat='43.0380939781' lon='-95.3154511898' />
  <node id='1881' timestamp='2026-09-02T12:00:00Z' uid='1' user='generator' visible='true' version='1' changeset='1' lat='43.0380939781' lon='-95.3119085837' />
  <node id='1882' timestamp='2026-09-02T12:00:00Z' uid='1' user='generator' visible='true' version='1' changeset='1' lat='43.0351784432' lon='-95.3119085837' />
  <node id='1883' timestamp='2026-09-02T12:00:00Z' uid='1' user='generator' visible='true' version='1' changeset='1' lat='43.0351784432' lon='-95.3154511898' />
  <node id='1884' timestamp='2026-09-02T12:00:00Z' uid='1' user='generator' visible='true' version='1' changeset='1' lat='43.0274379674' lon='-95.2793101923' />
  <node id='1885' timestamp='2026-09-02T12:00:00Z' uid='1' user='generator' visible='true' version='1' changeset='1' lat='43.0274379674' lon='-95.2756887017' />
  <node id='1886' timestamp='2026-09-02T12:00:00Z' uid='1' user='generator' visible='true' version='1' changeset='1' lat='43.0245939646' lon='-95.2756887017' />
  <node id='1887' timestamp='2026-09-02T12:00:00Z' uid='1' user='generator' visible='true' version='1' changeset='1' lat='43.0245939646' lon='-95.2793101923' />
  <node id='1888' timestamp='2026-09-02T12:00:00Z' uid='1' user='generator' visible='true' version='1' changeset='1' lat='43.0827340227' lon='-95.2599790206' />
  <node id='1889' timestamp='2026-09-02T12:00:00Z' uid='1' user='generator' visible='true' version='1' changeset='1' lat='43.0827340227' lon='-95.2567682613' />
  <node id='1890' timestamp='2026-09-02T12:00:00Z' uid='1' user='generator' visible='true' version='1' changeset='1' lat='43.0796020196' lon='-95.2567682613' />
  <node id='1891' timestamp='2026-09-02T12:00:00Z' uid='1' user='generator' visible='true' version='1' changeset='1' lat='43.0796020196' lon='-95.2599790206' />
  <node id='1892' timestamp='2026-09-02T12:00:00Z' uid='1' user='generator' visible='true' version='1' changeset='1' lat='43.0777319617' lon='-95.2835229466' />
  <node id='1893' timestamp='2026-09-02T12:00:00Z' uid='1' user='generator' visible='true' version='1' changeset='1' lat='43.0777319617' lon='-95.2803449039' />
  <node id='1894' timestamp='2026-09-02T12:00:00Z' uid='1' user='generator' visible='true' version='1' changeset='1' lat='43.0746281106' lon='-95.2803449039' />
  <node id='1895' timestamp='2026-09-02T12:00:00Z' uid='1' user='generator' visible='true' version='1' changeset='1' lat='43.0746281106' lon='-95.2835229466' />
  <node id='1896' timestamp='2026-09-02T12:00:00Z' uid='1' user='generator' visible='true' version='1' changeset='1' lat='43.0743401103' lon='-95.3020492112' />
  <node id='1897' timestamp='2026-09-02T12:00:00Z' uid='1' user='generator' visible='true' version='1' changeset='1' lat='43.0743401103' lon='-95.3001276039' />
  <node id='1898' timestamp='2026-09-02T12:00:00Z' uid='1' user='generator' visible='true' version='1' changeset='1' lat='43.0692130572' lon='-95.3001276039' />
  <node id='1899' timestamp='2026-09-02T12:00:00Z' uid='1' user='generator' visible='true' version='1' changeset='1' lat='43.0692130572' lon='-95.3020492112' />
  <node id='1900' timestamp='2026-09-02T12:00:00Z' uid='1' user='generator' visible='true' version='1' changeset='1' lat='43.0691770572' lon='-95.3020492112' />
  <node id='1901' timestamp='2026-09-02T12:00:00Z' uid='1' user='generator' visible='true' version='1' changeset='1' lat='43.0691770572' lon='-95.3001276039' />
  <node id='1902' timestamp='2026-09-02T12:00:00Z' uid='1' user='generator' visible='true' version='1' changeset='1' lat='43.0640500041' lon='-95.3001276039' />
  <node id='1903' timestamp='2026-09-02T12:00:00Z' uid='1' user='generator' visible='true' version='1' changeset='1' lat='43.0640500041' lon='-95.3020492112' />
  <node id='1904' timestamp='2026-09-02T12:00:00Z' uid='1' user='generator' visible='true' version='1' changeset='1' lat='43.0553739954' lon='-95.3016550353' />
  <node id='1905' timestamp='2026-09-02T12:00:00Z' uid='1' user='generator' visible='true' version='1' changeset='1' lat='43.0553739954' lon='-95.3000209794' />
  <node id='1906' timestamp='2026-09-02T12:00:00Z' uid='1' user='generator' visible='true' version='1' changeset='1' lat='43.0493619894' lon='-95.3000209794' />
  <node id='1907' timestamp='2026-09-02T12:00:00Z' uid='1' user='generator' visible='true' version='1' changeset='1' lat='43.0493619894' lon='-95.3016550353' />
  <node id='1908' timestamp='2026-09-02T12:00:00Z' uid='1' user='generator' visible='true' version='1' changeset='1' lat='43.0473099873' lon='-95.2890414084' />
  <node id='1909' timestamp='2026-09-02T12:00:00Z' uid='1' user='generator' visible='true' version='1' changeset='1' lat='43.0473099873' lon='-95.2803449039' />
  <node id='1910' timestamp='2026-09-02T12:00:00Z' uid='1' user='generator' visible='true' version='1' changeset='1' lat='43.0461939862' lon='-95.2803449039' />
  <node id='1911' timestamp='2026-09-02T12:00:00Z' uid='1' user='generator' visible='true' version='1' changeset='1' lat='43.0461939862' lon='-95.2890414084' />
  <node id='1912' timestamp='2026-09-02T12:00:00Z' uid='1' user='generator' visible='true' version='1' changeset='1' lat='43.055033921' lon='-95.319450695' />
  <node id='1913' timestamp='2026-09-02T12:00:00Z' uid='1' user='generator' visible='true' version='1' changeset='1' lat='43.055033921' lon='-95.3168170953' />
  <node id='1914' timestamp='2026-09-02T12:00:00Z' uid='1' user='generator' visible='true' version='1' changeset='1' lat='43.0513779914' lon='-95.3168170953' />
  <node id='1915' timestamp='2026-09-02T12:00:00Z' uid='1' user='generator' visible='true' version='1' changeset='1' lat='43.0513779914' lon='-95.319450695' />
  <node id='1916' timestamp='2026-09-02T12:00:00Z' uid='1' user='generator' visible='true' version='1' changeset='1' lat='43.0380939781' lon='-95.3118593117' />
  <node id='1917' timestamp='2026-09-02T12:00:00Z' uid='1' user='generator' visible='true' version='1' changeset='1' lat='43.0380939781' lon='-95.3086149489' />
  <node id='1918' timestamp='2026-09-02T12:00:00Z' uid='1' user='generator' visible='true' version='1' changeset='1' lat='43.0351784432' lon='-95.3086149489' />
  <node id='1919' timestamp='2026-09-02T12:00:00Z' uid='1' user='generator' visible='true' version='1' changeset='1' lat='43.0351784432' lon='-95.3118593117' />
  <node id='1920' timestamp='2026-09-02T12:00:00Z' uid='1' user='generator' visible='true' version='1' changeset='1' lat='43.0398219798' lon='-95.3154511898' />
  <node id='1921' timestamp='2026-09-02T12:00:00Z' uid='1' user='generator' visible='true' version='1' changeset='1' lat='43.0398219798' lon='-95.3100364086' />
  <node id='1922' timestamp='2026-09-02T12:00:00Z' uid='1' user='generator' visible='true' version='1' changeset='1' lat='43.0381299781' lon='-95.3100364086' />
  <node id='1923' timestamp='2026-09-02T12:00:00Z' uid='1' user='generator' visible='true' version='1' changeset='1' lat='43.0381299781' lon='-95.3154511898' />
  <node id='1924' timestamp='2026-09-02T12:00:00Z' uid='1' user='generator' visible='true' version='1' changeset='1' lat='43.0418379818' lon='-95.3193929482' />
  <node id='1925' timestamp='2026-09-02T12:00:00Z' uid='1' user='generator' visible='true' version='1' changeset='1' lat='43.0418379818' lon='-95.3162888135' />
  <node id='1926' timestamp='2026-09-02T12:00:00Z' uid='1' user='generator' visible='true' version='1' changeset='1' lat='43.038993979' lon='-95.3162888135' />
  <node id='1927' timestamp='2026-09-02T12:00:00Z' uid='1' user='generator' visible='true' version='1' changeset='1' lat='43.038993979' lon='-95.3193929482' />
  <node id='1928' timestamp='2026-09-02T12:00:00Z' uid='1' user='generator' visible='true' version='1' changeset='1' lat='43.0766860167' lon='-95.2878588809' />
  <node id='1929' timestamp='2026-09-02T12:00:00Z' uid='1' user='generator' visible='true' version='1' changeset='1' lat='43.0766860167' lon='-95.2835722186' />
  <node id='1930' timestamp='2026-09-02T12:00:00Z' uid='1' user='generator' visible='true' version='1' changeset='1' lat='43.0746281106' lon='-95.2835722186' />
  <node id='1931' timestamp='2026-09-02T12:00:00Z' uid='1' user='generator' visible='true' version='1' changeset='1' lat='43.0746281106' lon='-95.2878588809' />
  <node id='1932' timestamp='2026-09-02T12:00:00Z' uid='1' user='generator' visible='true' version='1' changeset='1' lat='43.0380939781' lon='-95.3085656769' />
  <node id='1933' timestamp='2026-09-02T12:00:00Z' uid='1' user='generator' visible='true' version='1' changeset='1' lat='43.0380939781' lon='-95.3057799254' />
  <node id='1934' timestamp='2026-09-02T12:00:00Z' uid='1' user='generator' visible='true' version='1' changeset='1' lat='43.0349374859' lon='-95.3057799254' />
  <node id='1935' timestamp='2026-09-02T12:00:00Z' uid='1' user='generator' visible='true' version='1' changeset='1' lat='43.0349374859' lon='-95.3085656769' />
  <node id='1936' timestamp='2026-09-02T12:00:00Z' uid='1' user='generator' visible='true' version='1' changeset='1' lat='43.0398219798' lon='-95.3099871366' />
  <node id='1937' timestamp='2026-09-02T12:00:00Z' uid='1' user='generator' visible='true' version='1' changeset='1' lat='43.0398219798' lon='-95.304857714' />
  <node id='1938' timestamp='2026-09-02T12:00:00Z' uid='1' user='generator' visible='true' version='1' changeset='1' lat='43.0381299781' lon='-95.304857714' />
  <node id='1939' timestamp='2026-09-02T12:00:00Z' uid='1' user='generator' visible='true' version='1' changeset='1' lat='43.0381299781' lon='-95.3099871366' />
  <node id='1940' timestamp='2026-09-02T12:00:00Z' uid='1' user='generator' visible='true' version='1' changeset='1' lat='43.0645302085' lon='-95.2764277814' />
  <node id='1941' timestamp='2026-09-02T12:00:00Z' uid='1' user='generator' visible='true' version='1' changeset='1' lat='43.0645302085' lon='-95.2745164228' />
  <node id='1942' timestamp='2026-09-02T12:00:00Z' uid='1' user='generator' visible='true' version='1' changeset='1' lat='43.0601800002' lon='-95.2745164228' />
  <node id='1943' timestamp='2026-09-02T12:00:00Z' uid='1' user='generator' visible='true' version='1' changeset='1' lat='43.0601800002' lon='-95.2764277814' />
  <node id='1944' timestamp='2026-09-02T12:00:00Z' uid='1' user='generator' visible='true' version='1' changeset='1' lat='43.0598199998' lon='-95.294954046' />
  <node id='1945' timestamp='2026-09-02T12:00:00Z' uid='1' user='generator' visible='true' version='1' changeset='1' lat='43.0598199998' lon='-95.2922440871' />
  <node id='1946' timestamp='2026-09-02T12:00:00Z' uid='1' user='generator' visible='true' version='1' changeset='1' lat='43.0568499968' lon='-95.2922440871' />
  <node id='1947' timestamp='2026-09-02T12:00:00Z' uid='1' user='generator' visible='true' version='1' changeset='1' lat='43.0568499968' lon='-95.294954046' />
  <node id='1948' timestamp='2026-09-02T12:00:00Z' uid='1' user='generator' visible='true' version='1' changeset='1' lat='43.0268619669' lon='-95.2728801989' />
  <node id='1949' timestamp='2026-09-02T12:00:00Z' uid='1' user='generator' visible='true' version='1' changeset='1' lat='43.0268619669' lon='-95.2693818883' />
  <node id='1950' timestamp='2026-09-02T12:00:00Z' uid='1' user='generator' visible='true' version='1' changeset='1' lat='43.0245939646' lon='-95.2693818883' />
  <node id='1951' timestamp='2026-09-02T12:00:00Z' uid='1' user='generator' visible='true' version='1' changeset='1' lat='43.0245939646' lon='-95.2728801989' />
  <node id='1952' timestamp='2026-09-02T12:00:00Z' uid='1' user='generator' visible='true' version='1' changeset='1' lat='43.0395339795' lon='-95.2599790206' />
  <node id='1953' timestamp='2026-09-02T12:00:00Z' uid='1' user='generator' visible='true' version='1' changeset='1' lat='43.0395339795' lon='-95.257556613' />
  <node id='1954' timestamp='2026-09-02T12:00:00Z' uid='1' user='generator' visible='true' version='1' changeset='1' lat='43.0364019764' lon='-95.257556613' />
  <node id='1955' timestamp='2026-09-02T12:00:00Z' uid='1' user='generator' visible='true' version='1' changeset='1' lat='43.0364019764' lon='-95.2599790206' />
  <node id='1956' timestamp='2026-09-02T12:00:00Z' uid='1' user='generator' visible='true' version='1' changeset='1' lat='43.0412619813' lon='-95.257507341' />
  <node id='1957' timestamp='2026-09-02T12:00:00Z' uid='1' user='generator' visible='true' version='1' changeset='1' lat='43.0412619813' lon='-95.2508556237' />
  <node id='1958' timestamp='2026-09-02T12:00:00Z' uid='1' user='generator' visible='true' version='1' changeset='1' lat='43.0401459801' lon='-95.2508556237' />
  <node id='1959' timestamp='2026-09-02T12:00:00Z' uid='1' user='generator' visible='true' version='1' changeset='1' lat='43.0401459801' lon='-95.257507341' />
  <node id='1960' timestamp='2026-09-02T12:00:00Z' uid='1' user='generator' visible='true' version='1' changeset='1' lat='43.0308877789' lon='-95.2870705292' />
  <node id='1961' timestamp='2026-09-02T12:00:00Z' uid='1' user='generator' visible='true' version='1' changeset='1' lat='43.0308877789' lon='-95.2847547461' />
  <node id='1962' timestamp='2026-09-02T12:00:00Z' uid='1' user='generator' visible='true' version='1' changeset='1' lat='43.0277619678' lon='-95.2847547461' />
  <node id='1963' timestamp='2026-09-02T12:00:00Z' uid='1' user='generator' visible='true' version='1' changeset='1' lat='43.0277619678' lon='-95.2870705292' />
  <node id='1964' timestamp='2026-09-02T12:00:00Z' uid='1' user='generator' visible='true' version='1' changeset='1' lat='43.081006021' lon='-95.319450695' />
  <node id='1965' timestamp='2026-09-02T12:00:00Z' uid='1' user='generator' visible='true' version='1' changeset='1' lat='43.081006021' lon='-95.3143179343' />
  <node id='1966' timestamp='2026-09-02T12:00:00Z' uid='1' user='generator' visible='true' version='1' changeset='1' lat='43.0796020196' lon='-95.3143179343' />
  <node id='1967' timestamp='2026-09-02T12:00:00Z' uid='1' user='generator' visible='true' version='1' changeset='1' lat='43.0796020196' lon='-95.319450695' />
  <node id='1968' timestamp='2026-09-02T12:00:00Z' uid='1' user='generator' visible='true' version='1' changeset='1' lat='43.0412619813' lon='-95.2752452539' />
  <node id='1969' timestamp='2026-09-02T12:00:00Z' uid='1' user='generator' visible='true' version='1' changeset='1' lat='43.0412619813' lon='-95.2701702399' />
  <node id='1970' timestamp='2026-09-02T12:00:00Z' uid='1' user='generator' visible='true' version='1' changeset='1' lat='43.0398579799' lon='-95.2701702399' />
  <node id='1971' timestamp='2026-09-02T12:00:00Z' uid='1' user='generator' visible='true' version='1' changeset='1' lat='43.0398579799' lon='-95.2752452539' />
  <node id='1972' timestamp='2026-09-02T12:00:00Z' uid='1' user='generator' visible='true' version='1' changeset='1' lat='43.0856140256' lon='-95.2598723961' />
  <node id='1973' timestamp='2026-09-02T12:00:00Z' uid='1' user='generator' visible='true' version='1' changeset='1' lat='43.0856140256' lon='-95.2567682613' />
  <node id='1974' timestamp='2026-09-02T12:00:00Z' uid='1' user='generator' visible='true' version='1' changeset='1' lat='43.0833460233' lon='-95.2567682613' />
  <node id='1975' timestamp='2026-09-02T12:00:00Z' uid='1' user='generator' visible='true' version='1' changeset='1' lat='43.0833460233' lon='-95.2598723961' />
  <node id='1976' timestamp='2026-09-02T12:00:00Z' uid='1' user='generator' visible='true' version='1' changeset='1' lat='43.061998002' lon='-95.3291980723' />
  <node id='1977' timestamp='2026-09-02T12:00:00Z' uid='1' user='generator' visible='true' version='1' changeset='1' lat='43.061998002' lon='-95.3229898028' />
  <node id='1978' timestamp='2026-09-02T12:00:00Z' uid='1' user='generator' visible='true' version='1' changeset='1' lat='43.0608820009' lon='-95.3229898028' />
  <node id='1979' timestamp='2026-09-02T12:00:00Z' uid='1' user='generator' visible='true' version='1' changeset='1' lat='43.0608820009' lon='-95.3291980723' />
  <node id='1980' timestamp='2026-09-02T12:00:00Z' uid='1' user='generator' visible='true' version='1' changeset='1' lat='43.0453718894' lon='-95.2878588809' />
  <node id='1981' timestamp='2026-09-02T12:00:00Z' uid='1' user='generator' visible='true' version='1' changeset='1' lat='43.0453718894' lon='-95.2803449039' />
  <node id='1982' timestamp='2026-09-02T12:00:00Z' uid='1' user='generator' visible='true' version='1' changeset='1' lat='43.0444659845' lon='-95.2803449039' />
  <node id='1983' timestamp='2026-09-02T12:00:00Z' uid='1' user='generator' visible='true' version='1' changeset='1' lat='43.0444659845' lon='-95.2878588809' />
  <node id='1984' timestamp='2026-09-02T12:00:00Z' uid='1' user='generator' visible='true' version='1' changeset='1' lat='43.0355019755' lon='-95.2519888792' />
  <node id='1985' timestamp='2026-09-02T12:00:00Z' uid='1' user='generator' visible='true' version='1' changeset='1' lat='43.0355019755' lon='-95.2473080411' />
  <node id='1986' timestamp='2026-09-02T12:00:00Z' uid='1' user='generator' visible='true' version='1' changeset='1' lat='43.0340979741' lon='-95.2473080411' />
  <node id='1987' timestamp='2026-09-02T12:00:00Z' uid='1' user='generator' visible='true' version='1' changeset='1' lat='43.0340979741' lon='-95.2519888792' />
  <node id='1988' timestamp='2026-09-02T12:00:00Z' uid='1' user='generator' visible='true' version='1' changeset='1' lat='43.0651660052' lon='-95.2543539343' />
  <node id='1989' timestamp='2026-09-02T12:00:00Z' uid='1' user='generator' visible='true' version='1' changeset='1' lat='43.0651660052' lon='-95.2528265029' />
  <node id='1990' timestamp='2026-09-02T12:00:00Z' uid='1' user='generator' visible='true' version='1' changeset='1' lat='43.0608820009' lon='-95.2528265029' />
  <node id='1991' timestamp='2026-09-02T12:00:00Z' uid='1' user='generator' visible='true' version='1' changeset='1' lat='43.0608820009' lon='-95.2543539343' />
  <node id='1992' timestamp='2026-09-02T12:00:00Z' uid='1' user='generator' visible='true' version='1' changeset='1' lat='43.0380939781' lon='-95.3057306534' />
  <node id='1993' timestamp='2026-09-02T12:00:00Z' uid='1' user='generator' visible='true' version='1' changeset='1' lat='43.0380939781' lon='-95.3037358896' />
  <node id='1994' timestamp='2026-09-02T12:00:00Z' uid='1' user='generator' visible='true' version='1' changeset='1' lat='43.0349374859' lon='-95.3037358896' />
  <node id='1995' timestamp='2026-09-02T12:00:00Z' uid='1' user='generator' visible='true' version='1' changeset='1' lat='43.0349374859' lon='-95.3057306534' />
  <node id='1996' timestamp='2026-09-02T12:00:00Z' uid='1' user='generator' visible='true' version='1' changeset='1' lat='43.066030006' lon='-95.2847054741' />
  <node id='1997' timestamp='2026-09-02T12:00:00Z' uid='1' user='generator' visible='true' version='1' changeset='1' lat='43.066030006' lon='-95.2812071635' />
  <node id='1998' timestamp='2026-09-02T12:00:00Z' uid='1' user='generator' visible='true' version='1' changeset='1' lat='43.0643380043' lon='-95.2812071635' />
  <node id='1999' timestamp='2026-09-02T12:00:00Z' uid='1' user='generator' visible='true' version='1' changeset='1' lat='43.0643380043' lon='-95.2847054741' />
  <node id='2000' timestamp='2026-09-02T12:00:00Z' uid='1' user='generator' visible='true' version='1' changeset='1' lat='43.0308877789' lon='-95.2793101923' />
  <node id='2001' timestamp='2026-09-02T12:00:00Z' uid='1' user='generator' visible='true' version='1' changeset='1' lat='43.0308877789' lon='-95.2776595809' />
  <node id='2002' timestamp='2026-09-02T12:00:00Z' uid='1' user='generator' visible='true' version='1' changeset='1' lat='43.0274739675' lon='-95.2776595809' />
  <node id='2003' timestamp='2026-09-02T12:00:00Z' uid='1' user='generator' visible='true' version='1' changeset='1' lat='43.0274739675' lon='-95.2793101923' />
  <node id='2004' timestamp='2026-09-02T12:00:00Z' uid='1' user='generator' visible='true' version='1' changeset='1' lat='43.0438539839' lon='-95.3291980723' />
  <node id='2005' timestamp='2026-09-02T12:00:00Z' uid='1' user='generator' visible='true' version='1' changeset='1' lat='43.0438539839' lon='-95.3273257371' />
  <node id='2006' timestamp='2026-09-02T12:00:00Z' uid='1' user='generator' visible='true' version='1' changeset='1' lat='43.0412979813' lon='-95.3273257371' />
  <node id='2007' timestamp='2026-09-02T12:00:00Z' uid='1' user='generator' visible='true' version='1' changeset='1' lat='43.0412979813' lon='-95.3291980723' />
  <node id='2008' timestamp='2026-09-02T12:00:00Z' uid='1' user='generator' visible='true' version='1' changeset='1' lat='43.0598199998' lon='-95.3166337173' />
  <node id='2009' timestamp='2026-09-02T12:00:00Z' uid='1' user='generator' visible='true' version='1' changeset='1' lat='43.0598199998' lon='-95.3135295826' />
  <node id='2010' timestamp='2026-09-02T12:00:00Z' uid='1' user='generator' visible='true' version='1' changeset='1' lat='43.0582899983' lon='-95.3135295826' />
  <node id='2011' timestamp='2026-09-02T12:00:00Z' uid='1' user='generator' visible='true' version='1' changeset='1' lat='43.0582899983' lon='-95.3166337173' />
  <node id='2012' timestamp='2026-09-02T12:00:00Z' uid='1' user='generator' visible='true' version='1' changeset='1' lat='43.0700620101' lon='-95.2996268035' />
  <node id='2013' timestamp='2026-09-02T12:00:00Z' uid='1' user='generator' visible='true' version='1' changeset='1' lat='43.0700620101' lon='-95.2985509006' />
  <node id='2014' timestamp='2026-09-02T12:00:00Z' uid='1' user='generator' visible='true' version='1' changeset='1' lat='43.0657780058' lon='-95.2985509006' />
  <node id='2015' timestamp='2026-09-02T12:00:00Z' uid='1' user='generator' visible='true' version='1' changeset='1' lat='43.0657780058' lon='-95.2996268035' />
  <node id='2016' timestamp='2026-09-02T12:00:00Z' uid='1' user='generator' visible='true' version='1' changeset='1' lat='43.076974017' lon='-95.2906181117' />
  <node id='2017' timestamp='2026-09-02T12:00:00Z' uid='1' user='generator' visible='true' version='1' changeset='1' lat='43.076974017' lon='-95.2886965045' />
  <node id='2018' timestamp='2026-09-02T12:00:00Z' uid='1' user='generator' visible='true' version='1' changeset='1' lat='43.0747060147' lon='-95.2886965045' />
  <node id='2019' timestamp='2026-09-02T12:00:00Z' uid='1' user='generator' visible='true' version='1' changeset='1' lat='43.0747060147' lon='-95.2906181117' />
  <node id='2020' timestamp='2026-09-02T12:00:00Z' uid='1' user='generator' visible='true' version='1' changeset='1' lat='43.0694860095' lon='-95.2929831668' />
  <node id='2021' timestamp='2026-09-02T12:00:00Z' uid='1' user='generator' visible='true' version='1' changeset='1' lat='43.0694860095' lon='-95.2914557354' />
  <node id='2022' timestamp='2026-09-02T12:00:00Z' uid='1' user='generator' visible='true' version='1' changeset='1' lat='43.0666420066' lon='-95.2914557354' />
  <node id='2023' timestamp='2026-09-02T12:00:00Z' uid='1' user='generator' visible='true' version='1' changeset='1' lat='43.0666420066' lon='-95.2929831668' />
  <node id='2024' timestamp='2026-09-02T12:00:00Z' uid='1' user='generator' visible='true' version='1' changeset='1' lat='43.0467339867' lon='-95.2681500887' />
  <node id='2025' timestamp='2026-09-02T12:00:00Z' uid='1' user='generator' visible='true' version='1' changeset='1' lat='43.0467339867' lon='-95.2642576023' />
  <node id='2026' timestamp='2026-09-02T12:00:00Z' uid='1' user='generator' visible='true' version='1' changeset='1' lat='43.0456598897' lon='-95.2642576023' />
  <node id='2027' timestamp='2026-09-02T12:00:00Z' uid='1' user='generator' visible='true' version='1' changeset='1' lat='43.0456598897' lon='-95.2681500887' />
  <node id='2028' timestamp='2026-09-02T12:00:00Z' uid='1' user='generator' visible='true' version='1' changeset='1' lat='43.0598199998' lon='-95.2374043731' />
  <node id='2029' timestamp='2026-09-02T12:00:00Z' uid='1' user='generator' visible='true' version='1' changeset='1' lat='43.0598199998' lon='-95.2346944141' />
  <node id='2030' timestamp='2026-09-02T12:00:00Z' uid='1' user='generator' visible='true' version='1' changeset='1' lat='43.0582899983' lon='-95.2346944141' />
  <node id='2031' timestamp='2026-09-02T12:00:00Z' uid='1' user='generator' visible='true' version='1' changeset='1' lat='43.0582899983' lon='-95.2374043731' />
  <node id='2032' timestamp='2026-09-02T12:00:00Z' uid='1' user='generator' visible='true' version='1' changeset='1' lat='43.0453718894' lon='-95.2791870123' />
  <node id='2033' timestamp='2026-09-02T12:00:00Z' uid='1' user='generator' visible='true' version='1' changeset='1' lat='43.0453718894' lon='-95.2772654051' />
  <node id='2034' timestamp='2026-09-02T12:00:00Z' uid='1' user='generator' visible='true' version='1' changeset='1' lat='43.0433139833' lon='-95.2772654051' />
  <node id='2035' timestamp='2026-09-02T12:00:00Z' uid='1' user='generator' visible='true' version='1' changeset='1' lat='43.0433139833' lon='-95.2791870123' />
  <node id='2036' timestamp='2026-09-02T12:00:00Z' uid='1' user='generator' visible='true' version='1' changeset='1' lat='43.0329099729' lon='-95.2547481101' />
  <node id='2037' timestamp='2026-09-02T12:00:00Z' uid='1' user='generator' visible='true' version='1' changeset='1' lat='43.0329099729' lon='-95.2512497995' />
  <node id='2038' timestamp='2026-09-02T12:00:00Z' uid='1' user='generator' visible='true' version='1' changeset='1' lat='43.0317939718' lon='-95.2512497995' />
  <node id='2039' timestamp='2026-09-02T12:00:00Z' uid='1' user='generator' visible='true' version='1' changeset='1' lat='43.0317939718' lon='-95.2547481101' />
  <node id='2040' timestamp='2026-09-02T12:00:00Z' uid='1' user='generator' visible='true' version='1' changeset='1' lat='43.0643020043' lon='-95.2957423977' />
  <node id='2041' timestamp='2026-09-02T12:00:00Z' uid='1' user='generator' visible='true' version='1' changeset='1' lat='43.0643020043' lon='-95.2946091422' />
  <node id='2042' timestamp='2026-09-02T12:00:00Z' uid='1' user='generator' visible='true' version='1' changeset='1' lat='43.0608820009' lon='-95.2946091422' />
  <node id='2043' timestamp='2026-09-02T12:00:00Z' uid='1' user='generator' visible='true' version='1' changeset='1' lat='43.0608820009' lon='-95.2957423977' />
  <node id='2044' timestamp='2026-09-02T12:00:00Z' uid='1' user='generator' visible='true' version='1' changeset='1' lat='43.025997966' lon='-95.2484412966' />
  <node id='2045' timestamp='2026-09-02T12:00:00Z' uid='1' user='generator' visible='true' version='1' changeset='1' lat='43.025997966' lon='-95.2457313377' />
  <node id='2046' timestamp='2026-09-02T12:00:00Z' uid='1' user='generator' visible='true' version='1' changeset='1' lat='43.0245939646' lon='-95.2457313377' />
  <node id='2047' timestamp='2026-09-02T12:00:00Z' uid='1' user='generator' visible='true' version='1' changeset='1' lat='43.0245939646' lon='-95.2484412966' />
  <node id='2048' timestamp='2026-09-02T12:00:00Z' uid='1' user='generator' visible='true' version='1' changeset='1' lat='43.0841740242' lon='-95.3154511898' />
  <node id='2049' timestamp='2026-09-02T12:00:00Z' uid='1' user='generator' visible='true' version='1' changeset='1' lat='43.0841740242' lon='-95.3143179343' />
  <node id='2050' timestamp='2026-09-02T12:00:00Z' uid='1' user='generator' visible='true' version='1' changeset='1' lat='43.081042021' lon='-95.3143179343' />
  <node id='2051' timestamp='2026-09-02T12:00:00Z' uid='1' user='generator' visible='true' version='1' changeset='1' lat='43.081042021' lon='-95.3154511898' />
  <node id='2052' timestamp='2026-09-02T12:00:00Z' uid='1' user='generator' visible='true' version='1' changeset='1' lat='43.061998002' lon='-95.2981074528' />
  <node id='2053' timestamp='2026-09-02T12:00:00Z' uid='1' user='generator' visible='true' version='1' changeset='1' lat='43.061998002' lon='-95.2961858455' />
  <node id='2054' timestamp='2026-09-02T12:00:00Z' uid='1' user='generator' visible='true' version='1' changeset='1' lat='43.0601800002' lon='-95.2961858455' />
  <node id='2055' timestamp='2026-09-02T12:00:00Z' uid='1' user='generator' visible='true' version='1' changeset='1' lat='43.0601800002' lon='-95.2981074528' />
  <node id='2056' timestamp='2026-09-02T12:00:00Z' uid='1' user='generator' visible='true' version='1' changeset='1' lat='43.0968640369' lon='-95.28' />
  <node id='2057' timestamp='2026-09-02T12:00:00Z' uid='1' user='generator' visible='true' version='1' changeset='1' lat='43.088968221' lon='-95.28' />
  <node id='2058' timestamp='2026-09-02T12:00:00Z' uid='1' user='generator' visible='true' version='1' changeset='1' lat='43.0744841105' lon='-95.28' />
  <node id='2059' timestamp='2026-09-02T12:00:00Z' uid='1' user='generator' visible='true' version='1' changeset='1' lat='43.06' lon='-95.28' />
  <node id='2060' timestamp='2026-09-02T12:00:00Z' uid='1' user='generator' visible='true' version='1' changeset='1' lat='43.0590819991' lon='-95.28' />
  <node id='2061' timestamp='2026-09-02T12:00:00Z' uid='1' user='generator' visible='true' version='1' changeset='1' lat='43.0455158895' lon='-95.28' />
  <node id='2062' timestamp='2026-09-02T12:00:00Z' uid='1' user='generator' visible='true' version='1' changeset='1' lat='43.0393705214' lon='-95.28' />
  <node id='2063' timestamp='2026-09-02T12:00:00Z' uid='1' user='generator' visible='true' version='1' changeset='1' lat='43.0381645202' lon='-95.28' />
  <node id='2064' timestamp='2026-09-02T12:00:00Z' uid='1' user='generator' visible='true' version='1' changeset='1' lat='43.031031779' lon='-95.28' />
  <node id='2065' timestamp='2026-09-02T12:00:00Z' uid='1' user='generator' visible='true' version='1' changeset='1' lat='43.0231359631' lon='-95.28' />
  <node id='2066' timestamp='2026-09-02T12:00:00Z' uid='1' user='generator' visible='true' version='1' changeset='1' lat='43.06' lon='-95.3304545078' />
  <node id='2067' timestamp='2026-09-02T12:00:00Z' uid='1' user='generator' visible='true' version='1' changeset='1' lat='43.06' lon='-95.3210963791' />
  <node id='2068' timestamp='2026-09-02T12:00:00Z' uid='1' user='generator' visible='true' version='1' changeset='1' lat='43.06' lon='-95.3196477829' />
  <node id='2069' timestamp='2026-09-02T12:00:00Z' uid='1' user='generator' visible='true' version='1' changeset='1' lat='43.06' lon='-95.3181991867' />
  <node id='2070' timestamp='2026-09-02T12:00:00Z' uid='1' user='generator' visible='true' version='1' changeset='1' lat='43.06' lon='-95.3092675563' />
  <node id='2071' timestamp='2026-09-02T12:00:00Z' uid='1' user='generator' visible='true' version='1' changeset='1' lat='43.06' lon='-95.301436896' />
  <node id='2072' timestamp='2026-09-02T12:00:00Z' uid='1' user='generator' visible='true' version='1' changeset='1' lat='43.06' lon='-95.3005992723' />
  <node id='2073' timestamp='2026-09-02T12:00:00Z' uid='1' user='generator' visible='true' version='1' changeset='1' lat='43.06' lon='-95.2998238915' />
  <node id='2074' timestamp='2026-09-02T12:00:00Z' uid='1' user='generator' visible='true' version='1' changeset='1' lat='43.06' lon='-95.2817935001' />
  <node id='2075' timestamp='2026-09-02T12:00:00Z' uid='1' user='generator' visible='true' version='1' changeset='1' lat='43.06' lon='-95.2795072802' />
  <node id='2076' timestamp='2026-09-02T12:00:00Z' uid='1' user='generator' visible='true' version='1' changeset='1' lat='43.06' lon='-95.2782064999' />
  <node id='2077' timestamp='2026-09-02T12:00:00Z' uid='1' user='generator' visible='true' version='1' changeset='1' lat='43.06' lon='-95.2601761085' />
  <node id='2078' timestamp='2026-09-02T12:00:00Z' uid='1' user='generator' visible='true' version='1' changeset='1' lat='43.06' lon='-95.2417318325' />
  <node id='2079' timestamp='2026-09-02T12:00:00Z' uid='1' user='generator' visible='true' version='1' changeset='1' lat='43.06' lon='-95.2403522171' />
  <node id='2080' timestamp='2026-09-02T12:00:00Z' uid='1' user='generator' visible='true' version='1' changeset='1' lat='43.06' lon='-95.2389726016' />
  <node id='2081' timestamp='2026-09-02T12:00:00Z' uid='1' user='generator' visible='true' version='1' changeset='1' lat='43.06' lon='-95.2295454922' />
  <node id='2082' timestamp='2026-09-02T12:00:00Z' uid='1' user='generator' visible='true' version='1' changeset='1' lat='43.088968221' lon='-95.3304545078' />
  <node id='2083' timestamp='2026-09-02T12:00:00Z' uid='1' user='generator' visible='true' version='1' changeset='1' lat='43.088968221' lon='-95.3196477829' />
  <node id='2084' timestamp='2026-09-02T12:00:00Z' uid='1' user='generator' visible='true' version='1' changeset='1' lat='43.088968221' lon='-95.310006636' />
  <node id='2085' timestamp='2026-09-02T12:00:00Z' uid='1' user='generator' visible='true' version='1' changeset='1' lat='43.088968221' lon='-95.2998238915' />
  <node id='2086' timestamp='2026-09-02T12:00:00Z' uid='1' user='generator' visible='true' version='1' changeset='1' lat='43.088968221' lon='-95.2795072802' />
  <node id='2087' timestamp='2026-09-02T12:00:00Z' uid='1' user='generator' visible='true' version='1' changeset='1' lat='43.088968221' lon='-95.2601761085' />
  <node id='2088' timestamp='2026-09-02T12:00:00Z' uid='1' user='generator' visible='true' version='1' changeset='1' lat='43.088968221' lon='-95.2403522171' />
  <node id='2089' timestamp='2026-09-02T12:00:00Z' uid='1' user='generator' visible='true' version='1' changeset='1' lat='43.088968221' lon='-95.2295454922' />
  <node id='2090' timestamp='2026-09-02T12:00:00Z' uid='1' user='generator' visible='true' version='1' changeset='1' lat='43.0744841105' lon='-95.3304545078' />
  <node id='2091' timestamp='2026-09-02T12:00:00Z' uid='1' user='generator' visible='true' version='1' changeset='1' lat='43.0744841105' lon='-95.3196477829' />
  <node id='2092' timestamp='2026-09-02T12:00:00Z' uid='1' user='generator' visible='true' version='1' changeset='1' lat='43.0744841105' lon='-95.2998238915' />
  <node id='2093' timestamp='2026-09-02T12:00:00Z' uid='1' user='generator' visible='true' version='1' changeset='1' lat='43.0744841105' lon='-95.2938528049' />
  <node id='2094' timestamp='2026-09-02T12:00:00Z' uid='1' user='generator' visible='true' version='1' changeset='1' lat='43.0744841105' lon='-95.2930151813' />
  <node id='2095' timestamp='2026-09-02T12:00:00Z' uid='1' user='generator' visible='true' version='1' changeset='1' lat='43.0744841105' lon='-95.2883269647' />
  <node id='2096' timestamp='2026-09-02T12:00:00Z' uid='1' user='generator' visible='true' version='1' changeset='1' lat='43.0744841105' lon='-95.2795072802' />
  <node id='2097' timestamp='2026-09-02T12:00:00Z' uid='1' user='generator' visible='true' version='1' changeset='1' lat='43.0744841105' lon='-95.2601761085' />
  <node id='2098' timestamp='2026-09-02T12:00:00Z' uid='1' user='generator' visible='true' version='1' changeset='1' lat='43.0744841105' lon='-95.2503875399' />
  <node id='2099' timestamp='2026-09-02T12:00:00Z' uid='1' user='generator' visible='true' version='1' changeset='1' lat='43.0744841105' lon='-95.2403522171' />
  <node id='2100' timestamp='2026-09-02T12:00:00Z' uid='1' user='generator' visible='true' version='1' changeset='1' lat='43.0744841105' lon='-95.2295454922' />
  <node id='2101' action='delete' timestamp='2026-09-02T12:00:00Z' uid='1' user='generator' visible='true' version='1' changeset='1' lat='43.0455158895' lon='-95.3304545078' />
  <node id='2102' action='delete' timestamp='2026-09-02T12:00:00Z' uid='1' user='generator' visible='true' version='1' changeset='1' lat='43.0455158895' lon='-95.3265065411' />
  <node id='2103' timestamp='2026-09-02T12:00:00Z' uid='1' user='generator' visible='true' version='1' changeset='1' lat='43.0455158895' lon='-95.2995025766' />
  <node id='2104' timestamp='2026-09-02T12:00:00Z' uid='1' user='generator' visible='true' version='1' changeset='1' lat='43.0455158895' lon='-95.2795072802' />
  <node id='2105' timestamp='2026-09-02T12:00:00Z' uid='1' user='generator' visible='true' version='1' changeset='1' lat='43.0455158895' lon='-95.2686181726' />
  <node id='2106' timestamp='2026-09-02T12:00:00Z' uid='1' user='generator' visible='true' version='1' changeset='1' lat='43.0455158895' lon='-95.2601761085' />
  <node id='2107' timestamp='2026-09-02T12:00:00Z' uid='1' user='generator' visible='true' version='1' changeset='1' lat='43.0455158895' lon='-95.2464457814' />
  <node id='2108' timestamp='2026-09-02T12:00:00Z' uid='1' user='generator' visible='true' version='1' changeset='1' lat='43.0455158895' lon='-95.2403522171' />
  <node id='2109' timestamp='2026-09-02T12:00:00Z' uid='1' user='generator' visible='true' version='1' changeset='1' lat='43.0455158895' lon='-95.2295454922' />
  <node id='2110' timestamp='2026-09-02T12:00:00Z' uid='1' user='generator' visible='true' version='1' changeset='1' lat='43.031031779' lon='-95.3304545078' />
  <node id='2111' timestamp='2026-09-02T12:00:00Z' uid='1' user='generator' visible='true' version='1' changeset='1' lat='43.031031779' lon='-95.3196477829' />
  <node id='2112' timestamp='2026-09-02T12:00:00Z' uid='1' user='generator' visible='true' version='1' changeset='1' lat='43.031031779' lon='-95.2998238915' />
  <node id='2113' timestamp='2026-09-02T12:00:00Z' uid='1' user='generator' visible='true' version='1' changeset='1' lat='43.031031779' lon='-95.2795072802' />
  <node id='2114' timestamp='2026-09-02T12:00:00Z' uid='1' user='generator' visible='true' version='1' changeset='1' lat='43.031031779' lon='-95.2712499861' />
  <node id='2115' timestamp='2026-09-02T12:00:00Z' uid='1' user='generator' visible='true' version='1' changeset='1' lat='43.031031779' lon='-95.2695993748' />
  <node id='2116' timestamp='2026-09-02T12:00:00Z' uid='1' user='generator' visible='true' version='1' changeset='1' lat='43.031031779' lon='-95.2601761085' />
  <node id='2117' timestamp='2026-09-02T12:00:00Z' uid='1' user='generator' visible='true' version='1' changeset='1' lat='43.031031779' lon='-95.2403522171' />
  <node id='2118' timestamp='2026-09-02T12:00:00Z' uid='1' user='generator' visible='true' version='1' changeset='1' lat='43.031031779' lon='-95.2295454922' />
  <node id='2119' timestamp='2026-09-02T12:00:00Z' uid='1' user='generator' visible='true' version='1' changeset='1' lat='43.0968640369' lon='-95.3196477829' />
  <node id='2120' timestamp='2026-09-02T12:00:00Z' uid='1' user='generator' visible='true' version='1' changeset='1' lat='43.0591899992' lon='-95.3196477829' />
  <node id='2121' timestamp='2026-09-02T12:00:00Z' uid='1' user='generator' visible='true' version='1' changeset='1' lat='43.0471688672' lon='-95.3196477829' />
  <node id='2122' timestamp='2026-09-02T12:00:00Z' uid='1' user='generator' visible='true' version='1' changeset='1' lat='43.045962866' lon='-95.3196477829' />
  <node id='2123' timestamp='2026-09-02T12:00:00Z' uid='1' user='generator' visible='true' version='1' changeset='1' lat='43.0231359631' lon='-95.3196477829' />
  <node id='2124' timestamp='2026-09-02T12:00:00Z' uid='1' user='generator' visible='true' version='1' changeset='1' lat='43.0968640369' lon='-95.2998238915' />
  <node id='2125' timestamp='2026-09-02T12:00:00Z' uid='1' user='generator' visible='true' version='1' changeset='1' lat='43.063009531' lon='-95.2998238915' />
  <node id='2126' timestamp='2026-09-02T12:00:00Z' uid='1' user='generator' visible='true' version='1' changeset='1' lat='43.0623975304' lon='-95.2998238915' />
  <node id='2127' timestamp='2026-09-02T12:00:00Z' uid='1' user='generator' visible='true' version='1' changeset='1' lat='43.0440503551' lon='-95.2998238915' />
  <node id='2128' timestamp='2026-09-02T12:00:00Z' uid='1' user='generator' visible='true' version='1' changeset='1' lat='43.0395503506' lon='-95.2998238915' />
  <node id='2129' timestamp='2026-09-02T12:00:00Z' uid='1' user='generator' visible='true' version='1' changeset='1' lat='43.0231359631' lon='-95.2998238915' />
  <node id='2130' timestamp='2026-09-02T12:00:00Z' uid='1' user='generator' visible='true' version='1' changeset='1' lat='43.0968640369' lon='-95.2795072802' />
  <node id='2131' timestamp='2026-09-02T12:00:00Z' uid='1' user='generator' visible='true' version='1' changeset='1' lat='43.0590819991' lon='-95.2795072802' />
  <node id='2132' action='delete' timestamp='2026-09-02T12:00:00Z' uid='1' user='generator' visible='true' version='1' changeset='1' lat='43.0408266058' lon='-95.2795072802' />
  <node id='2133' action='delete' timestamp='2026-09-02T12:00:00Z' uid='1' user='generator' visible='true' version='1' changeset='1' lat='43.0363266013' lon='-95.2795072802' />
  <node id='2134' timestamp='2026-09-02T12:00:00Z' uid='1' user='generator' visible='true' version='1' changeset='1' lat='43.0231359631' lon='-95.2795072802' />
  <node id='2135' timestamp='2026-09-02T12:00:00Z' uid='1' user='generator' visible='true' version='1' changeset='1' lat='43.0968640369' lon='-95.2601761085' />
  <node id='2136' timestamp='2026-09-02T12:00:00Z' uid='1' user='generator' visible='true' version='1' changeset='1' lat='43.0831840232' lon='-95.2601761085' />
  <node id='2137' action='delete' timestamp='2026-09-02T12:00:00Z' uid='1' user='generator' visible='true' version='1' changeset='1' lat='43.0243772444' lon='-95.2601761085' />
  <node id='2138' timestamp='2026-09-02T12:00:00Z' uid='1' user='generator' visible='true' version='1' changeset='1' lat='43.0968640369' lon='-95.2403522171' />
  <node id='2139' timestamp='2026-09-02T12:00:00Z' uid='1' user='generator' visible='true' version='1' changeset='1' lat='43.0592169992' lon='-95.2403522171' />
  <node id='2140' timestamp='2026-09-02T12:00:00Z' uid='1' user='generator' visible='true' version='1' changeset='1' lat='43.0231359631' lon='-95.2403522171' />
  <node id='2141' timestamp='2026-09-02T12:00:00Z' uid='1' user='generator' visible='true' version='1' changeset='1' lat='43.0772890173' lon='-95.2883269647' />
  <node id='2142' timestamp='2026-09-02T12:00:00Z' uid='1' user='generator' visible='true' version='1' changeset='1' lat='43.0831840232' lon='-95.2560538176' />
  <node id='2143' timestamp='2026-09-02T12:00:00Z' uid='1' user='generator' visible='true' version='1' changeset='1' lat='43.0838140238' lon='-95.310006636' />
  <node id='2144' timestamp='2026-09-02T12:00:00Z' uid='1' user='generator' visible='true' version='1' changeset='1' lat='43.0692340092' lon='-95.2503875399' />
  <node id='2145' timestamp='2026-09-02T12:00:00Z' uid='1' user='generator' visible='true' version='1' changeset='1' lat='43.0551939952' lon='-95.3092675563' />
  <node id='2146' timestamp='2026-09-02T12:00:00Z' uid='1' user='generator' visible='true' version='1' changeset='1' lat='43.0472289872' lon='-95.2686181726' />
  <node id='2147' timestamp='2026-09-02T12:00:00Z' uid='1' user='generator' visible='true' version='1' changeset='1' lat='43.0444389844' lon='-95.2464457814' />
  <node id='2148' timestamp='2026-09-02T12:00:00Z' uid='1' user='generator' visible='true' version='1' changeset='1' lat='43.0611340011' lon='-95.3210963791' />
  <node id='2149' timestamp='2026-09-02T12:00:00Z' uid='1' user='generator' visible='true' version='1' changeset='1' lat='43.0591899992' lon='-95.3210963791' />
  <node id='2150' timestamp='2026-09-02T12:00:00Z' uid='1' user='generator' visible='true' version='1' changeset='1' lat='43.0588659989' lon='-95.3210963791' />
  <node id='2151' timestamp='2026-09-02T12:00:00Z' uid='1' user='generator' visible='true' version='1' changeset='1' lat='43.0611340011' lon='-95.3181991867' />
  <node id='2152' timestamp='2026-09-02T12:00:00Z' uid='1' user='generator' visible='true' version='1' changeset='1' lat='43.0591899992' lon='-95.3181991867' />
  <node id='2153' timestamp='2026-09-02T12:00:00Z' uid='1' user='generator' visible='true' version='1' changeset='1' lat='43.0588659989' lon='-95.3181991867' />
  <node id='2154' timestamp='2026-09-02T12:00:00Z' uid='1' user='generator' visible='true' version='1' changeset='1' lat='43.0591899992' lon='-95.3217172061' />
  <node id='2155' timestamp='2026-09-02T12:00:00Z' uid='1' user='generator' visible='true' version='1' changeset='1' lat='43.0591899992' lon='-95.3175783597' />
  <node id='2156' timestamp='2026-09-02T12:00:00Z' uid='1' user='generator' visible='true' version='1' changeset='1' lat='43.0612852013' lon='-95.2817935001' />
  <node id='2157' timestamp='2026-09-02T12:00:00Z' uid='1' user='generator' visible='true' version='1' changeset='1' lat='43.0590819991' lon='-95.2817935001' />
  <node id='2158' timestamp='2026-09-02T12:00:00Z' uid='1' user='generator' visible='true' version='1' changeset='1' lat='43.0587147987' lon='-95.2817935001' />
  <node id='2159' timestamp='2026-09-02T12:00:00Z' uid='1' user='generator' visible='true' version='1' changeset='1' lat='43.0612852013' lon='-95.2782064999' />
  <node id='2160' timestamp='2026-09-02T12:00:00Z' uid='1' user='generator' visible='true' version='1' changeset='1' lat='43.0590819991' lon='-95.2782064999' />
  <node id='2161' timestamp='2026-09-02T12:00:00Z' uid='1' user='generator' visible='true' version='1' changeset='1' lat='43.0587147987' lon='-95.2782064999' />
  <node id='2162' timestamp='2026-09-02T12:00:00Z' uid='1' user='generator' visible='true' version='1' changeset='1' lat='43.0590819991' lon='-95.282562143' />
  <node id='2163' timestamp='2026-09-02T12:00:00Z' uid='1' user='generator' visible='true' version='1' changeset='1' lat='43.0590819991' lon='-95.277437857' />
  <node id='2164' timestamp='2026-09-02T12:00:00Z' uid='1' user='generator' visible='true' version='1' changeset='1' lat='43.0610962011' lon='-95.2417318325' />
  <node id='2165' timestamp='2026-09-02T12:00:00Z' uid='1' user='generator' visible='true' version='1' changeset='1' lat='43.0592169992' lon='-95.2417318325' />
  <node id='2166' timestamp='2026-09-02T12:00:00Z' uid='1' user='generator' visible='true' version='1' changeset='1' lat='43.0589037989' lon='-95.2417318325' />
  <node id='2167' timestamp='2026-09-02T12:00:00Z' uid='1' user='generator' visible='true' version='1' changeset='1' lat='43.0610962011' lon='-95.2389726016' />
  <node id='2168' timestamp='2026-09-02T12:00:00Z' uid='1' user='generator' visible='true' version='1' changeset='1' lat='43.0592169992' lon='-95.2389726016' />
  <node id='2169' timestamp='2026-09-02T12:00:00Z' uid='1' user='generator' visible='true' version='1' changeset='1' lat='43.0589037989' lon='-95.2389726016' />
  <node id='2170' timestamp='2026-09-02T12:00:00Z' uid='1' user='generator' visible='true' version='1' changeset='1' lat='43.0592169992' lon='-95.2423230963' />
  <node id='2171' timestamp='2026-09-02T12:00:00Z' uid='1' user='generator' visible='true' version='1' changeset='1' lat='43.0592169992' lon='-95.2383813379' />
  <way id='1' timestamp='2026-09-02T12:00:00Z' uid='1' user='generator' visible='true' version='1' changeset='1'>
    <nd ref='1' />
    <nd ref='2' />
    <nd ref='3' />
    <nd ref='4' />
    <nd ref='5' />
    <nd ref='6' />
    <nd ref='7' />
    <nd ref='8' />
    <nd ref='9' />
    <nd ref='10' />
    <nd ref='11' />
    <nd ref='12' />
    <nd ref='13' />
    <nd ref='14' />
    <nd ref='15' />
    <nd ref='16' />
    <nd ref='17' />
    <nd ref='18' />
    <nd ref='19' />
    <nd ref='20' />
    <nd ref='21' />
    <nd ref='22' />
    <nd ref='23' />
    <nd ref='24' />
    <nd ref='25' />
    <nd ref='26' />
    <nd ref='27' />
    <nd ref='28' />
    <nd ref='29' />
    <nd ref='30' />
    <nd ref='31' />
    <nd ref='32' />
    <nd ref='33' />
    <nd ref='34' />
    <nd ref='35' />
    <nd ref='36' />
    <nd ref='37' />
    <nd ref='38' />
    <nd ref='39' />
    <nd ref='40' />
    <nd ref='41' />
    <nd ref='42' />
    <nd ref='43' />
    <nd ref='44' />
    <nd ref='45' />
    <nd ref='46' />
    <nd ref='47' />
    <nd ref='48' />
    <nd ref='49' />
    <nd ref='50' />
    <nd ref='51' />
    <nd ref='52' />
    <nd ref='53' />
    <nd ref='54' />
    <nd ref='55' />
    <nd ref='56' />
    <nd ref='57' />
    <nd ref='58' />
    <nd ref='59' />
    <nd ref='60' />
    <nd ref='61' />
    <nd ref='62' />
    <nd ref='63' />
    <nd ref='64' />
    <nd ref='65' />
    <nd ref='66' />
    <nd ref='67' />
    <nd ref='68' />
    <nd ref='69' />
    <nd ref='70' />
    <nd ref='71' />
    <nd ref='72' />
    <nd ref='73' />
    <nd ref='74' />
    <nd ref='1' />
    <tag k='name' v='Ocheyedan River' />
    <tag k='natural' v='water' />
    <tag k='water' v='river' />
  </way>
  <way id='2' action='delete' timestamp='2026-09-02T12:00:00Z' uid='1' user='generator' visible='true' version='1' changeset='1'>
    <tag k='name' v='Ocheyedan River' />
    <tag k='natural' v='water' />
    <tag k='water' v='river' />
  </way>
  <way id='3' timestamp='2026-09-02T12:00:00Z' uid='1' user='generator' visible='true' version='1' changeset='1'>
    <nd ref='83' />
    <nd ref='84' />
    <nd ref='85' />
    <nd ref='86' />
    <nd ref='87' />
    <nd ref='88' />
    <nd ref='89' />
    <nd ref='90' />
    <nd ref='91' />
    <nd ref='92' />
    <nd ref='93' />
    <nd ref='94' />
    <nd ref='95' />
    <nd ref='96' />
    <nd ref='97' />
    <nd ref='98' />
    <nd ref='99' />
    <nd ref='100' />
    <nd ref='101' />
    <nd ref='102' />
    <nd ref='103' />
    <nd ref='104' />
    <nd ref='105' />
    <nd ref='106' />
    <nd ref='107' />
    <nd ref='108' />
    <nd ref='109' />
    <nd ref='110' />
    <nd ref='111' />
    <nd ref='112' />
    <nd ref='113' />
    <nd ref='114' />
    <nd ref='115' />
    <nd ref='116' />
    <nd ref='117' />
    <nd ref='118' />
    <nd ref='119' />
    <nd ref='120' />
    <nd ref='121' />
    <nd ref='122' />
    <nd ref='123' />
    <nd ref='124' />
    <nd ref='125' />
    <nd ref='126' />
    <nd ref='127' />
    <nd ref='128' />
    <nd ref='129' />
    <nd ref='130' />
    <nd ref='131' />
    <nd ref='132' />
    <nd ref='133' />
    <nd ref='134' />
    <nd ref='135' />
    <nd ref='136' />
    <nd ref='137' />
    <nd ref='138' />
    <nd ref='139' />
    <nd ref='140' />
    <nd ref='141' />
    <nd ref='142' />
    <nd ref='143' />
    <nd ref='144' />
    <nd ref='145' />
    <nd ref='146' />
    <nd ref='147' />
    <nd ref='148' />
    <nd ref='149' />
    <nd ref='150' />
    <nd ref='151' />
    <nd ref='152' />
    <nd ref='153' />
    <nd ref='154' />
    <nd ref='155' />
    <nd ref='156' />
    <nd ref='157' />
    <nd ref='158' />
    <nd ref='159' />
    <nd ref='160' />
    <nd ref='161' />
    <nd ref='162' />
    <nd ref='163' />
    <nd ref='164' />
    <nd ref='165' />
    <nd ref='166' />
    <nd ref='167' />
    <nd ref='168' />
    <nd ref='169' />
    <nd ref='170' />
    <nd ref='171' />
    <nd ref='172' />
    <nd ref='173' />
    <nd ref='174' />
    <nd ref='175' />
    <nd ref='176' />
    <nd ref='177' />
    <nd ref='178' />
    <nd ref='179' />
    <nd ref='180' />
    <nd ref='181' />
    <nd ref='182' />
    <nd ref='183' />
    <nd ref='184' />
    <nd ref='185' />
    <nd ref='186' />
    <nd ref='187' />
    <nd ref='188' />
    <nd ref='189' />
    <nd ref='190' />
    <nd ref='191' />
    <nd ref='192' />
    <nd ref='193' />
    <nd ref='194' />
    <nd ref='195' />
    <nd ref='196' />
    <nd ref='197' />
    <nd ref='198' />
    <nd ref='199' />
    <nd ref='200' />
    <nd ref='201' />
    <nd ref='202' />
    <nd ref='203' />
    <nd ref='204' />
    <nd ref='205' />
    <nd ref='206' />
    <nd ref='207' />
    <nd ref='208' />
    <nd ref='209' />
    <nd ref='210' />
    <nd ref='211' />
    <nd ref='212' />
    <nd ref='213' />
    <nd ref='214' />
    <nd ref='215' />
    <nd ref='216' />
    <nd ref='217' />
    <nd ref='218' />
    <nd ref='219' />
    <nd ref='220' />
    <nd ref='221' />
    <nd ref='222' />
    <nd ref='223' />
    <nd ref='224' />
    <nd ref='225' />
    <nd ref='226' />
    <nd ref='227' />
    <nd ref='228' />
    <nd ref='229' />
    <nd ref='230' />
    <nd ref='231' />
    <nd ref='232' />
    <nd ref='233' />
    <nd ref='234' />
    <nd ref='235' />
    <nd ref='236' />
    <nd ref='237' />
    <nd ref='238' />
    <nd ref='239' />
    <nd ref='240' />
    <nd ref='241' />
    <nd ref='242' />
    <nd ref='243' />
    <nd ref='244' />
    <nd ref='245' />
    <nd ref='246' />
    <nd ref='247' />
    <nd ref='248' />
    <nd ref='249' />
    <nd ref='250' />
    <nd ref='251' />
    <nd ref='252' />
    <nd ref='253' />
    <nd ref='254' />
    <nd ref='255' />
    <nd ref='256' />
    <nd ref='257' />
    <nd ref='258' />
    <nd ref='259' />
    <nd ref='260' />
    <nd ref='261' />
    <nd ref='262' />
    <nd ref='263' />
    <nd ref='264' />
    <nd ref='265' />
    <nd ref='266' />
    <nd ref='267' />
    <nd ref='268' />
    <nd ref='269' />
    <nd ref='270' />
    <nd ref='271' />
    <nd ref='272' />
    <nd ref='273' />
    <nd ref='274' />
    <nd ref='275' />
    <nd ref='276' />
    <nd ref='277' />
    <nd ref='278' />
    <nd ref='279' />
    <nd ref='280' />
    <nd ref='281' />
    <nd ref='282' />
    <nd ref='283' />
    <nd ref='284' />
    <nd ref='285' />
    <nd ref='286' />
    <nd ref='287' />
    <nd ref='288' />
    <nd ref='289' />
    <nd ref='290' />
    <nd ref='291' />
    <nd ref='292' />
    <nd ref='293' />
    <nd ref='294' />
    <nd ref='295' />
    <nd ref='296' />
    <nd ref='83' />
    <tag k='name' v='Ocheyedan River' />
    <tag k='natural' v='water' />
    <tag k='water' v='river' />
  </way>
  <way id='4' timestamp='2026-09-02T12:00:00Z' uid='1' user='generator' visible='true' version='1' changeset='1'>
    <nd ref='297' />
    <nd ref='298' />
    <nd ref='299' />
    <nd ref='300' />
    <nd ref='301' />
    <nd ref='302' />
    <nd ref='303' />
    <nd ref='304' />
    <nd ref='305' />
    <nd ref='306' />
    <nd ref='307' />
    <nd ref='308' />
    <nd ref='309' />
    <nd ref='310' />
    <nd ref='311' />
    <nd ref='312' />
    <nd ref='313' />
    <nd ref='314' />
    <nd ref='315' />
    <nd ref='316' />
    <nd ref='317' />
    <nd ref='318' />
    <nd ref='319' />
    <nd ref='320' />
    <nd ref='321' />
    <nd ref='322' />
    <nd ref='323' />
    <nd ref='324' />
    <nd ref='325' />
    <nd ref='326' />
    <nd ref='327' />
    <nd ref='328' />
    <nd ref='329' />
    <nd ref='330' />
    <nd ref='331' />
    <nd ref='332' />
    <nd ref='333' />
    <nd ref='334' />
    <nd ref='335' />
    <nd ref='336' />
    <nd ref='337' />
    <nd ref='338' />
    <nd ref='339' />
    <nd ref='340' />
    <nd ref='341' />
    <nd ref='342' />
    <nd ref='343' />
    <nd ref='344' />
    <nd ref='345' />
    <nd ref='346' />
    <nd ref='347' />
    <nd ref='348' />
    <nd ref='349' />
    <nd ref='350' />
    <nd ref='351' />
    <nd ref='352' />
    <nd ref='353' />
    <nd ref='354' />
    <nd ref='355' />
    <nd ref='356' />
    <nd ref='357' />
    <nd ref='358' />
    <nd ref='359' />
    <nd ref='360' />
    <nd ref='361' />
    <nd ref='362' />
    <nd ref='363' />
    <nd ref='364' />
    <nd ref='365' />
    <nd ref='366' />
    <nd ref='367' />
    <nd ref='368' />
    <nd ref='369' />
    <nd ref='370' />
    <nd ref='371' />
    <nd ref='372' />
    <nd ref='373' />
    <nd ref='374' />
    <nd ref='375' />
    <nd ref='376' />
    <nd ref='377' />
    <nd ref='378' />
    <nd ref='379' />
    <nd ref='380' />
    <nd ref='381' />
    <nd ref='382' />
    <nd ref='383' />
    <nd ref='384' />
    <nd ref='385' />
    <nd ref='386' />
    <nd ref='387' />
    <nd ref='388' />
    <nd ref='389' />
    <nd ref='390' />
    <nd ref='391' />
    <nd ref='392' />
    <nd ref='393' />
    <nd ref='394' />
    <nd ref='395' />
    <nd ref='396' />
    <nd ref='397' />
    <nd ref='398' />
    <nd ref='399' />
    <nd ref='400' />
    <nd ref='401' />
    <nd ref='402' />
    <nd ref='403' />
    <nd ref='404' />
    <nd ref='405' />
    <nd ref='406' />
    <nd ref='407' />
    <nd ref='408' />
    <nd ref='409' />
    <nd ref='410' />
    <nd ref='411' />
    <nd ref='412' />
    <nd ref='413' />
    <nd ref='414' />
    <nd ref='415' />
    <nd ref='416' />
    <nd ref='417' />
    <nd ref='418' />
    <nd ref='419' />
    <nd ref='420' />
    <nd ref='421' />
    <nd ref='422' />
    <nd ref='423' />
    <nd ref='424' />
    <nd ref='425' />
    <nd ref='426' />
    <nd ref='427' />
    <nd ref='428' />
    <nd ref='429' />
    <nd ref='430' />
    <nd ref='431' />
    <nd ref='432' />
    <nd ref='433' />
    <nd ref='434' />
    <nd ref='435' />
    <nd ref='436' />
    <nd ref='437' />
    <nd ref='438' />
    <nd ref='439' />
    <nd ref='440' />
    <nd ref='441' />
    <nd ref='442' />
    <nd ref='443' />
    <nd ref='444' />
    <nd ref='445' />
    <nd ref='446' />
    <nd ref='447' />
    <nd ref='448' />
    <nd ref='449' />
    <nd ref='450' />
    <nd ref='451' />
    <nd ref='452' />
    <nd ref='453' />
    <nd ref='454' />
    <nd ref='455' />
    <nd ref='456' />
    <nd ref='457' />
    <nd ref='458' />
    <nd ref='459' />
    <nd ref='460' />
    <nd ref='461' />
    <nd ref='462' />
    <nd ref='463' />
    <nd ref='464' />
    <nd ref='465' />
    <nd ref='466' />
    <nd ref='467' />
    <nd ref='468' />
    <nd ref='469' />
    <nd ref='470' />
    <nd ref='471' />
    <nd ref='472' />
    <nd ref='473' />
    <nd ref='474' />
    <nd ref='475' />
    <nd ref='476' />
    <nd ref='477' />
    <nd ref='478' />
    <nd ref='479' />
    <nd ref='480' />
    <nd ref='481' />
    <nd ref='482' />
    <nd ref='483' />
    <nd ref='484' />
    <nd ref='485' />
    <nd ref='486' />
    <nd ref='487' />
    <nd ref='488' />
    <nd ref='489' />
    <nd ref='490' />
    <nd ref='491' />
    <nd ref='492' />
    <nd ref='493' />
    <nd ref='494' />
    <nd ref='495' />
    <nd ref='496' />
    <nd ref='497' />
    <nd ref='498' />
    <nd ref='499' />
    <nd ref='500' />
    <nd ref='501' />
    <nd ref='502' />
    <nd ref='503' />
    <nd ref='504' />
    <nd ref='505' />
    <nd ref='506' />
    <nd ref='507' />
    <nd ref='508' />
    <nd ref='509' />
    <nd ref='510' />
    <nd ref='511' />
    <nd ref='512' />
    <nd ref='513' />
    <nd ref='514' />
    <nd ref='515' />
    <nd ref='516' />
    <nd ref='517' />
    <nd ref='518' />
    <nd ref='519' />
    <nd ref='520' />
    <nd ref='521' />
    <nd ref='522' />
    <nd ref='523' />
    <nd ref='524' />
    <nd ref='525' />
    <nd ref='526' />
    <nd ref='297' />
    <tag k='name' v='Ocheyedan River' />
    <tag k='natural' v='water' />
    <tag k='water' v='river' />
  </way>
  <way id='5' timestamp='2026-09-02T12:00:00Z' uid='1' user='generator' visible='true' version='1' changeset='1'>
    <nd ref='527' />
    <nd ref='528' />
    <nd ref='529' />
    <nd ref='530' />
    <nd ref='531' />
    <nd ref='532' />
    <nd ref='533' />
    <nd ref='534' />
    <nd ref='535' />
    <nd ref='536' />
    <nd ref='537' />
    <nd ref='538' />
    <nd ref='539' />
    <nd ref='540' />
    <nd ref='541' />
    <nd ref='542' />
    <nd ref='543' />
    <nd ref='544' />
    <nd ref='545' />
    <nd ref='546' />
    <nd ref='547' />
    <nd ref='548' />
    <nd ref='549' />
    <nd ref='550' />
    <nd ref='551' />
    <nd ref='552' />
    <nd ref='553' />
    <nd ref='554' />
    <nd ref='555' />
    <nd ref='556' />
    <nd ref='557' />
    <nd ref='558' />
    <nd ref='559' />
    <nd ref='560' />
    <nd ref='561' />
    <nd ref='562' />
    <nd ref='563' />
    <nd ref='564' />
    <nd ref='565' />
    <nd ref='566' />
    <nd ref='567' />
    <nd ref='568' />
    <nd ref='569' />
    <nd ref='570' />
    <nd ref='571' />
    <nd ref='572' />
    <nd ref='573' />
    <nd ref='574' />
    <nd ref='575' />
    <nd ref='576' />
    <nd ref='577' />
    <nd ref='578' />
    <nd ref='579' />
    <nd ref='580' />
    <nd ref='581' />
    <nd ref='582' />
    <nd ref='583' />
    <nd ref='584' />
    <nd ref='585' />
    <nd ref='586' />
    <nd ref='587' />
    <nd ref='588' />
    <nd ref='589' />
    <nd ref='590' />
    <nd ref='591' />
    <nd ref='592' />
    <nd ref='593' />
    <nd ref='594' />
    <nd ref='595' />
    <nd ref='596' />
    <nd ref='597' />
    <nd ref='598' />
    <nd ref='527' />
    <tag k='name' v='Silver Lake' />
    <tag k='natural' v='water' />
    <tag k='water' v='lake' />
  </way>
  <way id='6' timestamp='2026-09-02T12:00:00Z' uid='1' user='generator' visible='true' version='1' changeset='1'>
    <nd ref='599' />
    <nd ref='600' />
    <nd ref='601' />
    <nd ref='602' />
    <nd ref='603' />
    <nd ref='604' />
    <nd ref='605' />
    <nd ref='606' />
    <nd ref='607' />
    <nd ref='608' />
    <nd ref='609' />
    <nd ref='610' />
    <nd ref='611' />
    <nd ref='612' />
    <nd ref='613' />
    <nd ref='614' />
    <nd ref='615' />
    <nd ref='616' />
    <nd ref='617' />
    <nd ref='618' />
    <nd ref='619' />
    <nd ref='620' />
    <nd ref='621' />
    <nd ref='622' />
    <nd ref='623' />
    <nd ref='624' />
    <nd ref='625' />
    <nd ref='599' />
    <tag k='landuse' v='farmyard' />
    <tag k='leaf_type' v='broadleaved' />
    <tag k='name' v='River timber' />
    <tag k='natural' v='wood' />
  </way>
  <way id='7' timestamp='2026-09-02T12:00:00Z' uid='1' user='generator' visible='true' version='1' changeset='1'>
    <nd ref='626' />
    <nd ref='627' />
    <nd ref='628' />
    <nd ref='629' />
    <nd ref='630' />
    <nd ref='631' />
    <nd ref='632' />
    <nd ref='633' />
    <nd ref='634' />
    <nd ref='635' />
    <nd ref='636' />
    <nd ref='637' />
    <nd ref='638' />
    <nd ref='639' />
    <nd ref='640' />
    <nd ref='641' />
    <nd ref='642' />
    <nd ref='643' />
    <nd ref='644' />
    <nd ref='645' />
    <nd ref='646' />
    <nd ref='647' />
    <nd ref='648' />
    <nd ref='649' />
    <nd ref='650' />
    <nd ref='651' />
    <nd ref='626' />
    <tag k='landuse' v='farmyard' />
    <tag k='leaf_type' v='broadleaved' />
    <tag k='name' v='River timber' />
    <tag k='natural' v='wood' />
  </way>
  <way id='8' timestamp='2026-09-02T12:00:00Z' uid='1' user='generator' visible='true' version='1' changeset='1'>
    <nd ref='652' />
    <nd ref='653' />
    <nd ref='654' />
    <nd ref='655' />
    <nd ref='656' />
    <nd ref='657' />
    <nd ref='658' />
    <nd ref='659' />
    <nd ref='660' />
    <nd ref='661' />
    <nd ref='662' />
    <nd ref='663' />
    <nd ref='664' />
    <nd ref='665' />
    <nd ref='666' />
    <nd ref='667' />
    <nd ref='668' />
    <nd ref='669' />
    <nd ref='670' />
    <nd ref='671' />
    <nd ref='672' />
    <nd ref='673' />
    <nd ref='674' />
    <nd ref='675' />
    <nd ref='676' />
    <nd ref='677' />
    <nd ref='678' />
    <nd ref='679' />
    <nd ref='652' />
    <tag k='landuse' v='farmyard' />
    <tag k='leaf_type' v='broadleaved' />
    <tag k='name' v='River timber' />
    <tag k='natural' v='wood' />
  </way>
  <way id='9' timestamp='2026-09-02T12:00:00Z' uid='1' user='generator' visible='true' version='1' changeset='1'>
    <nd ref='680' />
    <nd ref='681' />
    <nd ref='682' />
    <nd ref='683' />
    <nd ref='684' />
    <nd ref='685' />
    <nd ref='686' />
    <nd ref='687' />
    <nd ref='688' />
    <nd ref='689' />
    <nd ref='690' />
    <nd ref='691' />
    <nd ref='692' />
    <nd ref='693' />
    <nd ref='694' />
    <nd ref='695' />
    <nd ref='696' />
    <nd ref='697' />
    <nd ref='698' />
    <nd ref='699' />
    <nd ref='700' />
    <nd ref='701' />
    <nd ref='680' />
    <tag k='landuse' v='farmyard' />
    <tag k='leaf_type' v='broadleaved' />
    <tag k='name' v='River timber' />
    <tag k='natural' v='wood' />
  </way>
  <way id='10' timestamp='2026-09-02T12:00:00Z' uid='1' user='generator' visible='true' version='1' changeset='1'>
    <nd ref='702' />
    <nd ref='703' />
    <nd ref='704' />
    <nd ref='705' />
    <nd ref='706' />
    <nd ref='707' />
    <nd ref='708' />
    <nd ref='709' />
    <nd ref='710' />
    <nd ref='711' />
    <nd ref='712' />
    <nd ref='713' />
    <nd ref='714' />
    <nd ref='715' />
    <nd ref='716' />
    <nd ref='717' />
    <nd ref='718' />
    <nd ref='719' />
    <nd ref='720' />
    <nd ref='721' />
    <nd ref='702' />
    <tag k='landuse' v='farmyard' />
    <tag k='leaf_type' v='broadleaved' />
    <tag k='name' v='River timber' />
    <tag k='natural' v='wood' />
  </way>
  <way id='11' timestamp='2026-09-02T12:00:00Z' uid='1' user='generator' visible='true' version='1' changeset='1'>
    <nd ref='722' />
    <nd ref='723' />
    <nd ref='724' />
    <nd ref='725' />
    <nd ref='726' />
    <nd ref='727' />
    <nd ref='728' />
    <nd ref='729' />
    <nd ref='730' />
    <nd ref='731' />
    <nd ref='732' />
    <nd ref='733' />
    <nd ref='734' />
    <nd ref='735' />
    <nd ref='736' />
    <nd ref='737' />
    <nd ref='738' />
    <nd ref='739' />
    <nd ref='740' />
    <nd ref='741' />
    <nd ref='742' />
    <nd ref='743' />
    <nd ref='744' />
    <nd ref='745' />
    <nd ref='722' />
    <tag k='landuse' v='farmyard' />
    <tag k='leaf_type' v='broadleaved' />
    <tag k='name' v='River timber' />
    <tag k='natural' v='wood' />
  </way>
  <way id='12' timestamp='2026-09-02T12:00:00Z' uid='1' user='generator' visible='true' version='1' changeset='1'>
    <nd ref='746' />
    <nd ref='747' />
    <nd ref='748' />
    <nd ref='749' />
    <nd ref='750' />
    <nd ref='751' />
    <nd ref='752' />
    <nd ref='753' />
    <nd ref='754' />
    <nd ref='755' />
    <nd ref='746' />
    <tag k='landuse' v='farmyard' />
    <tag k='leaf_type' v='broadleaved' />
    <tag k='name' v='River timber' />
    <tag k='natural' v='wood' />
  </way>
  <way id='13' timestamp='2026-09-02T12:00:00Z' uid='1' user='generator' visible='true' version='1' changeset='1'>
    <nd ref='756' />
    <nd ref='757' />
    <nd ref='758' />
    <nd ref='759' />
    <nd ref='760' />
    <nd ref='761' />
    <nd ref='762' />
    <nd ref='763' />
    <nd ref='764' />
    <nd ref='765' />
    <nd ref='766' />
    <nd ref='767' />
    <nd ref='768' />
    <nd ref='769' />
    <nd ref='770' />
    <nd ref='771' />
    <nd ref='772' />
    <nd ref='773' />
    <nd ref='774' />
    <nd ref='775' />
    <nd ref='756' />
    <tag k='landuse' v='farmyard' />
    <tag k='leaf_type' v='broadleaved' />
    <tag k='name' v='River timber' />
    <tag k='natural' v='wood' />
  </way>
  <way id='14' action='delete' timestamp='2026-09-02T12:00:00Z' uid='1' user='generator' visible='true' version='1' changeset='1'>
    <tag k='landuse' v='farmyard' />
    <tag k='leaf_type' v='broadleaved' />
    <tag k='name' v='River timber' />
    <tag k='natural' v='wood' />
  </way>
  <way id='15' timestamp='2026-09-02T12:00:00Z' uid='1' user='generator' visible='true' version='1' changeset='1'>
    <nd ref='784' />
    <nd ref='785' />
    <nd ref='786' />
    <nd ref='787' />
    <nd ref='788' />
    <nd ref='789' />
    <nd ref='790' />
    <nd ref='791' />
    <nd ref='792' />
    <nd ref='793' />
    <nd ref='794' />
    <nd ref='795' />
    <nd ref='796' />
    <nd ref='797' />
    <nd ref='798' />
    <nd ref='799' />
    <nd ref='800' />
    <nd ref='801' />
    <nd ref='802' />
    <nd ref='803' />
    <nd ref='804' />
    <nd ref='805' />
    <nd ref='806' />
    <nd ref='807' />
    <nd ref='808' />
    <nd ref='809' />
    <nd ref='784' />
    <tag k='landuse' v='farmyard' />
    <tag k='leaf_type' v='broadleaved' />
    <tag k='name' v='River timber' />
    <tag k='natural' v='wood' />
  </way>
  <way id='16' timestamp='2026-09-02T12:00:00Z' uid='1' user='generator' visible='true' version='1' changeset='1'>
    <nd ref='810' />
    <nd ref='811' />
    <nd ref='812' />
    <nd ref='813' />
    <nd ref='814' />
    <nd ref='815' />
    <nd ref='816' />
    <nd ref='817' />
    <nd ref='818' />
    <nd ref='819' />
    <nd ref='820' />
    <nd ref='821' />
    <nd ref='822' />
    <nd ref='823' />
    <nd ref='824' />
    <nd ref='825' />
    <nd ref='826' />
    <nd ref='827' />
    <nd ref='828' />
    <nd ref='829' />
    <nd ref='830' />
    <nd ref='831' />
    <nd ref='832' />
    <nd ref='833' />
    <nd ref='834' />
    <nd ref='835' />
    <nd ref='836' />
    <nd ref='837' />
    <nd ref='810' />
    <tag k='landuse' v='farmyard' />
    <tag k='leaf_type' v='broadleaved' />
    <tag k='name' v='River timber' />
    <tag k='natural' v='wood' />
  </way>
  <way id='17' timestamp='2026-09-02T12:00:00Z' uid='1' user='generator' visible='true' version='1' changeset='1'>
    <nd ref='838' />
    <nd ref='839' />
    <nd ref='840' />
    <nd ref='841' />
    <nd ref='842' />
    <nd ref='843' />
    <nd ref='844' />
    <nd ref='845' />
    <nd ref='846' />
    <nd ref='847' />
    <nd ref='848' />
    <nd ref='849' />
    <nd ref='850' />
    <nd ref='851' />
    <nd ref='852' />
    <nd ref='853' />
    <nd ref='854' />
    <nd ref='855' />
    <nd ref='856' />
    <nd ref='857' />
    <nd ref='858' />
    <nd ref='859' />
    <nd ref='860' />
    <nd ref='861' />
    <nd ref='862' />
    <nd ref='863' />
    <nd ref='864' />
    <nd ref='865' />
    <nd ref='866' />
    <nd ref='867' />
    <nd ref='838' />
    <tag k='landuse' v='farmyard' />
    <tag k='leaf_type' v='broadleaved' />
    <tag k='name' v='River timber' />
    <tag k='natural' v='wood' />
  </way>
  <way id='18' timestamp='2026-09-02T12:00:00Z' uid='1' user='generator' visible='true' version='1' changeset='1'>
    <nd ref='868' />
    <nd ref='869' />
    <nd ref='870' />
    <nd ref='871' />
    <nd ref='872' />
    <nd ref='873' />
    <nd ref='874' />
    <nd ref='875' />
    <nd ref='876' />
    <nd ref='877' />
    <nd ref='878' />
    <nd ref='879' />
    <nd ref='880' />
    <nd ref='881' />
    <nd ref='882' />
    <nd ref='883' />
    <nd ref='884' />
    <nd ref='885' />
    <nd ref='886' />
    <nd ref='887' />
    <nd ref='888' />
    <nd ref='889' />
    <nd ref='890' />
    <nd ref='891' />
    <nd ref='892' />
    <nd ref='893' />
    <nd ref='868' />
    <tag k='landuse' v='farmyard' />
    <tag k='leaf_type' v='broadleaved' />
    <tag k='name' v='River timber' />
    <tag k='natural' v='wood' />
  </way>
  <way id='19' timestamp='2026-09-02T12:00:00Z' uid='1' user='generator' visible='true' version='1' changeset='1'>
    <nd ref='894' />
    <nd ref='895' />
    <nd ref='896' />
    <nd ref='897' />
    <nd ref='894' />
    <tag k='landuse' v='farmyard' />
    <tag k='leaf_type' v='broadleaved' />
    <tag k='name' v='Bergman Farms grove' />
    <tag k='natural' v='wood' />
  </way>
  <way id='20' timestamp='2026-09-02T12:00:00Z' uid='1' user='generator' visible='true' version='1' changeset='1'>
    <nd ref='898' />
    <nd ref='897' />
    <nd ref='899' />
    <nd ref='900' />
    <nd ref='898' />
    <tag k='landuse' v='farmyard' />
    <tag k='leaf_type' v='broadleaved' />
    <tag k='name' v='Bergman Farms grove' />
    <tag k='natural' v='wood' />
  </way>
  <way id='21' timestamp='2026-09-02T12:00:00Z' uid='1' user='generator' visible='true' version='1' changeset='1'>
    <nd ref='896' />
    <nd ref='901' />
    <nd ref='902' />
    <nd ref='903' />
    <nd ref='896' />
    <tag k='landuse' v='farmyard' />
    <tag k='leaf_type' v='broadleaved' />
    <tag k='name' v='Bergman Farms shelterbelt' />
    <tag k='natural' v='wood' />
  </way>
  <way id='22' timestamp='2026-09-02T12:00:00Z' uid='1' user='generator' visible='true' version='1' changeset='1'>
    <nd ref='904' />
    <nd ref='905' />
    <nd ref='906' />
    <nd ref='907' />
    <nd ref='904' />
    <tag k='landuse' v='farmyard' />
    <tag k='leaf_type' v='broadleaved' />
    <tag k='name' v='Nordstrom Dairy grove' />
    <tag k='natural' v='wood' />
  </way>
  <way id='23' timestamp='2026-09-02T12:00:00Z' uid='1' user='generator' visible='true' version='1' changeset='1'>
    <nd ref='908' />
    <nd ref='909' />
    <nd ref='910' />
    <nd ref='911' />
    <nd ref='908' />
    <tag k='landuse' v='farmyard' />
    <tag k='leaf_type' v='broadleaved' />
    <tag k='name' v='Nordstrom Dairy shelterbelt' />
    <tag k='natural' v='wood' />
  </way>
  <way id='24' timestamp='2026-09-02T12:00:00Z' uid='1' user='generator' visible='true' version='1' changeset='1'>
    <nd ref='906' />
    <nd ref='912' />
    <nd ref='913' />
    <nd ref='909' />
    <nd ref='906' />
    <tag k='landuse' v='farmyard' />
    <tag k='leaf_type' v='broadleaved' />
    <tag k='name' v='Nordstrom Dairy shelterbelt' />
    <tag k='natural' v='wood' />
  </way>
  <way id='25' timestamp='2026-09-02T12:00:00Z' uid='1' user='generator' visible='true' version='1' changeset='1'>
    <nd ref='914' />
    <nd ref='915' />
    <nd ref='916' />
    <nd ref='917' />
    <nd ref='914' />
    <tag k='landuse' v='farmyard' />
    <tag k='leaf_type' v='broadleaved' />
    <tag k='name' v='Kleinsasser shelterbelt' />
    <tag k='natural' v='wood' />
  </way>
  <way id='26' timestamp='2026-09-02T12:00:00Z' uid='1' user='generator' visible='true' version='1' changeset='1'>
    <nd ref='918' />
    <nd ref='919' />
    <nd ref='914' />
    <nd ref='920' />
    <nd ref='918' />
    <tag k='landuse' v='farmyard' />
    <tag k='leaf_type' v='broadleaved' />
    <tag k='name' v='Kleinsasser grove' />
    <tag k='natural' v='wood' />
  </way>
  <way id='27' timestamp='2026-09-02T12:00:00Z' uid='1' user='generator' visible='true' version='1' changeset='1'>
    <nd ref='921' />
    <nd ref='922' />
    <nd ref='923' />
    <nd ref='915' />
    <nd ref='921' />
    <tag k='landuse' v='farmyard' />
    <tag k='leaf_type' v='broadleaved' />
    <tag k='name' v='Kleinsasser shelterbelt' />
    <tag k='natural' v='wood' />
  </way>
  <way id='28' timestamp='2026-09-02T12:00:00Z' uid='1' user='generator' visible='true' version='1' changeset='1'>
    <nd ref='924' />
    <nd ref='925' />
    <nd ref='926' />
    <nd ref='927' />
    <nd ref='924' />
    <tag k='landuse' v='farmyard' />
    <tag k='leaf_type' v='broadleaved' />
    <tag k='name' v='Prairie Gold shelterbelt' />
    <tag k='natural' v='wood' />
  </way>
  <way id='29' timestamp='2026-09-02T12:00:00Z' uid='1' user='generator' visible='true' version='1' changeset='1'>
    <nd ref='928' />
    <nd ref='929' />
    <nd ref='924' />
    <nd ref='930' />
    <nd ref='928' />
    <tag k='landuse' v='farmyard' />
    <tag k='leaf_type' v='broadleaved' />
    <tag k='name' v='Prairie Gold grove' />
    <tag k='natural' v='wood' />
  </way>
  <way id='30' timestamp='2026-09-02T12:00:00Z' uid='1' user='generator' visible='true' version='1' changeset='1'>
    <nd ref='931' />
    <nd ref='932' />
    <nd ref='933' />
    <nd ref='925' />
    <nd ref='931' />
    <tag k='landuse' v='farmyard' />
    <tag k='leaf_type' v='broadleaved' />
    <tag k='name' v='Prairie Gold shelterbelt' />
    <tag k='natural' v='wood' />
  </way>
  <way id='31' timestamp='2026-09-02T12:00:00Z' uid='1' user='generator' visible='true' version='1' changeset='1'>
    <nd ref='934' />
    <nd ref='935' />
    <nd ref='936' />
    <nd ref='937' />
    <nd ref='934' />
    <tag k='landuse' v='farmyard' />
    <tag k='leaf_type' v='broadleaved' />
    <tag k='name' v='Vanden Berg shelterbelt' />
    <tag k='natural' v='wood' />
  </way>
  <way id='32' timestamp='2026-09-02T12:00:00Z' uid='1' user='generator' visible='true' version='1' changeset='1'>
    <nd ref='938' />
    <nd ref='939' />
    <nd ref='934' />
    <nd ref='940' />
    <nd ref='938' />
    <tag k='landuse' v='farmyard' />
    <tag k='leaf_type' v='broadleaved' />
    <tag k='name' v='Vanden Berg grove' />
    <tag k='natural' v='wood' />
  </way>
  <way id='33' timestamp='2026-09-02T12:00:00Z' uid='1' user='generator' visible='true' version='1' changeset='1'>
    <nd ref='941' />
    <nd ref='942' />
    <nd ref='943' />
    <nd ref='935' />
    <nd ref='941' />
    <tag k='landuse' v='farmyard' />
    <tag k='leaf_type' v='broadleaved' />
    <tag k='name' v='Vanden Berg shelterbelt' />
    <tag k='natural' v='wood' />
  </way>
  <way id='34' timestamp='2026-09-02T12:00:00Z' uid='1' user='generator' visible='true' version='1' changeset='1'>
    <nd ref='944' />
    <nd ref='945' />
    <nd ref='946' />
    <nd ref='947' />
    <nd ref='944' />
    <tag k='landuse' v='farmyard' />
    <tag k='leaf_type' v='broadleaved' />
    <tag k='name' v='Sundance Stables grove' />
    <tag k='natural' v='wood' />
  </way>
  <way id='35' timestamp='2026-09-02T12:00:00Z' uid='1' user='generator' visible='true' version='1' changeset='1'>
    <nd ref='948' />
    <nd ref='947' />
    <nd ref='949' />
    <nd ref='950' />
    <nd ref='948' />
    <tag k='landuse' v='farmyard' />
    <tag k='leaf_type' v='broadleaved' />
    <tag k='name' v='Sundance Stables grove' />
    <tag k='natural' v='wood' />
  </way>
  <way id='36' timestamp='2026-09-02T12:00:00Z' uid='1' user='generator' visible='true' version='1' changeset='1'>
    <nd ref='946' />
    <nd ref='951' />
    <nd ref='952' />
    <nd ref='953' />
    <nd ref='946' />
    <tag k='landuse' v='farmyard' />
    <tag k='leaf_type' v='broadleaved' />
    <tag k='name' v='Sundance Stables shelterbelt' />
    <tag k='natural' v='wood' />
  </way>
  <way id='37' timestamp='2026-09-02T12:00:00Z' uid='1' user='generator' visible='true' version='1' changeset='1'>
    <nd ref='954' />
    <nd ref='955' />
    <nd ref='956' />
    <nd ref='957' />
    <nd ref='954' />
    <tag k='landuse' v='farmyard' />
    <tag k='leaf_type' v='broadleaved' />
    <tag k='name' v='Ockenga Farms shelterbelt' />
    <tag k='natural' v='wood' />
  </way>
  <way id='38' timestamp='2026-09-02T12:00:00Z' uid='1' user='generator' visible='true' version='1' changeset='1'>
    <nd ref='958' />
    <nd ref='959' />
    <nd ref='954' />
    <nd ref='960' />
    <nd ref='958' />
    <tag k='landuse' v='farmyard' />
    <tag k='leaf_type' v='broadleaved' />
    <tag k='name' v='Ockenga Farms grove' />
    <tag k='natural' v='wood' />
  </way>
  <way id='39' timestamp='2026-09-02T12:00:00Z' uid='1' user='generator' visible='true' version='1' changeset='1'>
    <nd ref='961' />
    <nd ref='962' />
    <nd ref='963' />
    <nd ref='955' />
    <nd ref='961' />
    <tag k='landuse' v='farmyard' />
    <tag k='leaf_type' v='broadleaved' />
    <tag k='name' v='Ockenga Farms shelterbelt' />
    <tag k='natural' v='wood' />
  </way>
  <way id='40' timestamp='2026-09-02T12:00:00Z' uid='1' user='generator' visible='true' version='1' changeset='1'>
    <nd ref='964' />
    <nd ref='965' />
    <nd ref='966' />
    <nd ref='967' />
    <nd ref='964' />
    <tag k='landuse' v='farmyard' />
    <tag k='leaf_type' v='broadleaved' />
    <tag k='name' v='Hollandale north grove' />
    <tag k='natural' v='wood' />
  </way>
  <way id='41' timestamp='2026-09-02T12:00:00Z' uid='1' user='generator' visible='true' version='1' changeset='1'>
    <nd ref='968' />
    <nd ref='969' />
    <nd ref='970' />
    <nd ref='971' />
    <nd ref='968' />
    <tag k='landuse' v='farmyard' />
    <tag k='leaf_type' v='broadleaved' />
    <tag k='name' v='Hollandale west grove' />
    <tag k='natural' v='wood' />
  </way>
  <way id='42' timestamp='2026-09-02T12:00:00Z' uid='1' user='generator' visible='true' version='1' changeset='1'>
    <nd ref='972' />
    <nd ref='973' />
    <nd ref='974' />
    <nd ref='975' />
    <nd ref='972' />
    <tag k='landuse' v='farmyard' />
    <tag k='leaf_type' v='broadleaved' />
    <tag k='name' v='Royal north grove' />
    <tag k='natural' v='wood' />
  </way>
  <way id='43' timestamp='2026-09-02T12:00:00Z' uid='1' user='generator' visible='true' version='1' changeset='1'>
    <nd ref='976' />
    <nd ref='977' />
    <nd ref='978' />
    <nd ref='979' />
    <nd ref='976' />
    <tag k='landuse' v='farmyard' />
    <tag k='leaf_type' v='broadleaved' />
    <tag k='name' v='Royal west grove' />
    <tag k='natural' v='wood' />
  </way>
  <way id='44' timestamp='2026-09-02T12:00:00Z' uid='1' user='generator' visible='true' version='1' changeset='1'>
    <nd ref='980' />
    <nd ref='981' />
    <nd ref='982' />
    <nd ref='983' />
    <nd ref='980' />
    <tag k='landuse' v='farmyard' />
    <tag k='leaf_type' v='broadleaved' />
    <tag k='name' v='Ashgrove north grove' />
    <tag k='natural' v='wood' />
  </way>
  <way id='45' timestamp='2026-09-02T12:00:00Z' uid='1' user='generator' visible='true' version='1' changeset='1'>
    <nd ref='984' />
    <nd ref='985' />
    <nd ref='986' />
    <nd ref='987' />
    <nd ref='984' />
    <tag k='landuse' v='farmyard' />
    <tag k='leaf_type' v='broadleaved' />
    <tag k='name' v='Ashgrove west grove' />
    <tag k='natural' v='wood' />
  </way>
  <way id='46' timestamp='2026-09-02T12:00:00Z' uid='1' user='generator' visible='true' version='1' changeset='1'>
    <nd ref='988' />
    <nd ref='989' />
    <nd ref='990' />
    <nd ref='991' />
    <nd ref='988' />
    <tag k='landuse' v='farmyard' />
    <tag k='leaf_type' v='broadleaved' />
    <tag k='name' v='Living snow fence' />
    <tag k='natural' v='wood' />
  </way>
  <way id='47' timestamp='2026-09-02T12:00:00Z' uid='1' user='generator' visible='true' version='1' changeset='1'>
    <nd ref='992' />
    <nd ref='993' />
    <nd ref='994' />
    <nd ref='995' />
    <nd ref='992' />
    <tag k='landuse' v='farmyard' />
    <tag k='leaf_type' v='broadleaved' />
    <tag k='name' v='Living snow fence' />
    <tag k='natural' v='wood' />
  </way>
  <way id='48' timestamp='2026-09-02T12:00:00Z' uid='1' user='generator' visible='true' version='1' changeset='1'>
    <nd ref='996' />
    <nd ref='997' />
    <nd ref='998' />
    <nd ref='999' />
    <nd ref='996' />
    <tag k='landuse' v='farmyard' />
    <tag k='leaf_type' v='broadleaved' />
    <tag k='name' v='Living snow fence' />
    <tag k='natural' v='wood' />
  </way>
  <way id='49' timestamp='2026-09-02T12:00:00Z' uid='1' user='generator' visible='true' version='1' changeset='1'>
    <nd ref='1000' />
    <nd ref='1001' />
    <nd ref='1002' />
    <nd ref='1003' />
    <nd ref='1000' />
    <tag k='landuse' v='farmyard' />
    <tag k='leaf_type' v='broadleaved' />
    <tag k='name' v='Field hedgerow' />
    <tag k='natural' v='wood' />
  </way>
  <way id='50' timestamp='2026-09-02T12:00:00Z' uid='1' user='generator' visible='true' version='1' changeset='1'>
    <nd ref='1004' />
    <nd ref='1005' />
    <nd ref='1006' />
    <nd ref='1007' />
    <nd ref='1004' />
    <tag k='landuse' v='farmyard' />
    <tag k='leaf_type' v='broadleaved' />
    <tag k='name' v='Living snow fence' />
    <tag k='natural' v='wood' />
  </way>
  <way id='51' timestamp='2026-09-02T12:00:00Z' uid='1' user='generator' visible='true' version='1' changeset='1'>
    <nd ref='1008' />
    <nd ref='1009' />
    <nd ref='1010' />
    <nd ref='1011' />
    <nd ref='1008' />
    <tag k='landuse' v='farmyard' />
    <tag k='leaf_type' v='broadleaved' />
    <tag k='name' v='Living snow fence' />
    <tag k='natural' v='wood' />
  </way>
  <way id='52' action='delete' timestamp='2026-09-02T12:00:00Z' uid='1' user='generator' visible='true' version='1' changeset='1'>
    <tag k='landuse' v='farmyard' />
    <tag k='leaf_type' v='broadleaved' />
    <tag k='name' v='Living snow fence' />
    <tag k='natural' v='wood' />
  </way>
  <way id='53' timestamp='2026-09-02T12:00:00Z' uid='1' user='generator' visible='true' version='1' changeset='1'>
    <nd ref='1016' />
    <nd ref='1017' />
    <nd ref='1018' />
    <nd ref='1019' />
    <nd ref='1016' />
    <tag k='landuse' v='farmyard' />
    <tag k='leaf_type' v='broadleaved' />
    <tag k='name' v='Living snow fence' />
    <tag k='natural' v='wood' />
  </way>
  <way id='54' timestamp='2026-09-02T12:00:00Z' uid='1' user='generator' visible='true' version='1' changeset='1'>
    <nd ref='1020' />
    <nd ref='1021' />
    <nd ref='1022' />
    <nd ref='1023' />
    <nd ref='1020' />
    <tag k='landuse' v='farmyard' />
    <tag k='leaf_type' v='broadleaved' />
    <tag k='name' v='Field hedgerow' />
    <tag k='natural' v='wood' />
  </way>
  <way id='55' timestamp='2026-09-02T12:00:00Z' uid='1' user='generator' visible='true' version='1' changeset='1'>
    <nd ref='1024' />
    <nd ref='1025' />
    <nd ref='1026' />
    <nd ref='1027' />
    <nd ref='1024' />
    <tag k='landuse' v='farmyard' />
    <tag k='leaf_type' v='broadleaved' />
    <tag k='name' v='Living snow fence' />
    <tag k='natural' v='wood' />
  </way>
  <way id='56' timestamp='2026-09-02T12:00:00Z' uid='1' user='generator' visible='true' version='1' changeset='1'>
    <nd ref='1028' />
    <nd ref='1029' />
    <nd ref='1030' />
    <nd ref='1031' />
    <nd ref='1028' />
    <tag k='landuse' v='farmyard' />
    <tag k='leaf_type' v='broadleaved' />
    <tag k='name' v='Living snow fence' />
    <tag k='natural' v='wood' />
  </way>
  <way id='57' timestamp='2026-09-02T12:00:00Z' uid='1' user='generator' visible='true' version='1' changeset='1'>
    <nd ref='1032' />
    <nd ref='1033' />
    <nd ref='1034' />
    <nd ref='1035' />
    <nd ref='1032' />
    <tag k='landuse' v='farmyard' />
    <tag k='leaf_type' v='broadleaved' />
    <tag k='name' v='Living snow fence' />
    <tag k='natural' v='wood' />
  </way>
  <way id='58' timestamp='2026-09-02T12:00:00Z' uid='1' user='generator' visible='true' version='1' changeset='1'>
    <nd ref='1036' />
    <nd ref='1037' />
    <nd ref='1038' />
    <nd ref='1039' />
    <nd ref='1036' />
    <tag k='landuse' v='farmyard' />
    <tag k='leaf_type' v='broadleaved' />
    <tag k='name' v='Field hedgerow' />
    <tag k='natural' v='wood' />
  </way>
  <way id='59' timestamp='2026-09-02T12:00:00Z' uid='1' user='generator' visible='true' version='1' changeset='1'>
    <nd ref='1040' />
    <nd ref='1041' />
    <nd ref='1042' />
    <nd ref='1043' />
    <nd ref='1040' />
    <tag k='landuse' v='farmyard' />
    <tag k='leaf_type' v='broadleaved' />
    <tag k='name' v='Living snow fence' />
    <tag k='natural' v='wood' />
  </way>
  <way id='60' timestamp='2026-09-02T12:00:00Z' uid='1' user='generator' visible='true' version='1' changeset='1'>
    <nd ref='1044' />
    <nd ref='1045' />
    <nd ref='1046' />
    <nd ref='1047' />
    <nd ref='1044' />
    <tag k='landuse' v='farmyard' />
    <tag k='leaf_type' v='broadleaved' />
    <tag k='name' v='Field hedgerow' />
    <tag k='natural' v='wood' />
  </way>
  <way id='61' action='delete' timestamp='2026-09-02T12:00:00Z' uid='1' user='generator' visible='true' version='1' changeset='1'>
    <tag k='landuse' v='farmyard' />
    <tag k='leaf_type' v='broadleaved' />
    <tag k='name' v='Field hedgerow' />
    <tag k='natural' v='wood' />
  </way>
  <way id='62' timestamp='2026-09-02T12:00:00Z' uid='1' user='generator' visible='true' version='1' changeset='1'>
    <nd ref='1052' />
    <nd ref='1053' />
    <nd ref='1054' />
    <nd ref='1055' />
    <nd ref='1052' />
    <tag k='landuse' v='farmyard' />
    <tag k='leaf_type' v='broadleaved' />
    <tag k='name' v='Living snow fence' />
    <tag k='natural' v='wood' />
  </way>
  <way id='63' timestamp='2026-09-02T12:00:00Z' uid='1' user='generator' visible='true' version='1' changeset='1'>
    <nd ref='1056' />
    <nd ref='1057' />
    <nd ref='1058' />
    <nd ref='1059' />
    <nd ref='1056' />
    <tag k='landuse' v='farmyard' />
    <tag k='leaf_type' v='broadleaved' />
    <tag k='name' v='Living snow fence' />
    <tag k='natural' v='wood' />
  </way>
  <way id='64' timestamp='2026-09-02T12:00:00Z' uid='1' user='generator' visible='true' version='1' changeset='1'>
    <nd ref='1060' />
    <nd ref='1061' />
    <nd ref='1062' />
    <nd ref='1063' />
    <nd ref='1060' />
    <tag k='landuse' v='farmyard' />
    <tag k='leaf_type' v='broadleaved' />
    <tag k='name' v='Living snow fence' />
    <tag k='natural' v='wood' />
  </way>
  <way id='65' timestamp='2026-09-02T12:00:00Z' uid='1' user='generator' visible='true' version='1' changeset='1'>
    <nd ref='1064' />
    <nd ref='1065' />
    <nd ref='1066' />
    <nd ref='1067' />
    <nd ref='1064' />
    <tag k='landuse' v='farmyard' />
    <tag k='leaf_type' v='broadleaved' />
    <tag k='name' v='Field hedgerow' />
    <tag k='natural' v='wood' />
  </way>
  <way id='66' timestamp='2026-09-02T12:00:00Z' uid='1' user='generator' visible='true' version='1' changeset='1'>
    <nd ref='1068' />
    <nd ref='1069' />
    <nd ref='1070' />
    <nd ref='1071' />
    <nd ref='1068' />
    <tag k='landuse' v='farmyard' />
    <tag k='leaf_type' v='broadleaved' />
    <tag k='name' v='Field hedgerow' />
    <tag k='natural' v='wood' />
  </way>
  <way id='67' timestamp='2026-09-02T12:00:00Z' uid='1' user='generator' visible='true' version='1' changeset='1'>
    <nd ref='1072' />
    <nd ref='1073' />
    <nd ref='1074' />
    <nd ref='1075' />
    <nd ref='1072' />
    <tag k='landuse' v='farmyard' />
    <tag k='leaf_type' v='broadleaved' />
    <tag k='name' v='Living snow fence' />
    <tag k='natural' v='wood' />
  </way>
  <way id='68' timestamp='2026-09-02T12:00:00Z' uid='1' user='generator' visible='true' version='1' changeset='1'>
    <nd ref='1076' />
    <nd ref='1077' />
    <nd ref='1078' />
    <nd ref='1079' />
    <nd ref='1076' />
    <tag k='landuse' v='farmyard' />
    <tag k='leaf_type' v='broadleaved' />
    <tag k='name' v='Living snow fence' />
    <tag k='natural' v='wood' />
  </way>
  <way id='69' timestamp='2026-09-02T12:00:00Z' uid='1' user='generator' visible='true' version='1' changeset='1'>
    <nd ref='1080' />
    <nd ref='1081' />
    <nd ref='1082' />
    <nd ref='1083' />
    <nd ref='1080' />
    <tag k='landuse' v='farmyard' />
    <tag k='leaf_type' v='broadleaved' />
    <tag k='name' v='Field hedgerow' />
    <tag k='natural' v='wood' />
  </way>
  <way id='70' timestamp='2026-09-02T12:00:00Z' uid='1' user='generator' visible='true' version='1' changeset='1'>
    <nd ref='1084' />
    <nd ref='1085' />
    <nd ref='1086' />
    <nd ref='1087' />
    <nd ref='1084' />
    <tag k='landuse' v='farmyard' />
    <tag k='leaf_type' v='broadleaved' />
    <tag k='name' v='Living snow fence' />
    <tag k='natural' v='wood' />
  </way>
  <way id='71' timestamp='2026-09-02T12:00:00Z' uid='1' user='generator' visible='true' version='1' changeset='1'>
    <nd ref='1088' />
    <nd ref='1089' />
    <nd ref='1090' />
    <nd ref='1091' />
    <nd ref='1088' />
    <tag k='landuse' v='farmyard' />
    <tag k='leaf_type' v='broadleaved' />
    <tag k='name' v='Living snow fence' />
    <tag k='natural' v='wood' />
  </way>
  <way id='72' timestamp='2026-09-02T12:00:00Z' uid='1' user='generator' visible='true' version='1' changeset='1'>
    <nd ref='1092' />
    <nd ref='1093' />
    <nd ref='1094' />
    <nd ref='1095' />
    <nd ref='1092' />
    <tag k='landuse' v='farmyard' />
    <tag k='leaf_type' v='broadleaved' />
    <tag k='name' v='Field hedgerow' />
    <tag k='natural' v='wood' />
  </way>
  <way id='73' timestamp='2026-09-02T12:00:00Z' uid='1' user='generator' visible='true' version='1' changeset='1'>
    <nd ref='1096' />
    <nd ref='1097' />
    <nd ref='1098' />
    <nd ref='1099' />
    <nd ref='1096' />
    <tag k='landuse' v='farmyard' />
    <tag k='leaf_type' v='broadleaved' />
    <tag k='name' v='Living snow fence' />
    <tag k='natural' v='wood' />
  </way>
  <way id='74' action='delete' timestamp='2026-09-02T12:00:00Z' uid='1' user='generator' visible='true' version='1' changeset='1'>
    <tag k='landuse' v='farmyard' />
    <tag k='leaf_type' v='broadleaved' />
    <tag k='name' v='Field hedgerow' />
    <tag k='natural' v='wood' />
  </way>
  <way id='75' timestamp='2026-09-02T12:00:00Z' uid='1' user='generator' visible='true' version='1' changeset='1'>
    <nd ref='1104' />
    <nd ref='1105' />
    <nd ref='1106' />
    <nd ref='1107' />
    <nd ref='1104' />
    <tag k='landuse' v='farmyard' />
    <tag k='leaf_type' v='broadleaved' />
    <tag k='name' v='Living snow fence' />
    <tag k='natural' v='wood' />
  </way>
  <way id='76' timestamp='2026-09-02T12:00:00Z' uid='1' user='generator' visible='true' version='1' changeset='1'>
    <nd ref='1108' />
    <nd ref='1109' />
    <nd ref='1110' />
    <nd ref='1111' />
    <nd ref='1108' />
    <tag k='landuse' v='farmyard' />
    <tag k='leaf_type' v='broadleaved' />
    <tag k='name' v='Living snow fence' />
    <tag k='natural' v='wood' />
  </way>
  <way id='77' timestamp='2026-09-02T12:00:00Z' uid='1' user='generator' visible='true' version='1' changeset='1'>
    <nd ref='1112' />
    <nd ref='1113' />
    <nd ref='1114' />
    <nd ref='1115' />
    <nd ref='1112' />
    <tag k='landuse' v='farmyard' />
    <tag k='leaf_type' v='broadleaved' />
    <tag k='name' v='Living snow fence' />
    <tag k='natural' v='wood' />
  </way>
  <way id='78' timestamp='2026-09-02T12:00:00Z' uid='1' user='generator' visible='true' version='1' changeset='1'>
    <nd ref='1116' />
    <nd ref='1117' />
    <nd ref='1118' />
    <nd ref='1119' />
    <nd ref='1116' />
    <tag k='landuse' v='farmyard' />
    <tag k='leaf_type' v='broadleaved' />
    <tag k='name' v='Field hedgerow' />
    <tag k='natural' v='wood' />
  </way>
  <way id='79' timestamp='2026-09-02T12:00:00Z' uid='1' user='generator' visible='true' version='1' changeset='1'>
    <nd ref='1120' />
    <nd ref='1121' />
    <nd ref='1122' />
    <nd ref='1123' />
    <nd ref='1120' />
    <tag k='landuse' v='farmyard' />
    <tag k='leaf_type' v='broadleaved' />
    <tag k='name' v='Living snow fence' />
    <tag k='natural' v='wood' />
  </way>
  <way id='80' timestamp='2026-09-02T12:00:00Z' uid='1' user='generator' visible='true' version='1' changeset='1'>
    <nd ref='1124' />
    <nd ref='1125' />
    <nd ref='1126' />
    <nd ref='1127' />
    <nd ref='1124' />
    <tag k='landuse' v='farmyard' />
    <tag k='leaf_type' v='broadleaved' />
    <tag k='name' v='Field hedgerow' />
    <tag k='natural' v='wood' />
  </way>
  <way id='81' timestamp='2026-09-02T12:00:00Z' uid='1' user='generator' visible='true' version='1' changeset='1'>
    <nd ref='1128' />
    <nd ref='1129' />
    <nd ref='1130' />
    <nd ref='1131' />
    <nd ref='1128' />
    <tag k='landuse' v='farmyard' />
    <tag k='leaf_type' v='broadleaved' />
    <tag k='name' v='Living snow fence' />
    <tag k='natural' v='wood' />
  </way>
  <way id='82' timestamp='2026-09-02T12:00:00Z' uid='1' user='generator' visible='true' version='1' changeset='1'>
    <nd ref='1132' />
    <nd ref='1133' />
    <nd ref='1134' />
    <nd ref='1135' />
    <nd ref='1132' />
    <tag k='landuse' v='farmyard' />
    <tag k='leaf_type' v='broadleaved' />
    <tag k='name' v='Living snow fence' />
    <tag k='natural' v='wood' />
  </way>
  <way id='83' action='delete' timestamp='2026-09-02T12:00:00Z' uid='1' user='generator' visible='true' version='1' changeset='1'>
    <tag k='landuse' v='farmyard' />
    <tag k='leaf_type' v='broadleaved' />
    <tag k='name' v='Field hedgerow' />
    <tag k='natural' v='wood' />
  </way>
  <way id='84' timestamp='2026-09-02T12:00:00Z' uid='1' user='generator' visible='true' version='1' changeset='1'>
    <nd ref='1140' />
    <nd ref='1141' />
    <nd ref='1142' />
    <nd ref='1143' />
    <nd ref='1140' />
    <tag k='landuse' v='farmyard' />
    <tag k='leaf_type' v='broadleaved' />
    <tag k='name' v='Living snow fence' />
    <tag k='natural' v='wood' />
  </way>
  <way id='85' timestamp='2026-09-02T12:00:00Z' uid='1' user='generator' visible='true' version='1' changeset='1'>
    <nd ref='1144' />
    <nd ref='1145' />
    <nd ref='1146' />
    <nd ref='1147' />
    <nd ref='1144' />
    <tag k='landuse' v='farmyard' />
    <tag k='leaf_type' v='broadleaved' />
    <tag k='name' v='Field hedgerow' />
    <tag k='natural' v='wood' />
  </way>
  <way id='86' timestamp='2026-09-02T12:00:00Z' uid='1' user='generator' visible='true' version='1' changeset='1'>
    <nd ref='1148' />
    <nd ref='1149' />
    <nd ref='1150' />
    <nd ref='1151' />
    <nd ref='1148' />
    <tag k='landuse' v='farmyard' />
    <tag k='leaf_type' v='broadleaved' />
    <tag k='name' v='Living snow fence' />
    <tag k='natural' v='wood' />
  </way>
  <way id='87' timestamp='2026-09-02T12:00:00Z' uid='1' user='generator' visible='true' version='1' changeset='1'>
    <nd ref='1152' />
    <nd ref='1153' />
    <nd ref='1154' />
    <nd ref='1155' />
    <nd ref='1152' />
    <tag k='landuse' v='farmyard' />
    <tag k='leaf_type' v='broadleaved' />
    <tag k='name' v='Living snow fence' />
    <tag k='natural' v='wood' />
  </way>
  <way id='88' timestamp='2026-09-02T12:00:00Z' uid='1' user='generator' visible='true' version='1' changeset='1'>
    <nd ref='1156' />
    <nd ref='1157' />
    <nd ref='1158' />
    <nd ref='1159' />
    <nd ref='1156' />
    <tag k='landuse' v='farmyard' />
    <tag k='leaf_type' v='broadleaved' />
    <tag k='name' v='Field hedgerow' />
    <tag k='natural' v='wood' />
  </way>
  <way id='89' timestamp='2026-09-02T12:00:00Z' uid='1' user='generator' visible='true' version='1' changeset='1'>
    <nd ref='1160' />
    <nd ref='1161' />
    <nd ref='1162' />
    <nd ref='1163' />
    <nd ref='1160' />
    <tag k='landuse' v='farmyard' />
    <tag k='leaf_type' v='broadleaved' />
    <tag k='name' v='Living snow fence' />
    <tag k='natural' v='wood' />
  </way>
  <way id='90' timestamp='2026-09-02T12:00:00Z' uid='1' user='generator' visible='true' version='1' changeset='1'>
    <nd ref='1164' />
    <nd ref='1165' />
    <nd ref='1166' />
    <nd ref='1167' />
    <nd ref='1164' />
    <tag k='landuse' v='farmyard' />
    <tag k='leaf_type' v='broadleaved' />
    <tag k='name' v='Field hedgerow' />
    <tag k='natural' v='wood' />
  </way>
  <way id='91' timestamp='2026-09-02T12:00:00Z' uid='1' user='generator' visible='true' version='1' changeset='1'>
    <nd ref='1168' />
    <nd ref='1169' />
    <nd ref='1170' />
    <nd ref='1171' />
    <nd ref='1168' />
    <tag k='landuse' v='farmyard' />
    <tag k='leaf_type' v='broadleaved' />
    <tag k='name' v='Living snow fence' />
    <tag k='natural' v='wood' />
  </way>
  <way id='92' timestamp='2026-09-02T12:00:00Z' uid='1' user='generator' visible='true' version='1' changeset='1'>
    <nd ref='1172' />
    <nd ref='1173' />
    <nd ref='1174' />
    <nd ref='1175' />
    <nd ref='1172' />
    <tag k='landuse' v='farmyard' />
    <tag k='leaf_type' v='broadleaved' />
    <tag k='name' v='Living snow fence' />
    <tag k='natural' v='wood' />
  </way>
  <way id='93' timestamp='2026-09-02T12:00:00Z' uid='1' user='generator' visible='true' version='1' changeset='1'>
    <nd ref='1176' />
    <nd ref='1177' />
    <nd ref='1178' />
    <nd ref='1179' />
    <nd ref='1176' />
    <tag k='landuse' v='farmyard' />
    <tag k='leaf_type' v='broadleaved' />
    <tag k='name' v='Living snow fence' />
    <tag k='natural' v='wood' />
  </way>
  <way id='94' timestamp='2026-09-02T12:00:00Z' uid='1' user='generator' visible='true' version='1' changeset='1'>
    <nd ref='1180' />
    <nd ref='1181' />
    <nd ref='1182' />
    <nd ref='1183' />
    <nd ref='1180' />
    <tag k='landuse' v='farmyard' />
    <tag k='leaf_type' v='broadleaved' />
    <tag k='name' v='Living snow fence' />
    <tag k='natural' v='wood' />
  </way>
  <way id='95' timestamp='2026-09-02T12:00:00Z' uid='1' user='generator' visible='true' version='1' changeset='1'>
    <nd ref='1184' />
    <nd ref='1185' />
    <nd ref='1186' />
    <nd ref='1187' />
    <nd ref='1184' />
    <tag k='landuse' v='farmyard' />
    <tag k='leaf_type' v='broadleaved' />
    <tag k='name' v='Living snow fence' />
    <tag k='natural' v='wood' />
  </way>
  <way id='96' timestamp='2026-09-02T12:00:00Z' uid='1' user='generator' visible='true' version='1' changeset='1'>
    <nd ref='1188' />
    <nd ref='1189' />
    <nd ref='1190' />
    <nd ref='1191' />
    <nd ref='1188' />
    <tag k='landuse' v='farmyard' />
    <tag k='leaf_type' v='broadleaved' />
    <tag k='name' v='Field hedgerow' />
    <tag k='natural' v='wood' />
  </way>
  <way id='97' timestamp='2026-09-02T12:00:00Z' uid='1' user='generator' visible='true' version='1' changeset='1'>
    <nd ref='1192' />
    <nd ref='1193' />
    <nd ref='1194' />
    <nd ref='1195' />
    <nd ref='1192' />
    <tag k='landuse' v='farmyard' />
    <tag k='leaf_type' v='broadleaved' />
    <tag k='name' v='Living snow fence' />
    <tag k='natural' v='wood' />
  </way>
  <way id='98' timestamp='2026-09-02T12:00:00Z' uid='1' user='generator' visible='true' version='1' changeset='1'>
    <nd ref='1196' />
    <nd ref='1197' />
    <nd ref='1198' />
    <nd ref='1199' />
    <nd ref='1196' />
    <tag k='landuse' v='farmyard' />
    <tag k='leaf_type' v='broadleaved' />
    <tag k='name' v='Living snow fence' />
    <tag k='natural' v='wood' />
  </way>
  <way id='99' timestamp='2026-09-02T12:00:00Z' uid='1' user='generator' visible='true' version='1' changeset='1'>
    <nd ref='1200' />
    <nd ref='1201' />
    <nd ref='1202' />
    <nd ref='1203' />
    <nd ref='1200' />
    <tag k='landuse' v='farmyard' />
    <tag k='leaf_type' v='broadleaved' />
    <tag k='name' v='Field hedgerow' />
    <tag k='natural' v='wood' />
  </way>
  <way id='100' timestamp='2026-09-02T12:00:00Z' uid='1' user='generator' visible='true' version='1' changeset='1'>
    <nd ref='1204' />
    <nd ref='1205' />
    <nd ref='1206' />
    <nd ref='1207' />
    <nd ref='1204' />
    <tag k='landuse' v='farmyard' />
    <tag k='leaf_type' v='broadleaved' />
    <tag k='name' v='Field hedgerow' />
    <tag k='natural' v='wood' />
  </way>
  <way id='101' timestamp='2026-09-02T12:00:00Z' uid='1' user='generator' visible='true' version='1' changeset='1'>
    <nd ref='1208' />
    <nd ref='1209' />
    <nd ref='1210' />
    <nd ref='1211' />
    <nd ref='1208' />
    <tag k='landuse' v='farmyard' />
    <tag k='leaf_type' v='broadleaved' />
    <tag k='name' v='Living snow fence' />
    <tag k='natural' v='wood' />
  </way>
  <way id='102' timestamp='2026-09-02T12:00:00Z' uid='1' user='generator' visible='true' version='1' changeset='1'>
    <nd ref='1212' />
    <nd ref='1213' />
    <nd ref='1214' />
    <nd ref='1215' />
    <nd ref='1212' />
    <tag k='landuse' v='farmyard' />
    <tag k='leaf_type' v='broadleaved' />
    <tag k='name' v='Living snow fence' />
    <tag k='natural' v='wood' />
  </way>
  <way id='103' timestamp='2026-09-02T12:00:00Z' uid='1' user='generator' visible='true' version='1' changeset='1'>
    <nd ref='1216' />
    <nd ref='1217' />
    <nd ref='1218' />
    <nd ref='1219' />
    <nd ref='1216' />
    <tag k='landuse' v='farmyard' />
    <tag k='leaf_type' v='broadleaved' />
    <tag k='name' v='Living snow fence' />
    <tag k='natural' v='wood' />
  </way>
  <way id='104' timestamp='2026-09-02T12:00:00Z' uid='1' user='generator' visible='true' version='1' changeset='1'>
    <nd ref='1220' />
    <nd ref='1221' />
    <nd ref='1222' />
    <nd ref='1223' />
    <nd ref='1220' />
    <tag k='landuse' v='farmyard' />
    <tag k='leaf_type' v='broadleaved' />
    <tag k='name' v='Field hedgerow' />
    <tag k='natural' v='wood' />
  </way>
  <way id='105' timestamp='2026-09-02T12:00:00Z' uid='1' user='generator' visible='true' version='1' changeset='1'>
    <nd ref='1224' />
    <nd ref='1225' />
    <nd ref='1226' />
    <nd ref='1227' />
    <nd ref='1224' />
    <tag k='landuse' v='farmyard' />
    <tag k='name' v='Village Hollandale' />
  </way>
  <way id='106' timestamp='2026-09-02T12:00:00Z' uid='1' user='generator' visible='true' version='1' changeset='1'>
    <nd ref='1228' />
    <nd ref='1229' />
    <nd ref='1230' />
    <nd ref='1231' />
    <nd ref='1228' />
    <tag k='landuse' v='farmyard' />
    <tag k='name' v='Village Royal' />
  </way>
  <way id='107' timestamp='2026-09-02T12:00:00Z' uid='1' user='generator' visible='true' version='1' changeset='1'>
    <nd ref='1232' />
    <nd ref='1233' />
    <nd ref='1234' />
    <nd ref='1235' />
    <nd ref='1232' />
    <tag k='landuse' v='farmyard' />
    <tag k='name' v='Village Ashgrove' />
  </way>
  <way id='108' timestamp='2026-09-02T12:00:00Z' uid='1' user='generator' visible='true' version='1' changeset='1'>
    <nd ref='1236' />
    <nd ref='1237' />
    <nd ref='1238' />
    <nd ref='1239' />
    <nd ref='1236' />
    <tag k='landuse' v='farmyard' />
    <tag k='name' v='Bergman Farms (main)' />
  </way>
  <way id='109' timestamp='2026-09-02T12:00:00Z' uid='1' user='generator' visible='true' version='1' changeset='1'>
    <nd ref='1240' />
    <nd ref='1241' />
    <nd ref='1242' />
    <nd ref='1243' />
    <nd ref='1240' />
    <tag k='landuse' v='farmyard' />
    <tag k='name' v='Nordstrom Dairy (cows)' />
  </way>
  <way id='110' timestamp='2026-09-02T12:00:00Z' uid='1' user='generator' visible='true' version='1' changeset='1'>
    <nd ref='1244' />
    <nd ref='1245' />
    <nd ref='1246' />
    <nd ref='1247' />
    <nd ref='1244' />
    <tag k='landuse' v='farmyard' />
    <tag k='name' v='Kleinsasser (pigs)' />
  </way>
  <way id='111' timestamp='2026-09-02T12:00:00Z' uid='1' user='generator' visible='true' version='1' changeset='1'>
    <nd ref='1248' />
    <nd ref='1249' />
    <nd ref='1250' />
    <nd ref='1251' />
    <nd ref='1248' />
    <tag k='landuse' v='farmyard' />
    <tag k='name' v='Prairie Gold (chickens)' />
  </way>
  <way id='112' timestamp='2026-09-02T12:00:00Z' uid='1' user='generator' visible='true' version='1' changeset='1'>
    <nd ref='1252' />
    <nd ref='1253' />
    <nd ref='1254' />
    <nd ref='1255' />
    <nd ref='1252' />
    <tag k='landuse' v='farmyard' />
    <tag k='name' v='Vanden Berg (sheep)' />
  </way>
  <way id='113' timestamp='2026-09-02T12:00:00Z' uid='1' user='generator' visible='true' version='1' changeset='1'>
    <nd ref='1256' />
    <nd ref='1257' />
    <nd ref='1258' />
    <nd ref='1259' />
    <nd ref='1256' />
    <tag k='landuse' v='farmyard' />
    <tag k='name' v='Sundance Stables (horses)' />
  </way>
  <way id='114' timestamp='2026-09-02T12:00:00Z' uid='1' user='generator' visible='true' version='1' changeset='1'>
    <nd ref='1260' />
    <nd ref='1261' />
    <nd ref='1262' />
    <nd ref='1263' />
    <nd ref='1260' />
    <tag k='landuse' v='farmyard' />
    <tag k='name' v='Ockenga Farms (mixed)' />
  </way>
  <way id='115' timestamp='2026-09-02T12:00:00Z' uid='1' user='generator' visible='true' version='1' changeset='1'>
    <nd ref='1264' />
    <nd ref='1265' />
    <nd ref='1266' />
    <nd ref='1267' />
    <nd ref='1264' />
    <tag k='building' v='industrial' />
    <tag k='landuse' v='farmyard' />
    <tag k='name' v='Royal Farmers Co-op Elevator' />
  </way>
  <way id='116' timestamp='2026-09-02T12:00:00Z' uid='1' user='generator' visible='true' version='1' changeset='1'>
    <nd ref='1268' />
    <nd ref='1269' />
    <nd ref='1270' />
    <nd ref='1271' />
    <nd ref='1268' />
    <tag k='building' v='industrial' />
    <tag k='landuse' v='farmyard' />
    <tag k='name' v='Clay County Ag Supply' />
  </way>
  <way id='117' timestamp='2026-09-02T12:00:00Z' uid='1' user='generator' visible='true' version='1' changeset='1'>
    <nd ref='1272' />
    <nd ref='1273' />
    <nd ref='1274' />
    <nd ref='1275' />
    <nd ref='1272' />
    <tag k='building' v='industrial' />
    <tag k='landuse' v='farmyard' />
    <tag k='name' v='Peterson Grain Dryers' />
  </way>
  <way id='118' timestamp='2026-09-02T12:00:00Z' uid='1' user='generator' visible='true' version='1' changeset='1'>
    <nd ref='1276' />
    <nd ref='1277' />
    <nd ref='1278' />
    <nd ref='1279' />
    <nd ref='1276' />
    <tag k='building' v='industrial' />
    <tag k='landuse' v='farmyard' />
    <tag k='name' v='Ocheyedan Fertiliser' />
  </way>
  <way id='119' timestamp='2026-09-02T12:00:00Z' uid='1' user='generator' visible='true' version='1' changeset='1'>
    <nd ref='1280' />
    <nd ref='1281' />
    <nd ref='1282' />
    <nd ref='1283' />
    <nd ref='1280' />
    <tag k='building' v='industrial' />
    <tag k='landuse' v='farmyard' />
    <tag k='name' v='Ashgrove Truck &amp; Trailer' />
  </way>
  <way id='120' timestamp='2026-09-02T12:00:00Z' uid='1' user='generator' visible='true' version='1' changeset='1'>
    <nd ref='1284' />
    <nd ref='1285' />
    <nd ref='1286' />
    <nd ref='1287' />
    <nd ref='1284' />
    <tag k='building' v='industrial' />
    <tag k='landuse' v='farmyard' />
    <tag k='name' v='Royal Implement Dealer' />
  </way>
  <way id='121' timestamp='2026-09-02T12:00:00Z' uid='1' user='generator' visible='true' version='1' changeset='1'>
    <nd ref='1288' />
    <nd ref='1289' />
    <nd ref='1290' />
    <nd ref='1291' />
    <nd ref='1288' />
    <tag k='landuse' v='farmland' />
    <tag k='name' v='Field 001' />
  </way>
  <way id='122' timestamp='2026-09-02T12:00:00Z' uid='1' user='generator' visible='true' version='1' changeset='1'>
    <nd ref='1292' />
    <nd ref='1293' />
    <nd ref='1294' />
    <nd ref='1295' />
    <nd ref='1292' />
    <tag k='landuse' v='farmland' />
    <tag k='name' v='Field 002' />
  </way>
  <way id='123' timestamp='2026-09-02T12:00:00Z' uid='1' user='generator' visible='true' version='1' changeset='1'>
    <nd ref='1296' />
    <nd ref='1297' />
    <nd ref='1298' />
    <nd ref='1299' />
    <nd ref='1296' />
    <tag k='landuse' v='farmland' />
    <tag k='name' v='Field 003' />
  </way>
  <way id='124' timestamp='2026-09-02T12:00:00Z' uid='1' user='generator' visible='true' version='1' changeset='1'>
    <nd ref='1300' />
    <nd ref='1301' />
    <nd ref='1302' />
    <nd ref='1303' />
    <nd ref='1300' />
    <tag k='landuse' v='farmland' />
    <tag k='name' v='Field 004' />
  </way>
  <way id='125' timestamp='2026-09-02T12:00:00Z' uid='1' user='generator' visible='true' version='1' changeset='1'>
    <nd ref='1304' />
    <nd ref='1305' />
    <nd ref='1306' />
    <nd ref='1307' />
    <nd ref='1304' />
    <tag k='landuse' v='farmland' />
    <tag k='name' v='Field 005' />
  </way>
  <way id='126' timestamp='2026-09-02T12:00:00Z' uid='1' user='generator' visible='true' version='1' changeset='1'>
    <nd ref='1308' />
    <nd ref='1309' />
    <nd ref='1310' />
    <nd ref='1311' />
    <nd ref='1308' />
    <tag k='landuse' v='farmland' />
    <tag k='name' v='Field 006' />
  </way>
  <way id='127' timestamp='2026-09-02T12:00:00Z' uid='1' user='generator' visible='true' version='1' changeset='1'>
    <nd ref='1312' />
    <nd ref='1313' />
    <nd ref='1314' />
    <nd ref='1315' />
    <nd ref='1312' />
    <tag k='landuse' v='farmland' />
    <tag k='name' v='Field 007' />
  </way>
  <way id='128' timestamp='2026-09-02T12:00:00Z' uid='1' user='generator' visible='true' version='1' changeset='1'>
    <nd ref='1316' />
    <nd ref='1317' />
    <nd ref='1318' />
    <nd ref='1319' />
    <nd ref='1316' />
    <tag k='landuse' v='farmland' />
    <tag k='name' v='Field 008' />
  </way>
  <way id='129' timestamp='2026-09-02T12:00:00Z' uid='1' user='generator' visible='true' version='1' changeset='1'>
    <nd ref='1320' />
    <nd ref='1321' />
    <nd ref='1322' />
    <nd ref='1323' />
    <nd ref='1320' />
    <tag k='landuse' v='farmland' />
    <tag k='name' v='Field 009' />
  </way>
  <way id='130' timestamp='2026-09-02T12:00:00Z' uid='1' user='generator' visible='true' version='1' changeset='1'>
    <nd ref='1324' />
    <nd ref='1325' />
    <nd ref='1326' />
    <nd ref='1327' />
    <nd ref='1324' />
    <tag k='landuse' v='farmland' />
    <tag k='name' v='Field 010' />
  </way>
  <way id='131' timestamp='2026-09-02T12:00:00Z' uid='1' user='generator' visible='true' version='1' changeset='1'>
    <nd ref='1328' />
    <nd ref='1329' />
    <nd ref='1330' />
    <nd ref='1331' />
    <nd ref='1328' />
    <tag k='landuse' v='farmland' />
    <tag k='name' v='Field 011' />
  </way>
  <way id='132' timestamp='2026-09-02T12:00:00Z' uid='1' user='generator' visible='true' version='1' changeset='1'>
    <nd ref='1332' />
    <nd ref='1333' />
    <nd ref='1334' />
    <nd ref='1335' />
    <nd ref='1332' />
    <tag k='landuse' v='farmland' />
    <tag k='name' v='Field 012' />
  </way>
  <way id='133' timestamp='2026-09-02T12:00:00Z' uid='1' user='generator' visible='true' version='1' changeset='1'>
    <nd ref='1336' />
    <nd ref='1337' />
    <nd ref='1338' />
    <nd ref='1339' />
    <nd ref='1336' />
    <tag k='landuse' v='farmland' />
    <tag k='name' v='Field 013' />
  </way>
  <way id='134' timestamp='2026-09-02T12:00:00Z' uid='1' user='generator' visible='true' version='1' changeset='1'>
    <nd ref='1340' />
    <nd ref='1341' />
    <nd ref='1342' />
    <nd ref='1343' />
    <nd ref='1340' />
    <tag k='landuse' v='farmland' />
    <tag k='name' v='Field 014' />
  </way>
  <way id='135' timestamp='2026-09-02T12:00:00Z' uid='1' user='generator' visible='true' version='1' changeset='1'>
    <nd ref='1344' />
    <nd ref='1345' />
    <nd ref='1346' />
    <nd ref='1347' />
    <nd ref='1344' />
    <tag k='landuse' v='farmland' />
    <tag k='name' v='Field 015' />
  </way>
  <way id='136' timestamp='2026-09-02T12:00:00Z' uid='1' user='generator' visible='true' version='1' changeset='1'>
    <nd ref='1348' />
    <nd ref='1349' />
    <nd ref='1350' />
    <nd ref='1351' />
    <nd ref='1348' />
    <tag k='landuse' v='farmland' />
    <tag k='name' v='Field 016' />
  </way>
  <way id='137' timestamp='2026-09-02T12:00:00Z' uid='1' user='generator' visible='true' version='1' changeset='1'>
    <nd ref='1352' />
    <nd ref='1353' />
    <nd ref='1354' />
    <nd ref='1355' />
    <nd ref='1352' />
    <tag k='landuse' v='farmland' />
    <tag k='name' v='Field 017' />
  </way>
  <way id='138' timestamp='2026-09-02T12:00:00Z' uid='1' user='generator' visible='true' version='1' changeset='1'>
    <nd ref='1356' />
    <nd ref='1357' />
    <nd ref='1358' />
    <nd ref='1359' />
    <nd ref='1356' />
    <tag k='landuse' v='farmland' />
    <tag k='name' v='Field 018' />
  </way>
  <way id='139' timestamp='2026-09-02T12:00:00Z' uid='1' user='generator' visible='true' version='1' changeset='1'>
    <nd ref='1360' />
    <nd ref='1361' />
    <nd ref='1362' />
    <nd ref='1363' />
    <nd ref='1360' />
    <tag k='landuse' v='farmland' />
    <tag k='name' v='Field 019' />
  </way>
  <way id='140' timestamp='2026-09-02T12:00:00Z' uid='1' user='generator' visible='true' version='1' changeset='1'>
    <nd ref='1364' />
    <nd ref='1365' />
    <nd ref='1366' />
    <nd ref='1367' />
    <nd ref='1364' />
    <tag k='landuse' v='farmland' />
    <tag k='name' v='Field 020' />
  </way>
  <way id='141' timestamp='2026-09-02T12:00:00Z' uid='1' user='generator' visible='true' version='1' changeset='1'>
    <nd ref='1368' />
    <nd ref='1369' />
    <nd ref='1370' />
    <nd ref='1371' />
    <nd ref='1368' />
    <tag k='landuse' v='farmland' />
    <tag k='name' v='Field 021' />
  </way>
  <way id='142' timestamp='2026-09-02T12:00:00Z' uid='1' user='generator' visible='true' version='1' changeset='1'>
    <nd ref='1372' />
    <nd ref='1373' />
    <nd ref='1374' />
    <nd ref='1375' />
    <nd ref='1372' />
    <tag k='landuse' v='farmland' />
    <tag k='name' v='Field 022' />
  </way>
  <way id='143' timestamp='2026-09-02T12:00:00Z' uid='1' user='generator' visible='true' version='1' changeset='1'>
    <nd ref='1376' />
    <nd ref='1377' />
    <nd ref='1378' />
    <nd ref='1379' />
    <nd ref='1376' />
    <tag k='landuse' v='farmland' />
    <tag k='name' v='Field 023' />
  </way>
  <way id='144' timestamp='2026-09-02T12:00:00Z' uid='1' user='generator' visible='true' version='1' changeset='1'>
    <nd ref='1380' />
    <nd ref='1381' />
    <nd ref='1382' />
    <nd ref='1383' />
    <nd ref='1380' />
    <tag k='landuse' v='farmland' />
    <tag k='name' v='Field 024' />
  </way>
  <way id='145' timestamp='2026-09-02T12:00:00Z' uid='1' user='generator' visible='true' version='1' changeset='1'>
    <nd ref='1384' />
    <nd ref='1385' />
    <nd ref='1386' />
    <nd ref='1387' />
    <nd ref='1384' />
    <tag k='landuse' v='farmland' />
    <tag k='name' v='Field 025' />
  </way>
  <way id='146' timestamp='2026-09-02T12:00:00Z' uid='1' user='generator' visible='true' version='1' changeset='1'>
    <nd ref='1388' />
    <nd ref='1389' />
    <nd ref='1390' />
    <nd ref='1391' />
    <nd ref='1388' />
    <tag k='landuse' v='farmland' />
    <tag k='name' v='Field 026' />
  </way>
  <way id='147' timestamp='2026-09-02T12:00:00Z' uid='1' user='generator' visible='true' version='1' changeset='1'>
    <nd ref='1392' />
    <nd ref='1393' />
    <nd ref='1394' />
    <nd ref='1395' />
    <nd ref='1392' />
    <tag k='landuse' v='farmland' />
    <tag k='name' v='Field 027' />
  </way>
  <way id='148' timestamp='2026-09-02T12:00:00Z' uid='1' user='generator' visible='true' version='1' changeset='1'>
    <nd ref='1396' />
    <nd ref='1397' />
    <nd ref='1398' />
    <nd ref='1399' />
    <nd ref='1396' />
    <tag k='landuse' v='farmland' />
    <tag k='name' v='Field 028' />
  </way>
  <way id='149' timestamp='2026-09-02T12:00:00Z' uid='1' user='generator' visible='true' version='1' changeset='1'>
    <nd ref='1400' />
    <nd ref='1401' />
    <nd ref='1402' />
    <nd ref='1403' />
    <nd ref='1400' />
    <tag k='landuse' v='farmland' />
    <tag k='name' v='Field 029' />
  </way>
  <way id='150' timestamp='2026-09-02T12:00:00Z' uid='1' user='generator' visible='true' version='1' changeset='1'>
    <nd ref='1404' />
    <nd ref='1405' />
    <nd ref='1406' />
    <nd ref='1407' />
    <nd ref='1404' />
    <tag k='landuse' v='farmland' />
    <tag k='name' v='Field 030' />
  </way>
  <way id='151' timestamp='2026-09-02T12:00:00Z' uid='1' user='generator' visible='true' version='1' changeset='1'>
    <nd ref='1408' />
    <nd ref='1409' />
    <nd ref='1410' />
    <nd ref='1411' />
    <nd ref='1408' />
    <tag k='landuse' v='farmland' />
    <tag k='name' v='Field 031' />
  </way>
  <way id='152' timestamp='2026-09-02T12:00:00Z' uid='1' user='generator' visible='true' version='1' changeset='1'>
    <nd ref='1412' />
    <nd ref='1413' />
    <nd ref='1414' />
    <nd ref='1415' />
    <nd ref='1412' />
    <tag k='landuse' v='farmland' />
    <tag k='name' v='Field 032' />
  </way>
  <way id='153' timestamp='2026-09-02T12:00:00Z' uid='1' user='generator' visible='true' version='1' changeset='1'>
    <nd ref='1416' />
    <nd ref='1417' />
    <nd ref='1418' />
    <nd ref='1419' />
    <nd ref='1416' />
    <tag k='landuse' v='farmland' />
    <tag k='name' v='Field 033' />
  </way>
  <way id='154' timestamp='2026-09-02T12:00:00Z' uid='1' user='generator' visible='true' version='1' changeset='1'>
    <nd ref='1420' />
    <nd ref='1421' />
    <nd ref='1422' />
    <nd ref='1423' />
    <nd ref='1420' />
    <tag k='landuse' v='farmland' />
    <tag k='name' v='Field 034' />
  </way>
  <way id='155' timestamp='2026-09-02T12:00:00Z' uid='1' user='generator' visible='true' version='1' changeset='1'>
    <nd ref='1424' />
    <nd ref='1425' />
    <nd ref='1426' />
    <nd ref='1427' />
    <nd ref='1424' />
    <tag k='landuse' v='farmland' />
    <tag k='name' v='Field 035' />
  </way>
  <way id='156' timestamp='2026-09-02T12:00:00Z' uid='1' user='generator' visible='true' version='1' changeset='1'>
    <nd ref='1428' />
    <nd ref='1429' />
    <nd ref='1430' />
    <nd ref='1431' />
    <nd ref='1428' />
    <tag k='landuse' v='farmland' />
    <tag k='name' v='Field 036' />
  </way>
  <way id='157' timestamp='2026-09-02T12:00:00Z' uid='1' user='generator' visible='true' version='1' changeset='1'>
    <nd ref='1432' />
    <nd ref='1433' />
    <nd ref='1434' />
    <nd ref='1435' />
    <nd ref='1432' />
    <tag k='landuse' v='farmland' />
    <tag k='name' v='Field 037' />
  </way>
  <way id='158' timestamp='2026-09-02T12:00:00Z' uid='1' user='generator' visible='true' version='1' changeset='1'>
    <nd ref='1436' />
    <nd ref='1437' />
    <nd ref='1438' />
    <nd ref='1439' />
    <nd ref='1436' />
    <tag k='landuse' v='farmland' />
    <tag k='name' v='Field 038' />
  </way>
  <way id='159' timestamp='2026-09-02T12:00:00Z' uid='1' user='generator' visible='true' version='1' changeset='1'>
    <nd ref='1440' />
    <nd ref='1441' />
    <nd ref='1442' />
    <nd ref='1443' />
    <nd ref='1440' />
    <tag k='landuse' v='farmland' />
    <tag k='name' v='Field 039' />
  </way>
  <way id='160' timestamp='2026-09-02T12:00:00Z' uid='1' user='generator' visible='true' version='1' changeset='1'>
    <nd ref='1444' />
    <nd ref='1445' />
    <nd ref='1446' />
    <nd ref='1447' />
    <nd ref='1444' />
    <tag k='landuse' v='farmland' />
    <tag k='name' v='Field 040' />
  </way>
  <way id='161' timestamp='2026-09-02T12:00:00Z' uid='1' user='generator' visible='true' version='1' changeset='1'>
    <nd ref='1448' />
    <nd ref='1449' />
    <nd ref='1450' />
    <nd ref='1451' />
    <nd ref='1448' />
    <tag k='landuse' v='farmland' />
    <tag k='name' v='Field 041' />
  </way>
  <way id='162' timestamp='2026-09-02T12:00:00Z' uid='1' user='generator' visible='true' version='1' changeset='1'>
    <nd ref='1452' />
    <nd ref='1453' />
    <nd ref='1454' />
    <nd ref='1455' />
    <nd ref='1452' />
    <tag k='landuse' v='farmland' />
    <tag k='name' v='Field 042' />
  </way>
  <way id='163' timestamp='2026-09-02T12:00:00Z' uid='1' user='generator' visible='true' version='1' changeset='1'>
    <nd ref='1456' />
    <nd ref='1457' />
    <nd ref='1458' />
    <nd ref='1459' />
    <nd ref='1456' />
    <tag k='landuse' v='farmland' />
    <tag k='name' v='Field 043' />
  </way>
  <way id='164' timestamp='2026-09-02T12:00:00Z' uid='1' user='generator' visible='true' version='1' changeset='1'>
    <nd ref='1460' />
    <nd ref='1461' />
    <nd ref='1462' />
    <nd ref='1463' />
    <nd ref='1460' />
    <tag k='landuse' v='farmland' />
    <tag k='name' v='Field 044' />
  </way>
  <way id='165' timestamp='2026-09-02T12:00:00Z' uid='1' user='generator' visible='true' version='1' changeset='1'>
    <nd ref='1464' />
    <nd ref='1465' />
    <nd ref='1466' />
    <nd ref='1467' />
    <nd ref='1464' />
    <tag k='landuse' v='farmland' />
    <tag k='name' v='Field 045' />
  </way>
  <way id='166' timestamp='2026-09-02T12:00:00Z' uid='1' user='generator' visible='true' version='1' changeset='1'>
    <nd ref='1468' />
    <nd ref='1469' />
    <nd ref='1470' />
    <nd ref='1471' />
    <nd ref='1468' />
    <tag k='landuse' v='farmland' />
    <tag k='name' v='Field 046' />
  </way>
  <way id='167' timestamp='2026-09-02T12:00:00Z' uid='1' user='generator' visible='true' version='1' changeset='1'>
    <nd ref='1472' />
    <nd ref='1473' />
    <nd ref='1474' />
    <nd ref='1475' />
    <nd ref='1472' />
    <tag k='landuse' v='farmland' />
    <tag k='name' v='Field 047' />
  </way>
  <way id='168' timestamp='2026-09-02T12:00:00Z' uid='1' user='generator' visible='true' version='1' changeset='1'>
    <nd ref='1476' />
    <nd ref='1477' />
    <nd ref='1478' />
    <nd ref='1479' />
    <nd ref='1476' />
    <tag k='landuse' v='farmland' />
    <tag k='name' v='Field 048' />
  </way>
  <way id='169' timestamp='2026-09-02T12:00:00Z' uid='1' user='generator' visible='true' version='1' changeset='1'>
    <nd ref='1480' />
    <nd ref='1481' />
    <nd ref='1482' />
    <nd ref='1483' />
    <nd ref='1480' />
    <tag k='landuse' v='farmland' />
    <tag k='name' v='Field 049' />
  </way>
  <way id='170' timestamp='2026-09-02T12:00:00Z' uid='1' user='generator' visible='true' version='1' changeset='1'>
    <nd ref='1484' />
    <nd ref='1485' />
    <nd ref='1486' />
    <nd ref='1487' />
    <nd ref='1484' />
    <tag k='landuse' v='farmland' />
    <tag k='name' v='Field 050' />
  </way>
  <way id='171' timestamp='2026-09-02T12:00:00Z' uid='1' user='generator' visible='true' version='1' changeset='1'>
    <nd ref='1488' />
    <nd ref='1489' />
    <nd ref='1490' />
    <nd ref='1491' />
    <nd ref='1488' />
    <tag k='landuse' v='farmland' />
    <tag k='name' v='Field 051' />
  </way>
  <way id='172' timestamp='2026-09-02T12:00:00Z' uid='1' user='generator' visible='true' version='1' changeset='1'>
    <nd ref='1492' />
    <nd ref='1493' />
    <nd ref='1494' />
    <nd ref='1495' />
    <nd ref='1492' />
    <tag k='landuse' v='farmland' />
    <tag k='name' v='Field 052' />
  </way>
  <way id='173' timestamp='2026-09-02T12:00:00Z' uid='1' user='generator' visible='true' version='1' changeset='1'>
    <nd ref='1496' />
    <nd ref='1497' />
    <nd ref='1498' />
    <nd ref='1499' />
    <nd ref='1496' />
    <tag k='landuse' v='farmland' />
    <tag k='name' v='Field 053' />
  </way>
  <way id='174' timestamp='2026-09-02T12:00:00Z' uid='1' user='generator' visible='true' version='1' changeset='1'>
    <nd ref='1500' />
    <nd ref='1501' />
    <nd ref='1502' />
    <nd ref='1503' />
    <nd ref='1500' />
    <tag k='landuse' v='farmland' />
    <tag k='name' v='Field 054' />
  </way>
  <way id='175' timestamp='2026-09-02T12:00:00Z' uid='1' user='generator' visible='true' version='1' changeset='1'>
    <nd ref='1504' />
    <nd ref='1505' />
    <nd ref='1506' />
    <nd ref='1507' />
    <nd ref='1504' />
    <tag k='landuse' v='farmland' />
    <tag k='name' v='Field 055' />
  </way>
  <way id='176' timestamp='2026-09-02T12:00:00Z' uid='1' user='generator' visible='true' version='1' changeset='1'>
    <nd ref='1508' />
    <nd ref='1509' />
    <nd ref='1510' />
    <nd ref='1511' />
    <nd ref='1508' />
    <tag k='landuse' v='farmland' />
    <tag k='name' v='Field 056' />
  </way>
  <way id='177' timestamp='2026-09-02T12:00:00Z' uid='1' user='generator' visible='true' version='1' changeset='1'>
    <nd ref='1512' />
    <nd ref='1513' />
    <nd ref='1514' />
    <nd ref='1515' />
    <nd ref='1512' />
    <tag k='landuse' v='farmland' />
    <tag k='name' v='Field 057' />
  </way>
  <way id='178' timestamp='2026-09-02T12:00:00Z' uid='1' user='generator' visible='true' version='1' changeset='1'>
    <nd ref='1516' />
    <nd ref='1517' />
    <nd ref='1518' />
    <nd ref='1519' />
    <nd ref='1516' />
    <tag k='landuse' v='farmland' />
    <tag k='name' v='Field 058' />
  </way>
  <way id='179' timestamp='2026-09-02T12:00:00Z' uid='1' user='generator' visible='true' version='1' changeset='1'>
    <nd ref='1520' />
    <nd ref='1521' />
    <nd ref='1522' />
    <nd ref='1523' />
    <nd ref='1520' />
    <tag k='landuse' v='farmland' />
    <tag k='name' v='Field 059' />
  </way>
  <way id='180' timestamp='2026-09-02T12:00:00Z' uid='1' user='generator' visible='true' version='1' changeset='1'>
    <nd ref='1524' />
    <nd ref='1525' />
    <nd ref='1526' />
    <nd ref='1527' />
    <nd ref='1524' />
    <tag k='landuse' v='farmland' />
    <tag k='name' v='Field 060' />
  </way>
  <way id='181' timestamp='2026-09-02T12:00:00Z' uid='1' user='generator' visible='true' version='1' changeset='1'>
    <nd ref='1528' />
    <nd ref='1529' />
    <nd ref='1530' />
    <nd ref='1531' />
    <nd ref='1528' />
    <tag k='landuse' v='farmland' />
    <tag k='name' v='Field 061' />
  </way>
  <way id='182' timestamp='2026-09-02T12:00:00Z' uid='1' user='generator' visible='true' version='1' changeset='1'>
    <nd ref='1532' />
    <nd ref='1533' />
    <nd ref='1534' />
    <nd ref='1535' />
    <nd ref='1532' />
    <tag k='landuse' v='farmland' />
    <tag k='name' v='Field 062' />
  </way>
  <way id='183' timestamp='2026-09-02T12:00:00Z' uid='1' user='generator' visible='true' version='1' changeset='1'>
    <nd ref='1536' />
    <nd ref='1537' />
    <nd ref='1538' />
    <nd ref='1539' />
    <nd ref='1536' />
    <tag k='landuse' v='farmland' />
    <tag k='name' v='Field 063' />
  </way>
  <way id='184' timestamp='2026-09-02T12:00:00Z' uid='1' user='generator' visible='true' version='1' changeset='1'>
    <nd ref='1540' />
    <nd ref='1541' />
    <nd ref='1542' />
    <nd ref='1543' />
    <nd ref='1540' />
    <tag k='landuse' v='farmland' />
    <tag k='name' v='Field 064' />
  </way>
  <way id='185' timestamp='2026-09-02T12:00:00Z' uid='1' user='generator' visible='true' version='1' changeset='1'>
    <nd ref='1544' />
    <nd ref='1545' />
    <nd ref='1546' />
    <nd ref='1547' />
    <nd ref='1544' />
    <tag k='landuse' v='farmland' />
    <tag k='name' v='Field 065' />
  </way>
  <way id='186' timestamp='2026-09-02T12:00:00Z' uid='1' user='generator' visible='true' version='1' changeset='1'>
    <nd ref='1548' />
    <nd ref='1549' />
    <nd ref='1550' />
    <nd ref='1551' />
    <nd ref='1548' />
    <tag k='landuse' v='farmland' />
    <tag k='name' v='Field 066' />
  </way>
  <way id='187' timestamp='2026-09-02T12:00:00Z' uid='1' user='generator' visible='true' version='1' changeset='1'>
    <nd ref='1552' />
    <nd ref='1553' />
    <nd ref='1554' />
    <nd ref='1555' />
    <nd ref='1552' />
    <tag k='landuse' v='farmland' />
    <tag k='name' v='Field 067' />
  </way>
  <way id='188' timestamp='2026-09-02T12:00:00Z' uid='1' user='generator' visible='true' version='1' changeset='1'>
    <nd ref='1556' />
    <nd ref='1557' />
    <nd ref='1558' />
    <nd ref='1559' />
    <nd ref='1556' />
    <tag k='landuse' v='farmland' />
    <tag k='name' v='Field 068' />
  </way>
  <way id='189' timestamp='2026-09-02T12:00:00Z' uid='1' user='generator' visible='true' version='1' changeset='1'>
    <nd ref='1560' />
    <nd ref='1561' />
    <nd ref='1562' />
    <nd ref='1563' />
    <nd ref='1560' />
    <tag k='landuse' v='farmland' />
    <tag k='name' v='Field 069' />
  </way>
  <way id='190' timestamp='2026-09-02T12:00:00Z' uid='1' user='generator' visible='true' version='1' changeset='1'>
    <nd ref='1564' />
    <nd ref='1565' />
    <nd ref='1566' />
    <nd ref='1567' />
    <nd ref='1564' />
    <tag k='landuse' v='farmland' />
    <tag k='name' v='Field 070' />
  </way>
  <way id='191' timestamp='2026-09-02T12:00:00Z' uid='1' user='generator' visible='true' version='1' changeset='1'>
    <nd ref='1568' />
    <nd ref='1569' />
    <nd ref='1570' />
    <nd ref='1571' />
    <nd ref='1568' />
    <tag k='landuse' v='farmland' />
    <tag k='name' v='Field 071' />
  </way>
  <way id='192' timestamp='2026-09-02T12:00:00Z' uid='1' user='generator' visible='true' version='1' changeset='1'>
    <nd ref='1572' />
    <nd ref='1573' />
    <nd ref='1574' />
    <nd ref='1575' />
    <nd ref='1572' />
    <tag k='landuse' v='farmland' />
    <tag k='name' v='Field 072' />
  </way>
  <way id='193' timestamp='2026-09-02T12:00:00Z' uid='1' user='generator' visible='true' version='1' changeset='1'>
    <nd ref='1576' />
    <nd ref='1577' />
    <nd ref='1578' />
    <nd ref='1579' />
    <nd ref='1576' />
    <tag k='landuse' v='farmland' />
    <tag k='name' v='Field 073' />
  </way>
  <way id='194' timestamp='2026-09-02T12:00:00Z' uid='1' user='generator' visible='true' version='1' changeset='1'>
    <nd ref='1580' />
    <nd ref='1581' />
    <nd ref='1582' />
    <nd ref='1583' />
    <nd ref='1580' />
    <tag k='landuse' v='farmland' />
    <tag k='name' v='Field 074' />
  </way>
  <way id='195' timestamp='2026-09-02T12:00:00Z' uid='1' user='generator' visible='true' version='1' changeset='1'>
    <nd ref='1584' />
    <nd ref='1585' />
    <nd ref='1586' />
    <nd ref='1587' />
    <nd ref='1584' />
    <tag k='landuse' v='farmland' />
    <tag k='name' v='Field 075' />
  </way>
  <way id='196' timestamp='2026-09-02T12:00:00Z' uid='1' user='generator' visible='true' version='1' changeset='1'>
    <nd ref='1588' />
    <nd ref='1589' />
    <nd ref='1590' />
    <nd ref='1591' />
    <nd ref='1588' />
    <tag k='landuse' v='farmland' />
    <tag k='name' v='Field 076' />
  </way>
  <way id='197' timestamp='2026-09-02T12:00:00Z' uid='1' user='generator' visible='true' version='1' changeset='1'>
    <nd ref='1592' />
    <nd ref='1593' />
    <nd ref='1594' />
    <nd ref='1595' />
    <nd ref='1592' />
    <tag k='landuse' v='farmland' />
    <tag k='name' v='Field 077' />
  </way>
  <way id='198' timestamp='2026-09-02T12:00:00Z' uid='1' user='generator' visible='true' version='1' changeset='1'>
    <nd ref='1596' />
    <nd ref='1597' />
    <nd ref='1598' />
    <nd ref='1599' />
    <nd ref='1596' />
    <tag k='landuse' v='farmland' />
    <tag k='name' v='Field 078' />
  </way>
  <way id='199' timestamp='2026-09-02T12:00:00Z' uid='1' user='generator' visible='true' version='1' changeset='1'>
    <nd ref='1600' />
    <nd ref='1601' />
    <nd ref='1602' />
    <nd ref='1603' />
    <nd ref='1600' />
    <tag k='landuse' v='farmland' />
    <tag k='name' v='Field 079' />
  </way>
  <way id='200' timestamp='2026-09-02T12:00:00Z' uid='1' user='generator' visible='true' version='1' changeset='1'>
    <nd ref='1604' />
    <nd ref='1605' />
    <nd ref='1606' />
    <nd ref='1607' />
    <nd ref='1604' />
    <tag k='landuse' v='farmland' />
    <tag k='name' v='Field 080' />
  </way>
  <way id='201' timestamp='2026-09-02T12:00:00Z' uid='1' user='generator' visible='true' version='1' changeset='1'>
    <nd ref='1608' />
    <nd ref='1609' />
    <nd ref='1610' />
    <nd ref='1611' />
    <nd ref='1608' />
    <tag k='landuse' v='farmland' />
    <tag k='name' v='Field 081' />
  </way>
  <way id='202' timestamp='2026-09-02T12:00:00Z' uid='1' user='generator' visible='true' version='1' changeset='1'>
    <nd ref='1612' />
    <nd ref='1613' />
    <nd ref='1614' />
    <nd ref='1615' />
    <nd ref='1612' />
    <tag k='landuse' v='farmland' />
    <tag k='name' v='Field 082' />
  </way>
  <way id='203' timestamp='2026-09-02T12:00:00Z' uid='1' user='generator' visible='true' version='1' changeset='1'>
    <nd ref='1616' />
    <nd ref='1617' />
    <nd ref='1618' />
    <nd ref='1619' />
    <nd ref='1616' />
    <tag k='landuse' v='farmland' />
    <tag k='name' v='Field 083' />
  </way>
  <way id='204' timestamp='2026-09-02T12:00:00Z' uid='1' user='generator' visible='true' version='1' changeset='1'>
    <nd ref='1620' />
    <nd ref='1621' />
    <nd ref='1622' />
    <nd ref='1623' />
    <nd ref='1620' />
    <tag k='landuse' v='farmland' />
    <tag k='name' v='Field 084' />
  </way>
  <way id='205' timestamp='2026-09-02T12:00:00Z' uid='1' user='generator' visible='true' version='1' changeset='1'>
    <nd ref='1624' />
    <nd ref='1625' />
    <nd ref='1626' />
    <nd ref='1627' />
    <nd ref='1624' />
    <tag k='landuse' v='farmland' />
    <tag k='name' v='Field 085' />
  </way>
  <way id='206' timestamp='2026-09-02T12:00:00Z' uid='1' user='generator' visible='true' version='1' changeset='1'>
    <nd ref='1628' />
    <nd ref='1629' />
    <nd ref='1630' />
    <nd ref='1631' />
    <nd ref='1628' />
    <tag k='landuse' v='farmland' />
    <tag k='name' v='Field 086' />
  </way>
  <way id='207' timestamp='2026-09-02T12:00:00Z' uid='1' user='generator' visible='true' version='1' changeset='1'>
    <nd ref='1632' />
    <nd ref='1633' />
    <nd ref='1634' />
    <nd ref='1635' />
    <nd ref='1632' />
    <tag k='landuse' v='farmland' />
    <tag k='name' v='Field 087' />
  </way>
  <way id='208' timestamp='2026-09-02T12:00:00Z' uid='1' user='generator' visible='true' version='1' changeset='1'>
    <nd ref='1636' />
    <nd ref='1637' />
    <nd ref='1638' />
    <nd ref='1639' />
    <nd ref='1636' />
    <tag k='landuse' v='farmland' />
    <tag k='name' v='Field 088' />
  </way>
  <way id='209' timestamp='2026-09-02T12:00:00Z' uid='1' user='generator' visible='true' version='1' changeset='1'>
    <nd ref='1640' />
    <nd ref='1641' />
    <nd ref='1642' />
    <nd ref='1643' />
    <nd ref='1640' />
    <tag k='landuse' v='farmland' />
    <tag k='name' v='Field 089' />
  </way>
  <way id='210' timestamp='2026-09-02T12:00:00Z' uid='1' user='generator' visible='true' version='1' changeset='1'>
    <nd ref='1644' />
    <nd ref='1645' />
    <nd ref='1646' />
    <nd ref='1647' />
    <nd ref='1644' />
    <tag k='landuse' v='farmland' />
    <tag k='name' v='Field 090' />
  </way>
  <way id='211' timestamp='2026-09-02T12:00:00Z' uid='1' user='generator' visible='true' version='1' changeset='1'>
    <nd ref='1648' />
    <nd ref='1649' />
    <nd ref='1650' />
    <nd ref='1651' />
    <nd ref='1648' />
    <tag k='landuse' v='farmland' />
    <tag k='name' v='Field 091' />
  </way>
  <way id='212' timestamp='2026-09-02T12:00:00Z' uid='1' user='generator' visible='true' version='1' changeset='1'>
    <nd ref='1652' />
    <nd ref='1653' />
    <nd ref='1654' />
    <nd ref='1655' />
    <nd ref='1652' />
    <tag k='landuse' v='farmland' />
    <tag k='name' v='Field 092' />
  </way>
  <way id='213' timestamp='2026-09-02T12:00:00Z' uid='1' user='generator' visible='true' version='1' changeset='1'>
    <nd ref='1656' />
    <nd ref='1657' />
    <nd ref='1658' />
    <nd ref='1659' />
    <nd ref='1656' />
    <tag k='landuse' v='farmland' />
    <tag k='name' v='Field 093' />
  </way>
  <way id='214' timestamp='2026-09-02T12:00:00Z' uid='1' user='generator' visible='true' version='1' changeset='1'>
    <nd ref='1660' />
    <nd ref='1661' />
    <nd ref='1662' />
    <nd ref='1663' />
    <nd ref='1660' />
    <tag k='landuse' v='farmland' />
    <tag k='name' v='Field 094' />
  </way>
  <way id='215' timestamp='2026-09-02T12:00:00Z' uid='1' user='generator' visible='true' version='1' changeset='1'>
    <nd ref='1664' />
    <nd ref='1665' />
    <nd ref='1666' />
    <nd ref='1667' />
    <nd ref='1664' />
    <tag k='landuse' v='farmland' />
    <tag k='name' v='Field 095' />
  </way>
  <way id='216' timestamp='2026-09-02T12:00:00Z' uid='1' user='generator' visible='true' version='1' changeset='1'>
    <nd ref='1668' />
    <nd ref='1669' />
    <nd ref='1670' />
    <nd ref='1671' />
    <nd ref='1668' />
    <tag k='landuse' v='farmland' />
    <tag k='name' v='Field 096' />
  </way>
  <way id='217' timestamp='2026-09-02T12:00:00Z' uid='1' user='generator' visible='true' version='1' changeset='1'>
    <nd ref='1672' />
    <nd ref='1673' />
    <nd ref='1674' />
    <nd ref='1675' />
    <nd ref='1672' />
    <tag k='landuse' v='farmland' />
    <tag k='name' v='Field 097' />
  </way>
  <way id='218' timestamp='2026-09-02T12:00:00Z' uid='1' user='generator' visible='true' version='1' changeset='1'>
    <nd ref='1676' />
    <nd ref='1677' />
    <nd ref='1678' />
    <nd ref='1679' />
    <nd ref='1676' />
    <tag k='landuse' v='farmland' />
    <tag k='name' v='Field 098' />
  </way>
  <way id='219' timestamp='2026-09-02T12:00:00Z' uid='1' user='generator' visible='true' version='1' changeset='1'>
    <nd ref='1680' />
    <nd ref='1681' />
    <nd ref='1682' />
    <nd ref='1683' />
    <nd ref='1680' />
    <tag k='landuse' v='farmland' />
    <tag k='name' v='Field 099' />
  </way>
  <way id='220' timestamp='2026-09-02T12:00:00Z' uid='1' user='generator' visible='true' version='1' changeset='1'>
    <nd ref='1684' />
    <nd ref='1685' />
    <nd ref='1686' />
    <nd ref='1687' />
    <nd ref='1684' />
    <tag k='landuse' v='farmland' />
    <tag k='name' v='Field 100' />
  </way>
  <way id='221' timestamp='2026-09-02T12:00:00Z' uid='1' user='generator' visible='true' version='1' changeset='1'>
    <nd ref='1688' />
    <nd ref='1689' />
    <nd ref='1690' />
    <nd ref='1691' />
    <nd ref='1688' />
    <tag k='landuse' v='farmland' />
    <tag k='name' v='Field 101' />
  </way>
  <way id='222' timestamp='2026-09-02T12:00:00Z' uid='1' user='generator' visible='true' version='1' changeset='1'>
    <nd ref='1692' />
    <nd ref='1693' />
    <nd ref='1694' />
    <nd ref='1695' />
    <nd ref='1692' />
    <tag k='landuse' v='farmland' />
    <tag k='name' v='Field 102' />
  </way>
  <way id='223' timestamp='2026-09-02T12:00:00Z' uid='1' user='generator' visible='true' version='1' changeset='1'>
    <nd ref='1696' />
    <nd ref='1697' />
    <nd ref='1698' />
    <nd ref='1699' />
    <nd ref='1696' />
    <tag k='landuse' v='farmland' />
    <tag k='name' v='Field 103' />
  </way>
  <way id='224' timestamp='2026-09-02T12:00:00Z' uid='1' user='generator' visible='true' version='1' changeset='1'>
    <nd ref='1700' />
    <nd ref='1701' />
    <nd ref='1702' />
    <nd ref='1703' />
    <nd ref='1700' />
    <tag k='landuse' v='farmland' />
    <tag k='name' v='Field 104' />
  </way>
  <way id='225' timestamp='2026-09-02T12:00:00Z' uid='1' user='generator' visible='true' version='1' changeset='1'>
    <nd ref='1704' />
    <nd ref='1705' />
    <nd ref='1706' />
    <nd ref='1707' />
    <nd ref='1704' />
    <tag k='landuse' v='farmland' />
    <tag k='name' v='Field 105' />
  </way>
  <way id='226' timestamp='2026-09-02T12:00:00Z' uid='1' user='generator' visible='true' version='1' changeset='1'>
    <nd ref='1708' />
    <nd ref='1709' />
    <nd ref='1710' />
    <nd ref='1711' />
    <nd ref='1708' />
    <tag k='landuse' v='farmland' />
    <tag k='name' v='Field 106' />
  </way>
  <way id='227' timestamp='2026-09-02T12:00:00Z' uid='1' user='generator' visible='true' version='1' changeset='1'>
    <nd ref='1712' />
    <nd ref='1713' />
    <nd ref='1714' />
    <nd ref='1715' />
    <nd ref='1712' />
    <tag k='landuse' v='farmland' />
    <tag k='name' v='Field 107' />
  </way>
  <way id='228' timestamp='2026-09-02T12:00:00Z' uid='1' user='generator' visible='true' version='1' changeset='1'>
    <nd ref='1716' />
    <nd ref='1717' />
    <nd ref='1718' />
    <nd ref='1719' />
    <nd ref='1716' />
    <tag k='landuse' v='farmland' />
    <tag k='name' v='Field 108' />
  </way>
  <way id='229' timestamp='2026-09-02T12:00:00Z' uid='1' user='generator' visible='true' version='1' changeset='1'>
    <nd ref='1720' />
    <nd ref='1721' />
    <nd ref='1722' />
    <nd ref='1723' />
    <nd ref='1720' />
    <tag k='landuse' v='farmland' />
    <tag k='name' v='Field 109' />
  </way>
  <way id='230' timestamp='2026-09-02T12:00:00Z' uid='1' user='generator' visible='true' version='1' changeset='1'>
    <nd ref='1724' />
    <nd ref='1725' />
    <nd ref='1726' />
    <nd ref='1727' />
    <nd ref='1724' />
    <tag k='landuse' v='farmland' />
    <tag k='name' v='Field 110' />
  </way>
  <way id='231' timestamp='2026-09-02T12:00:00Z' uid='1' user='generator' visible='true' version='1' changeset='1'>
    <nd ref='1728' />
    <nd ref='1729' />
    <nd ref='1730' />
    <nd ref='1731' />
    <nd ref='1728' />
    <tag k='landuse' v='farmland' />
    <tag k='name' v='Field 111' />
  </way>
  <way id='232' timestamp='2026-09-02T12:00:00Z' uid='1' user='generator' visible='true' version='1' changeset='1'>
    <nd ref='1732' />
    <nd ref='1733' />
    <nd ref='1734' />
    <nd ref='1735' />
    <nd ref='1732' />
    <tag k='landuse' v='farmland' />
    <tag k='name' v='Field 112' />
  </way>
  <way id='233' timestamp='2026-09-02T12:00:00Z' uid='1' user='generator' visible='true' version='1' changeset='1'>
    <nd ref='1736' />
    <nd ref='1737' />
    <nd ref='1738' />
    <nd ref='1739' />
    <nd ref='1736' />
    <tag k='landuse' v='farmland' />
    <tag k='name' v='Field 113' />
  </way>
  <way id='234' timestamp='2026-09-02T12:00:00Z' uid='1' user='generator' visible='true' version='1' changeset='1'>
    <nd ref='1740' />
    <nd ref='1741' />
    <nd ref='1742' />
    <nd ref='1743' />
    <nd ref='1740' />
    <tag k='landuse' v='farmland' />
    <tag k='name' v='Field 114' />
  </way>
  <way id='235' timestamp='2026-09-02T12:00:00Z' uid='1' user='generator' visible='true' version='1' changeset='1'>
    <nd ref='1744' />
    <nd ref='1745' />
    <nd ref='1746' />
    <nd ref='1747' />
    <nd ref='1744' />
    <tag k='landuse' v='farmland' />
    <tag k='name' v='Field 115' />
  </way>
  <way id='236' timestamp='2026-09-02T12:00:00Z' uid='1' user='generator' visible='true' version='1' changeset='1'>
    <nd ref='1748' />
    <nd ref='1749' />
    <nd ref='1750' />
    <nd ref='1751' />
    <nd ref='1748' />
    <tag k='landuse' v='farmland' />
    <tag k='name' v='Field 116' />
  </way>
  <way id='237' timestamp='2026-09-02T12:00:00Z' uid='1' user='generator' visible='true' version='1' changeset='1'>
    <nd ref='1752' />
    <nd ref='1753' />
    <nd ref='1754' />
    <nd ref='1755' />
    <nd ref='1752' />
    <tag k='landuse' v='farmland' />
    <tag k='name' v='Field 117' />
  </way>
  <way id='238' timestamp='2026-09-02T12:00:00Z' uid='1' user='generator' visible='true' version='1' changeset='1'>
    <nd ref='1756' />
    <nd ref='1757' />
    <nd ref='1758' />
    <nd ref='1759' />
    <nd ref='1756' />
    <tag k='landuse' v='farmland' />
    <tag k='name' v='Field 118' />
  </way>
  <way id='239' timestamp='2026-09-02T12:00:00Z' uid='1' user='generator' visible='true' version='1' changeset='1'>
    <nd ref='1760' />
    <nd ref='1761' />
    <nd ref='1762' />
    <nd ref='1763' />
    <nd ref='1760' />
    <tag k='landuse' v='farmland' />
    <tag k='name' v='Field 119' />
  </way>
  <way id='240' timestamp='2026-09-02T12:00:00Z' uid='1' user='generator' visible='true' version='1' changeset='1'>
    <nd ref='1764' />
    <nd ref='1765' />
    <nd ref='1766' />
    <nd ref='1767' />
    <nd ref='1764' />
    <tag k='landuse' v='farmland' />
    <tag k='name' v='Field 120' />
  </way>
  <way id='241' timestamp='2026-09-02T12:00:00Z' uid='1' user='generator' visible='true' version='1' changeset='1'>
    <nd ref='1768' />
    <nd ref='1769' />
    <nd ref='1770' />
    <nd ref='1771' />
    <nd ref='1768' />
    <tag k='landuse' v='farmland' />
    <tag k='name' v='Field 121' />
  </way>
  <way id='242' timestamp='2026-09-02T12:00:00Z' uid='1' user='generator' visible='true' version='1' changeset='1'>
    <nd ref='1772' />
    <nd ref='1773' />
    <nd ref='1774' />
    <nd ref='1775' />
    <nd ref='1772' />
    <tag k='landuse' v='farmland' />
    <tag k='name' v='Field 122' />
  </way>
  <way id='243' timestamp='2026-09-02T12:00:00Z' uid='1' user='generator' visible='true' version='1' changeset='1'>
    <nd ref='1776' />
    <nd ref='1777' />
    <nd ref='1778' />
    <nd ref='1779' />
    <nd ref='1776' />
    <tag k='landuse' v='farmland' />
    <tag k='name' v='Field 123' />
  </way>
  <way id='244' timestamp='2026-09-02T12:00:00Z' uid='1' user='generator' visible='true' version='1' changeset='1'>
    <nd ref='1780' />
    <nd ref='1781' />
    <nd ref='1782' />
    <nd ref='1783' />
    <nd ref='1780' />
    <tag k='landuse' v='farmland' />
    <tag k='name' v='Field 124' />
  </way>
  <way id='245' timestamp='2026-09-02T12:00:00Z' uid='1' user='generator' visible='true' version='1' changeset='1'>
    <nd ref='1784' />
    <nd ref='1785' />
    <nd ref='1786' />
    <nd ref='1787' />
    <nd ref='1784' />
    <tag k='landuse' v='farmland' />
    <tag k='name' v='Field 125' />
  </way>
  <way id='246' timestamp='2026-09-02T12:00:00Z' uid='1' user='generator' visible='true' version='1' changeset='1'>
    <nd ref='1788' />
    <nd ref='1789' />
    <nd ref='1790' />
    <nd ref='1791' />
    <nd ref='1788' />
    <tag k='landuse' v='farmland' />
    <tag k='name' v='Field 126' />
  </way>
  <way id='247' timestamp='2026-09-02T12:00:00Z' uid='1' user='generator' visible='true' version='1' changeset='1'>
    <nd ref='1792' />
    <nd ref='1793' />
    <nd ref='1794' />
    <nd ref='1795' />
    <nd ref='1792' />
    <tag k='landuse' v='farmland' />
    <tag k='name' v='Field 127' />
  </way>
  <way id='248' timestamp='2026-09-02T12:00:00Z' uid='1' user='generator' visible='true' version='1' changeset='1'>
    <nd ref='1796' />
    <nd ref='1797' />
    <nd ref='1798' />
    <nd ref='1799' />
    <nd ref='1796' />
    <tag k='landuse' v='farmland' />
    <tag k='name' v='Field 128' />
  </way>
  <way id='249' timestamp='2026-09-02T12:00:00Z' uid='1' user='generator' visible='true' version='1' changeset='1'>
    <nd ref='1800' />
    <nd ref='1801' />
    <nd ref='1802' />
    <nd ref='1803' />
    <nd ref='1800' />
    <tag k='landuse' v='farmland' />
    <tag k='name' v='Field 129' />
  </way>
  <way id='250' timestamp='2026-09-02T12:00:00Z' uid='1' user='generator' visible='true' version='1' changeset='1'>
    <nd ref='1804' />
    <nd ref='1805' />
    <nd ref='1806' />
    <nd ref='1807' />
    <nd ref='1804' />
    <tag k='landuse' v='farmland' />
    <tag k='name' v='Field 130' />
  </way>
  <way id='251' timestamp='2026-09-02T12:00:00Z' uid='1' user='generator' visible='true' version='1' changeset='1'>
    <nd ref='1808' />
    <nd ref='1809' />
    <nd ref='1810' />
    <nd ref='1811' />
    <nd ref='1808' />
    <tag k='landuse' v='farmland' />
    <tag k='name' v='Field 131' />
  </way>
  <way id='252' timestamp='2026-09-02T12:00:00Z' uid='1' user='generator' visible='true' version='1' changeset='1'>
    <nd ref='1812' />
    <nd ref='1813' />
    <nd ref='1814' />
    <nd ref='1815' />
    <nd ref='1812' />
    <tag k='landuse' v='farmland' />
    <tag k='name' v='Field 132' />
  </way>
  <way id='253' timestamp='2026-09-02T12:00:00Z' uid='1' user='generator' visible='true' version='1' changeset='1'>
    <nd ref='1816' />
    <nd ref='1817' />
    <nd ref='1818' />
    <nd ref='1819' />
    <nd ref='1816' />
    <tag k='landuse' v='farmland' />
    <tag k='name' v='Field 133' />
  </way>
  <way id='254' timestamp='2026-09-02T12:00:00Z' uid='1' user='generator' visible='true' version='1' changeset='1'>
    <nd ref='1820' />
    <nd ref='1821' />
    <nd ref='1822' />
    <nd ref='1823' />
    <nd ref='1820' />
    <tag k='landuse' v='farmland' />
    <tag k='name' v='Field 134' />
  </way>
  <way id='255' timestamp='2026-09-02T12:00:00Z' uid='1' user='generator' visible='true' version='1' changeset='1'>
    <nd ref='1824' />
    <nd ref='1825' />
    <nd ref='1826' />
    <nd ref='1827' />
    <nd ref='1824' />
    <tag k='landuse' v='farmland' />
    <tag k='name' v='Field 135' />
  </way>
  <way id='256' timestamp='2026-09-02T12:00:00Z' uid='1' user='generator' visible='true' version='1' changeset='1'>
    <nd ref='1828' />
    <nd ref='1829' />
    <nd ref='1830' />
    <nd ref='1831' />
    <nd ref='1828' />
    <tag k='landuse' v='farmland' />
    <tag k='name' v='Field 136' />
  </way>
  <way id='257' timestamp='2026-09-02T12:00:00Z' uid='1' user='generator' visible='true' version='1' changeset='1'>
    <nd ref='1832' />
    <nd ref='1833' />
    <nd ref='1834' />
    <nd ref='1835' />
    <nd ref='1832' />
    <tag k='landuse' v='farmland' />
    <tag k='name' v='Field 137' />
  </way>
  <way id='258' timestamp='2026-09-02T12:00:00Z' uid='1' user='generator' visible='true' version='1' changeset='1'>
    <nd ref='1836' />
    <nd ref='1837' />
    <nd ref='1838' />
    <nd ref='1839' />
    <nd ref='1836' />
    <tag k='landuse' v='farmland' />
    <tag k='name' v='Field 138' />
  </way>
  <way id='259' timestamp='2026-09-02T12:00:00Z' uid='1' user='generator' visible='true' version='1' changeset='1'>
    <nd ref='1840' />
    <nd ref='1841' />
    <nd ref='1842' />
    <nd ref='1843' />
    <nd ref='1840' />
    <tag k='landuse' v='farmland' />
    <tag k='name' v='Field 139' />
  </way>
  <way id='260' timestamp='2026-09-02T12:00:00Z' uid='1' user='generator' visible='true' version='1' changeset='1'>
    <nd ref='1844' />
    <nd ref='1845' />
    <nd ref='1846' />
    <nd ref='1847' />
    <nd ref='1844' />
    <tag k='landuse' v='farmland' />
    <tag k='name' v='Field 140' />
  </way>
  <way id='261' timestamp='2026-09-02T12:00:00Z' uid='1' user='generator' visible='true' version='1' changeset='1'>
    <nd ref='1848' />
    <nd ref='1849' />
    <nd ref='1850' />
    <nd ref='1851' />
    <nd ref='1848' />
    <tag k='landuse' v='farmland' />
    <tag k='name' v='Field 141' />
  </way>
  <way id='262' timestamp='2026-09-02T12:00:00Z' uid='1' user='generator' visible='true' version='1' changeset='1'>
    <nd ref='1852' />
    <nd ref='1853' />
    <nd ref='1854' />
    <nd ref='1855' />
    <nd ref='1852' />
    <tag k='landuse' v='farmland' />
    <tag k='name' v='Field 142' />
  </way>
  <way id='263' timestamp='2026-09-02T12:00:00Z' uid='1' user='generator' visible='true' version='1' changeset='1'>
    <nd ref='1856' />
    <nd ref='1857' />
    <nd ref='1858' />
    <nd ref='1859' />
    <nd ref='1856' />
    <tag k='landuse' v='farmland' />
    <tag k='name' v='Field 143' />
  </way>
  <way id='264' timestamp='2026-09-02T12:00:00Z' uid='1' user='generator' visible='true' version='1' changeset='1'>
    <nd ref='1860' />
    <nd ref='1861' />
    <nd ref='1862' />
    <nd ref='1863' />
    <nd ref='1860' />
    <tag k='landuse' v='farmland' />
    <tag k='name' v='Field 144' />
  </way>
  <way id='265' timestamp='2026-09-02T12:00:00Z' uid='1' user='generator' visible='true' version='1' changeset='1'>
    <nd ref='1864' />
    <nd ref='1865' />
    <nd ref='1866' />
    <nd ref='1867' />
    <nd ref='1864' />
    <tag k='landuse' v='farmland' />
    <tag k='name' v='Field 145' />
  </way>
  <way id='266' timestamp='2026-09-02T12:00:00Z' uid='1' user='generator' visible='true' version='1' changeset='1'>
    <nd ref='1868' />
    <nd ref='1869' />
    <nd ref='1870' />
    <nd ref='1871' />
    <nd ref='1868' />
    <tag k='landuse' v='farmland' />
    <tag k='name' v='Field 146' />
  </way>
  <way id='267' timestamp='2026-09-02T12:00:00Z' uid='1' user='generator' visible='true' version='1' changeset='1'>
    <nd ref='1872' />
    <nd ref='1873' />
    <nd ref='1874' />
    <nd ref='1875' />
    <nd ref='1872' />
    <tag k='landuse' v='farmland' />
    <tag k='name' v='Field 147' />
  </way>
  <way id='268' timestamp='2026-09-02T12:00:00Z' uid='1' user='generator' visible='true' version='1' changeset='1'>
    <nd ref='1876' />
    <nd ref='1877' />
    <nd ref='1878' />
    <nd ref='1879' />
    <nd ref='1876' />
    <tag k='landuse' v='farmland' />
    <tag k='name' v='Field 148' />
  </way>
  <way id='269' timestamp='2026-09-02T12:00:00Z' uid='1' user='generator' visible='true' version='1' changeset='1'>
    <nd ref='1880' />
    <nd ref='1881' />
    <nd ref='1882' />
    <nd ref='1883' />
    <nd ref='1880' />
    <tag k='landuse' v='farmland' />
    <tag k='name' v='Field 149' />
  </way>
  <way id='270' timestamp='2026-09-02T12:00:00Z' uid='1' user='generator' visible='true' version='1' changeset='1'>
    <nd ref='1884' />
    <nd ref='1885' />
    <nd ref='1886' />
    <nd ref='1887' />
    <nd ref='1884' />
    <tag k='landuse' v='farmland' />
    <tag k='name' v='Field 150' />
  </way>
  <way id='271' timestamp='2026-09-02T12:00:00Z' uid='1' user='generator' visible='true' version='1' changeset='1'>
    <nd ref='1888' />
    <nd ref='1889' />
    <nd ref='1890' />
    <nd ref='1891' />
    <nd ref='1888' />
    <tag k='landuse' v='farmland' />
    <tag k='name' v='Field 151' />
  </way>
  <way id='272' timestamp='2026-09-02T12:00:00Z' uid='1' user='generator' visible='true' version='1' changeset='1'>
    <nd ref='1892' />
    <nd ref='1893' />
    <nd ref='1894' />
    <nd ref='1895' />
    <nd ref='1892' />
    <tag k='landuse' v='farmland' />
    <tag k='name' v='Field 152' />
  </way>
  <way id='273' timestamp='2026-09-02T12:00:00Z' uid='1' user='generator' visible='true' version='1' changeset='1'>
    <nd ref='1896' />
    <nd ref='1897' />
    <nd ref='1898' />
    <nd ref='1899' />
    <nd ref='1896' />
    <tag k='landuse' v='farmland' />
    <tag k='name' v='Field 153' />
  </way>
  <way id='274' timestamp='2026-09-02T12:00:00Z' uid='1' user='generator' visible='true' version='1' changeset='1'>
    <nd ref='1900' />
    <nd ref='1901' />
    <nd ref='1902' />
    <nd ref='1903' />
    <nd ref='1900' />
    <tag k='landuse' v='farmland' />
    <tag k='name' v='Field 154' />
  </way>
  <way id='275' timestamp='2026-09-02T12:00:00Z' uid='1' user='generator' visible='true' version='1' changeset='1'>
    <nd ref='1904' />
    <nd ref='1905' />
    <nd ref='1906' />
    <nd ref='1907' />
    <nd ref='1904' />
    <tag k='landuse' v='farmland' />
    <tag k='name' v='Field 155' />
  </way>
  <way id='276' timestamp='2026-09-02T12:00:00Z' uid='1' user='generator' visible='true' version='1' changeset='1'>
    <nd ref='1908' />
    <nd ref='1909' />
    <nd ref='1910' />
    <nd ref='1911' />
    <nd ref='1908' />
    <tag k='landuse' v='farmland' />
    <tag k='name' v='Field 156' />
  </way>
  <way id='277' timestamp='2026-09-02T12:00:00Z' uid='1' user='generator' visible='true' version='1' changeset='1'>
    <nd ref='1912' />
    <nd ref='1913' />
    <nd ref='1914' />
    <nd ref='1915' />
    <nd ref='1912' />
    <tag k='landuse' v='farmland' />
    <tag k='name' v='Field 157' />
  </way>
  <way id='278' timestamp='2026-09-02T12:00:00Z' uid='1' user='generator' visible='true' version='1' changeset='1'>
    <nd ref='1916' />
    <nd ref='1917' />
    <nd ref='1918' />
    <nd ref='1919' />
    <nd ref='1916' />
    <tag k='landuse' v='farmland' />
    <tag k='name' v='Field 158' />
  </way>
  <way id='279' timestamp='2026-09-02T12:00:00Z' uid='1' user='generator' visible='true' version='1' changeset='1'>
    <nd ref='1920' />
    <nd ref='1921' />
    <nd ref='1922' />
    <nd ref='1923' />
    <nd ref='1920' />
    <tag k='landuse' v='farmland' />
    <tag k='name' v='Field 159' />
  </way>
  <way id='280' timestamp='2026-09-02T12:00:00Z' uid='1' user='generator' visible='true' version='1' changeset='1'>
    <nd ref='1924' />
    <nd ref='1925' />
    <nd ref='1926' />
    <nd ref='1927' />
    <nd ref='1924' />
    <tag k='landuse' v='farmland' />
    <tag k='name' v='Field 160' />
  </way>
  <way id='281' timestamp='2026-09-02T12:00:00Z' uid='1' user='generator' visible='true' version='1' changeset='1'>
    <nd ref='1928' />
    <nd ref='1929' />
    <nd ref='1930' />
    <nd ref='1931' />
    <nd ref='1928' />
    <tag k='landuse' v='farmland' />
    <tag k='name' v='Field 161' />
  </way>
  <way id='282' timestamp='2026-09-02T12:00:00Z' uid='1' user='generator' visible='true' version='1' changeset='1'>
    <nd ref='1932' />
    <nd ref='1933' />
    <nd ref='1934' />
    <nd ref='1935' />
    <nd ref='1932' />
    <tag k='landuse' v='farmland' />
    <tag k='name' v='Field 162' />
  </way>
  <way id='283' timestamp='2026-09-02T12:00:00Z' uid='1' user='generator' visible='true' version='1' changeset='1'>
    <nd ref='1936' />
    <nd ref='1937' />
    <nd ref='1938' />
    <nd ref='1939' />
    <nd ref='1936' />
    <tag k='landuse' v='farmland' />
    <tag k='name' v='Field 163' />
  </way>
  <way id='284' timestamp='2026-09-02T12:00:00Z' uid='1' user='generator' visible='true' version='1' changeset='1'>
    <nd ref='1940' />
    <nd ref='1941' />
    <nd ref='1942' />
    <nd ref='1943' />
    <nd ref='1940' />
    <tag k='landuse' v='farmland' />
    <tag k='name' v='Field 164' />
  </way>
  <way id='285' timestamp='2026-09-02T12:00:00Z' uid='1' user='generator' visible='true' version='1' changeset='1'>
    <nd ref='1944' />
    <nd ref='1945' />
    <nd ref='1946' />
    <nd ref='1947' />
    <nd ref='1944' />
    <tag k='landuse' v='farmland' />
    <tag k='name' v='Field 165' />
  </way>
  <way id='286' timestamp='2026-09-02T12:00:00Z' uid='1' user='generator' visible='true' version='1' changeset='1'>
    <nd ref='1948' />
    <nd ref='1949' />
    <nd ref='1950' />
    <nd ref='1951' />
    <nd ref='1948' />
    <tag k='landuse' v='farmland' />
    <tag k='name' v='Field 166' />
  </way>
  <way id='287' timestamp='2026-09-02T12:00:00Z' uid='1' user='generator' visible='true' version='1' changeset='1'>
    <nd ref='1952' />
    <nd ref='1953' />
    <nd ref='1954' />
    <nd ref='1955' />
    <nd ref='1952' />
    <tag k='landuse' v='farmland' />
    <tag k='name' v='Field 167' />
  </way>
  <way id='288' timestamp='2026-09-02T12:00:00Z' uid='1' user='generator' visible='true' version='1' changeset='1'>
    <nd ref='1956' />
    <nd ref='1957' />
    <nd ref='1958' />
    <nd ref='1959' />
    <nd ref='1956' />
    <tag k='landuse' v='farmland' />
    <tag k='name' v='Field 168' />
  </way>
  <way id='289' timestamp='2026-09-02T12:00:00Z' uid='1' user='generator' visible='true' version='1' changeset='1'>
    <nd ref='1960' />
    <nd ref='1961' />
    <nd ref='1962' />
    <nd ref='1963' />
    <nd ref='1960' />
    <tag k='landuse' v='farmland' />
    <tag k='name' v='Field 169' />
  </way>
  <way id='290' timestamp='2026-09-02T12:00:00Z' uid='1' user='generator' visible='true' version='1' changeset='1'>
    <nd ref='1964' />
    <nd ref='1965' />
    <nd ref='1966' />
    <nd ref='1967' />
    <nd ref='1964' />
    <tag k='landuse' v='farmland' />
    <tag k='name' v='Field 170' />
  </way>
  <way id='291' timestamp='2026-09-02T12:00:00Z' uid='1' user='generator' visible='true' version='1' changeset='1'>
    <nd ref='1968' />
    <nd ref='1969' />
    <nd ref='1970' />
    <nd ref='1971' />
    <nd ref='1968' />
    <tag k='landuse' v='farmland' />
    <tag k='name' v='Field 171' />
  </way>
  <way id='292' timestamp='2026-09-02T12:00:00Z' uid='1' user='generator' visible='true' version='1' changeset='1'>
    <nd ref='1972' />
    <nd ref='1973' />
    <nd ref='1974' />
    <nd ref='1975' />
    <nd ref='1972' />
    <tag k='landuse' v='farmland' />
    <tag k='name' v='Field 172' />
  </way>
  <way id='293' timestamp='2026-09-02T12:00:00Z' uid='1' user='generator' visible='true' version='1' changeset='1'>
    <nd ref='1976' />
    <nd ref='1977' />
    <nd ref='1978' />
    <nd ref='1979' />
    <nd ref='1976' />
    <tag k='landuse' v='farmland' />
    <tag k='name' v='Field 173' />
  </way>
  <way id='294' timestamp='2026-09-02T12:00:00Z' uid='1' user='generator' visible='true' version='1' changeset='1'>
    <nd ref='1980' />
    <nd ref='1981' />
    <nd ref='1982' />
    <nd ref='1983' />
    <nd ref='1980' />
    <tag k='landuse' v='farmland' />
    <tag k='name' v='Field 174' />
  </way>
  <way id='295' timestamp='2026-09-02T12:00:00Z' uid='1' user='generator' visible='true' version='1' changeset='1'>
    <nd ref='1984' />
    <nd ref='1985' />
    <nd ref='1986' />
    <nd ref='1987' />
    <nd ref='1984' />
    <tag k='landuse' v='farmland' />
    <tag k='name' v='Field 175' />
  </way>
  <way id='296' timestamp='2026-09-02T12:00:00Z' uid='1' user='generator' visible='true' version='1' changeset='1'>
    <nd ref='1988' />
    <nd ref='1989' />
    <nd ref='1990' />
    <nd ref='1991' />
    <nd ref='1988' />
    <tag k='landuse' v='farmland' />
    <tag k='name' v='Field 176' />
  </way>
  <way id='297' timestamp='2026-09-02T12:00:00Z' uid='1' user='generator' visible='true' version='1' changeset='1'>
    <nd ref='1992' />
    <nd ref='1993' />
    <nd ref='1994' />
    <nd ref='1995' />
    <nd ref='1992' />
    <tag k='landuse' v='farmland' />
    <tag k='name' v='Field 177' />
  </way>
  <way id='298' timestamp='2026-09-02T12:00:00Z' uid='1' user='generator' visible='true' version='1' changeset='1'>
    <nd ref='1996' />
    <nd ref='1997' />
    <nd ref='1998' />
    <nd ref='1999' />
    <nd ref='1996' />
    <tag k='landuse' v='farmland' />
    <tag k='name' v='Field 178' />
  </way>
  <way id='299' timestamp='2026-09-02T12:00:00Z' uid='1' user='generator' visible='true' version='1' changeset='1'>
    <nd ref='2000' />
    <nd ref='2001' />
    <nd ref='2002' />
    <nd ref='2003' />
    <nd ref='2000' />
    <tag k='landuse' v='farmland' />
    <tag k='name' v='Field 179' />
  </way>
  <way id='300' timestamp='2026-09-02T12:00:00Z' uid='1' user='generator' visible='true' version='1' changeset='1'>
    <nd ref='2004' />
    <nd ref='2005' />
    <nd ref='2006' />
    <nd ref='2007' />
    <nd ref='2004' />
    <tag k='landuse' v='farmland' />
    <tag k='name' v='Field 180' />
  </way>
  <way id='301' timestamp='2026-09-02T12:00:00Z' uid='1' user='generator' visible='true' version='1' changeset='1'>
    <nd ref='2008' />
    <nd ref='2009' />
    <nd ref='2010' />
    <nd ref='2011' />
    <nd ref='2008' />
    <tag k='landuse' v='farmland' />
    <tag k='name' v='Field 181' />
  </way>
  <way id='302' timestamp='2026-09-02T12:00:00Z' uid='1' user='generator' visible='true' version='1' changeset='1'>
    <nd ref='2012' />
    <nd ref='2013' />
    <nd ref='2014' />
    <nd ref='2015' />
    <nd ref='2012' />
    <tag k='landuse' v='farmland' />
    <tag k='name' v='Field 182' />
  </way>
  <way id='303' timestamp='2026-09-02T12:00:00Z' uid='1' user='generator' visible='true' version='1' changeset='1'>
    <nd ref='2016' />
    <nd ref='2017' />
    <nd ref='2018' />
    <nd ref='2019' />
    <nd ref='2016' />
    <tag k='landuse' v='farmland' />
    <tag k='name' v='Field 183' />
  </way>
  <way id='304' timestamp='2026-09-02T12:00:00Z' uid='1' user='generator' visible='true' version='1' changeset='1'>
    <nd ref='2020' />
    <nd ref='2021' />
    <nd ref='2022' />
    <nd ref='2023' />
    <nd ref='2020' />
    <tag k='landuse' v='farmland' />
    <tag k='name' v='Field 184' />
  </way>
  <way id='305' timestamp='2026-09-02T12:00:00Z' uid='1' user='generator' visible='true' version='1' changeset='1'>
    <nd ref='2024' />
    <nd ref='2025' />
    <nd ref='2026' />
    <nd ref='2027' />
    <nd ref='2024' />
    <tag k='landuse' v='farmland' />
    <tag k='name' v='Field 185' />
  </way>
  <way id='306' timestamp='2026-09-02T12:00:00Z' uid='1' user='generator' visible='true' version='1' changeset='1'>
    <nd ref='2028' />
    <nd ref='2029' />
    <nd ref='2030' />
    <nd ref='2031' />
    <nd ref='2028' />
    <tag k='landuse' v='farmland' />
    <tag k='name' v='Field 186' />
  </way>
  <way id='307' timestamp='2026-09-02T12:00:00Z' uid='1' user='generator' visible='true' version='1' changeset='1'>
    <nd ref='2032' />
    <nd ref='2033' />
    <nd ref='2034' />
    <nd ref='2035' />
    <nd ref='2032' />
    <tag k='landuse' v='farmland' />
    <tag k='name' v='Field 187' />
  </way>
  <way id='308' timestamp='2026-09-02T12:00:00Z' uid='1' user='generator' visible='true' version='1' changeset='1'>
    <nd ref='2036' />
    <nd ref='2037' />
    <nd ref='2038' />
    <nd ref='2039' />
    <nd ref='2036' />
    <tag k='landuse' v='farmland' />
    <tag k='name' v='Field 188' />
  </way>
  <way id='309' timestamp='2026-09-02T12:00:00Z' uid='1' user='generator' visible='true' version='1' changeset='1'>
    <nd ref='2040' />
    <nd ref='2041' />
    <nd ref='2042' />
    <nd ref='2043' />
    <nd ref='2040' />
    <tag k='landuse' v='farmland' />
    <tag k='name' v='Field 189' />
  </way>
  <way id='310' timestamp='2026-09-02T12:00:00Z' uid='1' user='generator' visible='true' version='1' changeset='1'>
    <nd ref='2044' />
    <nd ref='2045' />
    <nd ref='2046' />
    <nd ref='2047' />
    <nd ref='2044' />
    <tag k='landuse' v='farmland' />
    <tag k='name' v='Field 190' />
  </way>
  <way id='311' timestamp='2026-09-02T12:00:00Z' uid='1' user='generator' visible='true' version='1' changeset='1'>
    <nd ref='2048' />
    <nd ref='2049' />
    <nd ref='2050' />
    <nd ref='2051' />
    <nd ref='2048' />
    <tag k='landuse' v='farmland' />
    <tag k='name' v='Field 191' />
  </way>
  <way id='312' timestamp='2026-09-02T12:00:00Z' uid='1' user='generator' visible='true' version='1' changeset='1'>
    <nd ref='2052' />
    <nd ref='2053' />
    <nd ref='2054' />
    <nd ref='2055' />
    <nd ref='2052' />
    <tag k='landuse' v='farmland' />
    <tag k='name' v='Field 192' />
  </way>
  <way id='313' timestamp='2026-09-02T12:00:00Z' uid='1' user='generator' visible='true' version='1' changeset='1'>
    <nd ref='2056' />
    <nd ref='2057' />
    <tag k='name' v='C&amp;NW Sheldon Subdivision' />
    <tag k='railway' v='rail' />
  </way>
  <way id='314' timestamp='2026-09-02T12:00:00Z' uid='1' user='generator' visible='true' version='1' changeset='1'>
    <nd ref='2057' />
    <nd ref='2058' />
    <tag k='name' v='C&amp;NW Sheldon Subdivision' />
    <tag k='railway' v='rail' />
  </way>
  <way id='315' timestamp='2026-09-02T12:00:00Z' uid='1' user='generator' visible='true' version='1' changeset='1'>
    <nd ref='2058' />
    <nd ref='2059' />
    <tag k='name' v='C&amp;NW Sheldon Subdivision' />
    <tag k='railway' v='rail' />
  </way>
  <way id='316' timestamp='2026-09-02T12:00:00Z' uid='1' user='generator' visible='true' version='1' changeset='1'>
    <nd ref='2059' />
    <nd ref='2060' />
    <tag k='name' v='C&amp;NW Sheldon Subdivision' />
    <tag k='railway' v='rail' />
  </way>
  <way id='317' timestamp='2026-09-02T12:00:00Z' uid='1' user='generator' visible='true' version='1' changeset='1'>
    <nd ref='2060' />
    <nd ref='2061' />
    <tag k='name' v='C&amp;NW Sheldon Subdivision' />
    <tag k='railway' v='rail' />
  </way>
  <way id='318' timestamp='2026-09-02T12:00:00Z' uid='1' user='generator' visible='true' version='1' changeset='1'>
    <nd ref='2061' />
    <nd ref='2062' />
    <tag k='name' v='C&amp;NW Sheldon Subdivision' />
    <tag k='railway' v='rail' />
  </way>
  <way id='319' timestamp='2026-09-02T12:00:00Z' uid='1' user='generator' visible='true' version='1' changeset='1'>
    <nd ref='2062' />
    <nd ref='2063' />
    <tag k='bridge' v='yes' />
    <tag k='layer' v='1' />
    <tag k='name' v='C&amp;NW Sheldon Subdivision' />
    <tag k='railway' v='rail' />
  </way>
  <way id='320' timestamp='2026-09-02T12:00:00Z' uid='1' user='generator' visible='true' version='1' changeset='1'>
    <nd ref='2063' />
    <nd ref='2064' />
    <tag k='name' v='C&amp;NW Sheldon Subdivision' />
    <tag k='railway' v='rail' />
  </way>
  <way id='321' timestamp='2026-09-02T12:00:00Z' uid='1' user='generator' visible='true' version='1' changeset='1'>
    <nd ref='2064' />
    <nd ref='2065' />
    <tag k='name' v='C&amp;NW Sheldon Subdivision' />
    <tag k='railway' v='rail' />
  </way>
  <way id='322' timestamp='2026-09-02T12:00:00Z' uid='1' user='generator' visible='true' version='1' changeset='1'>
    <nd ref='2066' />
    <nd ref='2067' />
    <tag k='highway' v='primary' />
    <tag k='name' v='420th Street' />
    <tag k='ref' v='B40' />
  </way>
  <way id='323' timestamp='2026-09-02T12:00:00Z' uid='1' user='generator' visible='true' version='1' changeset='1'>
    <nd ref='2067' />
    <nd ref='2068' />
    <tag k='highway' v='primary' />
    <tag k='name' v='420th Street' />
    <tag k='ref' v='B40' />
  </way>
  <way id='324' timestamp='2026-09-02T12:00:00Z' uid='1' user='generator' visible='true' version='1' changeset='1'>
    <nd ref='2068' />
    <nd ref='2069' />
    <tag k='highway' v='primary' />
    <tag k='name' v='420th Street' />
    <tag k='ref' v='B40' />
  </way>
  <way id='325' timestamp='2026-09-02T12:00:00Z' uid='1' user='generator' visible='true' version='1' changeset='1'>
    <nd ref='2069' />
    <nd ref='2070' />
    <tag k='highway' v='primary' />
    <tag k='name' v='420th Street' />
    <tag k='ref' v='B40' />
  </way>
  <way id='326' timestamp='2026-09-02T12:00:00Z' uid='1' user='generator' visible='true' version='1' changeset='1'>
    <nd ref='2070' />
    <nd ref='2071' />
    <tag k='highway' v='primary' />
    <tag k='name' v='420th Street' />
    <tag k='ref' v='B40' />
  </way>
  <way id='327' timestamp='2026-09-02T12:00:00Z' uid='1' user='generator' visible='true' version='1' changeset='1'>
    <nd ref='2071' />
    <nd ref='2072' />
    <tag k='bridge' v='yes' />
    <tag k='highway' v='primary' />
    <tag k='layer' v='1' />
    <tag k='name' v='420th Street' />
    <tag k='ref' v='B40' />
  </way>
  <way id='328' timestamp='2026-09-02T12:00:00Z' uid='1' user='generator' visible='true' version='1' changeset='1'>
    <nd ref='2072' />
    <nd ref='2073' />
    <tag k='highway' v='primary' />
    <tag k='name' v='420th Street' />
    <tag k='ref' v='B40' />
  </way>
  <way id='329' timestamp='2026-09-02T12:00:00Z' uid='1' user='generator' visible='true' version='1' changeset='1'>
    <nd ref='2073' />
    <nd ref='2074' />
    <tag k='highway' v='primary' />
    <tag k='name' v='420th Street' />
    <tag k='ref' v='B40' />
  </way>
  <way id='330' timestamp='2026-09-02T12:00:00Z' uid='1' user='generator' visible='true' version='1' changeset='1'>
    <nd ref='2074' />
    <nd ref='2059' />
    <tag k='highway' v='primary' />
    <tag k='name' v='420th Street' />
    <tag k='ref' v='B40' />
  </way>
  <way id='331' timestamp='2026-09-02T12:00:00Z' uid='1' user='generator' visible='true' version='1' changeset='1'>
    <nd ref='2059' />
    <nd ref='2075' />
    <tag k='highway' v='primary' />
    <tag k='name' v='420th Street' />
    <tag k='ref' v='B40' />
  </way>
  <way id='332' timestamp='2026-09-02T12:00:00Z' uid='1' user='generator' visible='true' version='1' changeset='1'>
    <nd ref='2075' />
    <nd ref='2076' />
    <tag k='highway' v='primary' />
    <tag k='name' v='420th Street' />
    <tag k='ref' v='B40' />
  </way>
  <way id='333' timestamp='2026-09-02T12:00:00Z' uid='1' user='generator' visible='true' version='1' changeset='1'>
    <nd ref='2076' />
    <nd ref='2077' />
    <tag k='highway' v='primary' />
    <tag k='name' v='420th Street' />
    <tag k='ref' v='B40' />
  </way>
  <way id='334' timestamp='2026-09-02T12:00:00Z' uid='1' user='generator' visible='true' version='1' changeset='1'>
    <nd ref='2077' />
    <nd ref='2078' />
    <tag k='highway' v='primary' />
    <tag k='name' v='420th Street' />
    <tag k='ref' v='B40' />
  </way>
  <way id='335' timestamp='2026-09-02T12:00:00Z' uid='1' user='generator' visible='true' version='1' changeset='1'>
    <nd ref='2078' />
    <nd ref='2079' />
    <tag k='highway' v='primary' />
    <tag k='name' v='420th Street' />
    <tag k='ref' v='B40' />
  </way>
  <way id='336' timestamp='2026-09-02T12:00:00Z' uid='1' user='generator' visible='true' version='1' changeset='1'>
    <nd ref='2079' />
    <nd ref='2080' />
    <tag k='highway' v='primary' />
    <tag k='name' v='420th Street' />
    <tag k='ref' v='B40' />
  </way>
  <way id='337' timestamp='2026-09-02T12:00:00Z' uid='1' user='generator' visible='true' version='1' changeset='1'>
    <nd ref='2080' />
    <nd ref='2081' />
    <tag k='highway' v='primary' />
    <tag k='name' v='420th Street' />
    <tag k='ref' v='B40' />
  </way>
  <way id='338' timestamp='2026-09-02T12:00:00Z' uid='1' user='generator' visible='true' version='1' changeset='1'>
    <nd ref='2082' />
    <nd ref='2083' />
    <tag k='highway' v='secondary' />
    <tag k='name' v='400th Street' />
  </way>
  <way id='339' timestamp='2026-09-02T12:00:00Z' uid='1' user='generator' visible='true' version='1' changeset='1'>
    <nd ref='2083' />
    <nd ref='2084' />
    <tag k='highway' v='secondary' />
    <tag k='name' v='400th Street' />
  </way>
  <way id='340' timestamp='2026-09-02T12:00:00Z' uid='1' user='generator' visible='true' version='1' changeset='1'>
    <nd ref='2084' />
    <nd ref='2085' />
    <tag k='highway' v='secondary' />
    <tag k='name' v='400th Street' />
  </way>
  <way id='341' timestamp='2026-09-02T12:00:00Z' uid='1' user='generator' visible='true' version='1' changeset='1'>
    <nd ref='2085' />
    <nd ref='2057' />
    <tag k='highway' v='secondary' />
    <tag k='name' v='400th Street' />
  </way>
  <way id='342' timestamp='2026-09-02T12:00:00Z' uid='1' user='generator' visible='true' version='1' changeset='1'>
    <nd ref='2057' />
    <nd ref='2086' />
    <tag k='highway' v='secondary' />
    <tag k='name' v='400th Street' />
  </way>
  <way id='343' timestamp='2026-09-02T12:00:00Z' uid='1' user='generator' visible='true' version='1' changeset='1'>
    <nd ref='2086' />
    <nd ref='2087' />
    <tag k='highway' v='secondary' />
    <tag k='name' v='400th Street' />
  </way>
  <way id='344' timestamp='2026-09-02T12:00:00Z' uid='1' user='generator' visible='true' version='1' changeset='1'>
    <nd ref='2087' />
    <nd ref='2088' />
    <tag k='highway' v='secondary' />
    <tag k='name' v='400th Street' />
  </way>
  <way id='345' timestamp='2026-09-02T12:00:00Z' uid='1' user='generator' visible='true' version='1' changeset='1'>
    <nd ref='2088' />
    <nd ref='2089' />
    <tag k='highway' v='secondary' />
    <tag k='name' v='400th Street' />
  </way>
  <way id='346' timestamp='2026-09-02T12:00:00Z' uid='1' user='generator' visible='true' version='1' changeset='1'>
    <nd ref='2090' />
    <nd ref='2091' />
    <tag k='highway' v='secondary' />
    <tag k='name' v='410th Street' />
  </way>
  <way id='347' timestamp='2026-09-02T12:00:00Z' uid='1' user='generator' visible='true' version='1' changeset='1'>
    <nd ref='2091' />
    <nd ref='2092' />
    <tag k='highway' v='secondary' />
    <tag k='name' v='410th Street' />
  </way>
  <way id='348' timestamp='2026-09-02T12:00:00Z' uid='1' user='generator' visible='true' version='1' changeset='1'>
    <nd ref='2092' />
    <nd ref='2093' />
    <tag k='highway' v='secondary' />
    <tag k='name' v='410th Street' />
  </way>
  <way id='349' timestamp='2026-09-02T12:00:00Z' uid='1' user='generator' visible='true' version='1' changeset='1'>
    <nd ref='2093' />
    <nd ref='2094' />
    <tag k='bridge' v='yes' />
    <tag k='highway' v='secondary' />
    <tag k='layer' v='1' />
    <tag k='name' v='410th Street' />
  </way>
  <way id='350' timestamp='2026-09-02T12:00:00Z' uid='1' user='generator' visible='true' version='1' changeset='1'>
    <nd ref='2094' />
    <nd ref='2095' />
    <tag k='highway' v='secondary' />
    <tag k='name' v='410th Street' />
  </way>
  <way id='351' timestamp='2026-09-02T12:00:00Z' uid='1' user='generator' visible='true' version='1' changeset='1'>
    <nd ref='2095' />
    <nd ref='2058' />
    <tag k='highway' v='secondary' />
    <tag k='name' v='410th Street' />
  </way>
  <way id='352' timestamp='2026-09-02T12:00:00Z' uid='1' user='generator' visible='true' version='1' changeset='1'>
    <nd ref='2058' />
    <nd ref='2096' />
    <tag k='highway' v='secondary' />
    <tag k='name' v='410th Street' />
  </way>
  <way id='353' timestamp='2026-09-02T12:00:00Z' uid='1' user='generator' visible='true' version='1' changeset='1'>
    <nd ref='2096' />
    <nd ref='2097' />
    <tag k='highway' v='secondary' />
    <tag k='name' v='410th Street' />
  </way>
  <way id='354' timestamp='2026-09-02T12:00:00Z' uid='1' user='generator' visible='true' version='1' changeset='1'>
    <nd ref='2097' />
    <nd ref='2098' />
    <tag k='highway' v='secondary' />
    <tag k='name' v='410th Street' />
  </way>
  <way id='355' timestamp='2026-09-02T12:00:00Z' uid='1' user='generator' visible='true' version='1' changeset='1'>
    <nd ref='2098' />
    <nd ref='2099' />
    <tag k='highway' v='secondary' />
    <tag k='name' v='410th Street' />
  </way>
  <way id='356' timestamp='2026-09-02T12:00:00Z' uid='1' user='generator' visible='true' version='1' changeset='1'>
    <nd ref='2099' />
    <nd ref='2100' />
    <tag k='highway' v='secondary' />
    <tag k='name' v='410th Street' />
  </way>
  <way id='357' action='delete' timestamp='2026-09-02T12:00:00Z' uid='1' user='generator' visible='true' version='1' changeset='1'>
    <tag k='highway' v='secondary' />
    <tag k='name' v='430th Street' />
  </way>
  <way id='358' timestamp='2026-09-02T12:00:00Z' uid='1' user='generator' visible='true' version='1' changeset='1'>
    <nd ref='2103' />
    <nd ref='2061' />
    <tag k='highway' v='secondary' />
    <tag k='name' v='430th Street' />
  </way>
  <way id='359' timestamp='2026-09-02T12:00:00Z' uid='1' user='generator' visible='true' version='1' changeset='1'>
    <nd ref='2061' />
    <nd ref='2104' />
    <tag k='highway' v='secondary' />
    <tag k='name' v='430th Street' />
  </way>
  <way id='360' timestamp='2026-09-02T12:00:00Z' uid='1' user='generator' visible='true' version='1' changeset='1'>
    <nd ref='2104' />
    <nd ref='2105' />
    <tag k='highway' v='secondary' />
    <tag k='name' v='430th Street' />
  </way>
  <way id='361' timestamp='2026-09-02T12:00:00Z' uid='1' user='generator' visible='true' version='1' changeset='1'>
    <nd ref='2105' />
    <nd ref='2106' />
    <tag k='highway' v='secondary' />
    <tag k='name' v='430th Street' />
  </way>
  <way id='362' timestamp='2026-09-02T12:00:00Z' uid='1' user='generator' visible='true' version='1' changeset='1'>
    <nd ref='2106' />
    <nd ref='2107' />
    <tag k='highway' v='secondary' />
    <tag k='name' v='430th Street' />
  </way>
  <way id='363' timestamp='2026-09-02T12:00:00Z' uid='1' user='generator' visible='true' version='1' changeset='1'>
    <nd ref='2107' />
    <nd ref='2108' />
    <tag k='highway' v='secondary' />
    <tag k='name' v='430th Street' />
  </way>
  <way id='364' timestamp='2026-09-02T12:00:00Z' uid='1' user='generator' visible='true' version='1' changeset='1'>
    <nd ref='2108' />
    <nd ref='2109' />
    <tag k='highway' v='secondary' />
    <tag k='name' v='430th Street' />
  </way>
  <way id='365' timestamp='2026-09-02T12:00:00Z' uid='1' user='generator' visible='true' version='1' changeset='1'>
    <nd ref='2110' />
    <nd ref='2111' />
    <tag k='highway' v='secondary' />
    <tag k='name' v='440th Street' />
  </way>
  <way id='366' timestamp='2026-09-02T12:00:00Z' uid='1' user='generator' visible='true' version='1' changeset='1'>
    <nd ref='2111' />
    <nd ref='2112' />
    <tag k='highway' v='secondary' />
    <tag k='name' v='440th Street' />
  </way>
  <way id='367' timestamp='2026-09-02T12:00:00Z' uid='1' user='generator' visible='true' version='1' changeset='1'>
    <nd ref='2112' />
    <nd ref='2064' />
    <tag k='highway' v='secondary' />
    <tag k='name' v='440th Street' />
  </way>
  <way id='368' timestamp='2026-09-02T12:00:00Z' uid='1' user='generator' visible='true' version='1' changeset='1'>
    <nd ref='2064' />
    <nd ref='2113' />
    <tag k='highway' v='secondary' />
    <tag k='name' v='440th Street' />
  </way>
  <way id='369' timestamp='2026-09-02T12:00:00Z' uid='1' user='generator' visible='true' version='1' changeset='1'>
    <nd ref='2113' />
    <nd ref='2114' />
    <tag k='highway' v='secondary' />
    <tag k='name' v='440th Street' />
  </way>
  <way id='370' timestamp='2026-09-02T12:00:00Z' uid='1' user='generator' visible='true' version='1' changeset='1'>
    <nd ref='2114' />
    <nd ref='2115' />
    <tag k='bridge' v='yes' />
    <tag k='highway' v='secondary' />
    <tag k='layer' v='1' />
    <tag k='name' v='440th Street' />
  </way>
  <way id='371' timestamp='2026-09-02T12:00:00Z' uid='1' user='generator' visible='true' version='1' changeset='1'>
    <nd ref='2115' />
    <nd ref='2116' />
    <tag k='highway' v='secondary' />
    <tag k='name' v='440th Street' />
  </way>
  <way id='372' timestamp='2026-09-02T12:00:00Z' uid='1' user='generator' visible='true' version='1' changeset='1'>
    <nd ref='2116' />
    <nd ref='2117' />
    <tag k='highway' v='secondary' />
    <tag k='name' v='440th Street' />
  </way>
  <way id='373' timestamp='2026-09-02T12:00:00Z' uid='1' user='generator' visible='true' version='1' changeset='1'>
    <nd ref='2117' />
    <nd ref='2118' />
    <tag k='highway' v='secondary' />
    <tag k='name' v='440th Street' />
  </way>
  <way id='374' timestamp='2026-09-02T12:00:00Z' uid='1' user='generator' visible='true' version='1' changeset='1'>
    <nd ref='2119' />
    <nd ref='2083' />
    <tag k='highway' v='secondary' />
    <tag k='name' v='250th Avenue' />
  </way>
  <way id='375' timestamp='2026-09-02T12:00:00Z' uid='1' user='generator' visible='true' version='1' changeset='1'>
    <nd ref='2083' />
    <nd ref='2091' />
    <tag k='highway' v='secondary' />
    <tag k='name' v='250th Avenue' />
  </way>
  <way id='376' timestamp='2026-09-02T12:00:00Z' uid='1' user='generator' visible='true' version='1' changeset='1'>
    <nd ref='2091' />
    <nd ref='2068' />
    <tag k='highway' v='secondary' />
    <tag k='name' v='250th Avenue' />
  </way>
  <way id='377' timestamp='2026-09-02T12:00:00Z' uid='1' user='generator' visible='true' version='1' changeset='1'>
    <nd ref='2068' />
    <nd ref='2120' />
    <tag k='highway' v='secondary' />
    <tag k='name' v='250th Avenue' />
  </way>
  <way id='378' timestamp='2026-09-02T12:00:00Z' uid='1' user='generator' visible='true' version='1' changeset='1'>
    <nd ref='2120' />
    <nd ref='2121' />
    <tag k='highway' v='secondary' />
    <tag k='name' v='250th Avenue' />
  </way>
  <way id='379' timestamp='2026-09-02T12:00:00Z' uid='1' user='generator' visible='true' version='1' changeset='1'>
    <nd ref='2121' />
    <nd ref='2122' />
    <tag k='bridge' v='yes' />
    <tag k='highway' v='secondary' />
    <tag k='layer' v='1' />
    <tag k='name' v='250th Avenue' />
  </way>
  <way id='380' timestamp='2026-09-02T12:00:00Z' uid='1' user='generator' visible='true' version='1' changeset='1'>
    <nd ref='2122' />
    <nd ref='2111' />
    <tag k='highway' v='secondary' />
    <tag k='name' v='250th Avenue' />
  </way>
  <way id='381' timestamp='2026-09-02T12:00:00Z' uid='1' user='generator' visible='true' version='1' changeset='1'>
    <nd ref='2111' />
    <nd ref='2123' />
    <tag k='highway' v='secondary' />
    <tag k='name' v='250th Avenue' />
  </way>
  <way id='382' timestamp='2026-09-02T12:00:00Z' uid='1' user='generator' visible='true' version='1' changeset='1'>
    <nd ref='2124' />
    <nd ref='2085' />
    <tag k='highway' v='secondary' />
    <tag k='name' v='260th Avenue' />
  </way>
  <way id='383' timestamp='2026-09-02T12:00:00Z' uid='1' user='generator' visible='true' version='1' changeset='1'>
    <nd ref='2085' />
    <nd ref='2092' />
    <tag k='highway' v='secondary' />
    <tag k='name' v='260th Avenue' />
  </way>
  <way id='384' timestamp='2026-09-02T12:00:00Z' uid='1' user='generator' visible='true' version='1' changeset='1'>
    <nd ref='2092' />
    <nd ref='2125' />
    <tag k='highway' v='secondary' />
    <tag k='name' v='260th Avenue' />
  </way>
  <way id='385' timestamp='2026-09-02T12:00:00Z' uid='1' user='generator' visible='true' version='1' changeset='1'>
    <nd ref='2125' />
    <nd ref='2126' />
    <tag k='bridge' v='yes' />
    <tag k='highway' v='secondary' />
    <tag k='layer' v='1' />
    <tag k='name' v='260th Avenue' />
  </way>
  <way id='386' timestamp='2026-09-02T12:00:00Z' uid='1' user='generator' visible='true' version='1' changeset='1'>
    <nd ref='2126' />
    <nd ref='2073' />
    <tag k='highway' v='secondary' />
    <tag k='name' v='260th Avenue' />
  </way>
  <way id='387' timestamp='2026-09-02T12:00:00Z' uid='1' user='generator' visible='true' version='1' changeset='1'>
    <nd ref='2073' />
    <nd ref='2127' />
    <tag k='highway' v='secondary' />
    <tag k='name' v='260th Avenue' />
  </way>
  <way id='388' timestamp='2026-09-02T12:00:00Z' uid='1' user='generator' visible='true' version='1' changeset='1'>
    <nd ref='2128' />
    <nd ref='2112' />
    <tag k='highway' v='secondary' />
    <tag k='name' v='260th Avenue' />
  </way>
  <way id='389' timestamp='2026-09-02T12:00:00Z' uid='1' user='generator' visible='true' version='1' changeset='1'>
    <nd ref='2112' />
    <nd ref='2129' />
    <tag k='highway' v='secondary' />
    <tag k='name' v='260th Avenue' />
  </way>
  <way id='390' timestamp='2026-09-02T12:00:00Z' uid='1' user='generator' visible='true' version='1' changeset='1'>
    <nd ref='2130' />
    <nd ref='2086' />
    <tag k='highway' v='secondary' />
    <tag k='name' v='270th Avenue' />
  </way>
  <way id='391' timestamp='2026-09-02T12:00:00Z' uid='1' user='generator' visible='true' version='1' changeset='1'>
    <nd ref='2086' />
    <nd ref='2096' />
    <tag k='highway' v='secondary' />
    <tag k='name' v='270th Avenue' />
  </way>
  <way id='392' timestamp='2026-09-02T12:00:00Z' uid='1' user='generator' visible='true' version='1' changeset='1'>
    <nd ref='2096' />
    <nd ref='2075' />
    <tag k='highway' v='secondary' />
    <tag k='name' v='270th Avenue' />
  </way>
  <way id='393' timestamp='2026-09-02T12:00:00Z' uid='1' user='generator' visible='true' version='1' changeset='1'>
    <nd ref='2075' />
    <nd ref='2131' />
    <tag k='highway' v='secondary' />
    <tag k='name' v='270th Avenue' />
  </way>
  <way id='394' timestamp='2026-09-02T12:00:00Z' uid='1' user='generator' visible='true' version='1' changeset='1'>
    <nd ref='2131' />
    <nd ref='2104' />
    <tag k='highway' v='secondary' />
    <tag k='name' v='270th Avenue' />
  </way>
  <way id='395' action='delete' timestamp='2026-09-02T12:00:00Z' uid='1' user='generator' visible='true' version='1' changeset='1'>
    <tag k='highway' v='secondary' />
    <tag k='name' v='270th Avenue' />
  </way>
  <way id='396' action='delete' timestamp='2026-09-02T12:00:00Z' uid='1' user='generator' visible='true' version='1' changeset='1'>
    <tag k='highway' v='secondary' />
    <tag k='name' v='270th Avenue' />
  </way>
  <way id='397' timestamp='2026-09-02T12:00:00Z' uid='1' user='generator' visible='true' version='1' changeset='1'>
    <nd ref='2113' />
    <nd ref='2134' />
    <tag k='highway' v='secondary' />
    <tag k='name' v='270th Avenue' />
  </way>
  <way id='398' timestamp='2026-09-02T12:00:00Z' uid='1' user='generator' visible='true' version='1' changeset='1'>
    <nd ref='2135' />
    <nd ref='2087' />
    <tag k='highway' v='secondary' />
    <tag k='name' v='280th Avenue' />
  </way>
  <way id='399' timestamp='2026-09-02T12:00:00Z' uid='1' user='generator' visible='true' version='1' changeset='1'>
    <nd ref='2087' />
    <nd ref='2136' />
    <tag k='highway' v='secondary' />
    <tag k='name' v='280th Avenue' />
  </way>
  <way id='400' timestamp='2026-09-02T12:00:00Z' uid='1' user='generator' visible='true' version='1' changeset='1'>
    <nd ref='2136' />
    <nd ref='2097' />
    <tag k='highway' v='secondary' />
    <tag k='name' v='280th Avenue' />
  </way>
  <way id='401' timestamp='2026-09-02T12:00:00Z' uid='1' user='generator' visible='true' version='1' changeset='1'>
    <nd ref='2097' />
    <nd ref='2077' />
    <tag k='highway' v='secondary' />
    <tag k='name' v='280th Avenue' />
  </way>
  <way id='402' timestamp='2026-09-02T12:00:00Z' uid='1' user='generator' visible='true' version='1' changeset='1'>
    <nd ref='2077' />
    <nd ref='2106' />
    <tag k='highway' v='secondary' />
    <tag k='name' v='280th Avenue' />
  </way>
  <way id='403' timestamp='2026-09-02T12:00:00Z' uid='1' user='generator' visible='true' version='1' changeset='1'>
    <nd ref='2106' />
    <nd ref='2116' />
    <tag k='highway' v='secondary' />
    <tag k='name' v='280th Avenue' />
  </way>
  <way id='404' action='delete' timestamp='2026-09-02T12:00:00Z' uid='1' user='generator' visible='true' version='1' changeset='1'>
    <tag k='highway' v='secondary' />
    <tag k='name' v='280th Avenue' />
  </way>
  <way id='405' timestamp='2026-09-02T12:00:00Z' uid='1' user='generator' visible='true' version='1' changeset='1'>
    <nd ref='2138' />
    <nd ref='2088' />
    <tag k='highway' v='secondary' />
    <tag k='name' v='290th Avenue' />
  </way>
  <way id='406' timestamp='2026-09-02T12:00:00Z' uid='1' user='generator' visible='true' version='1' changeset='1'>
    <nd ref='2088' />
    <nd ref='2099' />
    <tag k='highway' v='secondary' />
    <tag k='name' v='290th Avenue' />
  </way>
  <way id='407' timestamp='2026-09-02T12:00:00Z' uid='1' user='generator' visible='true' version='1' changeset='1'>
    <nd ref='2099' />
    <nd ref='2079' />
    <tag k='highway' v='secondary' />
    <tag k='name' v='290th Avenue' />
  </way>
  <way id='408' timestamp='2026-09-02T12:00:00Z' uid='1' user='generator' visible='true' version='1' changeset='1'>
    <nd ref='2079' />
    <nd ref='2139' />
    <tag k='highway' v='secondary' />
    <tag k='name' v='290th Avenue' />
  </way>
  <way id='409' timestamp='2026-09-02T12:00:00Z' uid='1' user='generator' visible='true' version='1' changeset='1'>
    <nd ref='2139' />
    <nd ref='2108' />
    <tag k='highway' v='secondary' />
    <tag k='name' v='290th Avenue' />
  </way>
  <way id='410' timestamp='2026-09-02T12:00:00Z' uid='1' user='generator' visible='true' version='1' changeset='1'>
    <nd ref='2108' />
    <nd ref='2117' />
    <tag k='highway' v='secondary' />
    <tag k='name' v='290th Avenue' />
  </way>
  <way id='411' timestamp='2026-09-02T12:00:00Z' uid='1' user='generator' visible='true' version='1' changeset='1'>
    <nd ref='2117' />
    <nd ref='2140' />
    <tag k='highway' v='secondary' />
    <tag k='name' v='290th Avenue' />
  </way>
  <way id='412' timestamp='2026-09-02T12:00:00Z' uid='1' user='generator' visible='true' version='1' changeset='1'>
    <nd ref='2141' />
    <nd ref='2095' />
    <tag k='highway' v='tertiary' />
    <tag k='name' v='Bergman Farms (main) lane' />
  </way>
  <way id='413' timestamp='2026-09-02T12:00:00Z' uid='1' user='generator' visible='true' version='1' changeset='1'>
    <nd ref='2136' />
    <nd ref='2142' />
    <tag k='highway' v='tertiary' />
    <tag k='name' v='Nordstrom Dairy (cows) lane' />
  </way>
  <way id='414' timestamp='2026-09-02T12:00:00Z' uid='1' user='generator' visible='true' version='1' changeset='1'>
    <nd ref='2084' />
    <nd ref='2143' />
    <tag k='highway' v='tertiary' />
    <tag k='name' v='Kleinsasser (pigs) lane' />
  </way>
  <way id='415' timestamp='2026-09-02T12:00:00Z' uid='1' user='generator' visible='true' version='1' changeset='1'>
    <nd ref='2098' />
    <nd ref='2144' />
    <tag k='highway' v='tertiary' />
    <tag k='name' v='Prairie Gold (chickens) lane' />
  </way>
  <way id='416' timestamp='2026-09-02T12:00:00Z' uid='1' user='generator' visible='true' version='1' changeset='1'>
    <nd ref='2070' />
    <nd ref='2145' />
    <tag k='highway' v='tertiary' />
    <tag k='name' v='Vanden Berg (sheep) lane' />
  </way>
  <way id='417' timestamp='2026-09-02T12:00:00Z' uid='1' user='generator' visible='true' version='1' changeset='1'>
    <nd ref='2146' />
    <nd ref='2105' />
    <tag k='highway' v='tertiary' />
    <tag k='name' v='Sundance Stables (horses) lane' />
  </way>
  <way id='418' timestamp='2026-09-02T12:00:00Z' uid='1' user='generator' visible='true' version='1' changeset='1'>
    <nd ref='2107' />
    <nd ref='2147' />
    <tag k='highway' v='tertiary' />
    <tag k='name' v='Ockenga Farms (mixed) lane' />
  </way>
  <way id='419' timestamp='2026-09-02T12:00:00Z' uid='1' user='generator' visible='true' version='1' changeset='1'>
    <nd ref='2148' />
    <nd ref='2067' />
    <tag k='highway' v='tertiary' />
    <tag k='name' v='Elm Street' />
  </way>
  <way id='420' timestamp='2026-09-02T12:00:00Z' uid='1' user='generator' visible='true' version='1' changeset='1'>
    <nd ref='2067' />
    <nd ref='2149' />
    <tag k='highway' v='tertiary' />
    <tag k='name' v='Elm Street' />
  </way>
  <way id='421' timestamp='2026-09-02T12:00:00Z' uid='1' user='generator' visible='true' version='1' changeset='1'>
    <nd ref='2149' />
    <nd ref='2150' />
    <tag k='highway' v='tertiary' />
    <tag k='name' v='Elm Street' />
  </way>
  <way id='422' timestamp='2026-09-02T12:00:00Z' uid='1' user='generator' visible='true' version='1' changeset='1'>
    <nd ref='2151' />
    <nd ref='2069' />
    <tag k='highway' v='tertiary' />
    <tag k='name' v='Church Street' />
  </way>
  <way id='423' timestamp='2026-09-02T12:00:00Z' uid='1' user='generator' visible='true' version='1' changeset='1'>
    <nd ref='2069' />
    <nd ref='2152' />
    <tag k='highway' v='tertiary' />
    <tag k='name' v='Church Street' />
  </way>
  <way id='424' timestamp='2026-09-02T12:00:00Z' uid='1' user='generator' visible='true' version='1' changeset='1'>
    <nd ref='2152' />
    <nd ref='2153' />
    <tag k='highway' v='tertiary' />
    <tag k='name' v='Church Street' />
  </way>
  <way id='425' timestamp='2026-09-02T12:00:00Z' uid='1' user='generator' visible='true' version='1' changeset='1'>
    <nd ref='2154' />
    <nd ref='2149' />
    <tag k='highway' v='tertiary' />
    <tag k='name' v='Depot Street' />
  </way>
  <way id='426' timestamp='2026-09-02T12:00:00Z' uid='1' user='generator' visible='true' version='1' changeset='1'>
    <nd ref='2149' />
    <nd ref='2120' />
    <tag k='highway' v='tertiary' />
    <tag k='name' v='Depot Street' />
  </way>
  <way id='427' timestamp='2026-09-02T12:00:00Z' uid='1' user='generator' visible='true' version='1' changeset='1'>
    <nd ref='2120' />
    <nd ref='2152' />
    <tag k='highway' v='tertiary' />
    <tag k='name' v='Depot Street' />
  </way>
  <way id='428' timestamp='2026-09-02T12:00:00Z' uid='1' user='generator' visible='true' version='1' changeset='1'>
    <nd ref='2152' />
    <nd ref='2155' />
    <tag k='highway' v='tertiary' />
    <tag k='name' v='Depot Street' />
  </way>
  <way id='429' timestamp='2026-09-02T12:00:00Z' uid='1' user='generator' visible='true' version='1' changeset='1'>
    <nd ref='2156' />
    <nd ref='2074' />
    <tag k='highway' v='tertiary' />
    <tag k='name' v='Elm Street' />
  </way>
  <way id='430' timestamp='2026-09-02T12:00:00Z' uid='1' user='generator' visible='true' version='1' changeset='1'>
    <nd ref='2074' />
    <nd ref='2157' />
    <tag k='highway' v='tertiary' />
    <tag k='name' v='Elm Street' />
  </way>
  <way id='431' timestamp='2026-09-02T12:00:00Z' uid='1' user='generator' visible='true' version='1' changeset='1'>
    <nd ref='2157' />
    <nd ref='2158' />
    <tag k='highway' v='tertiary' />
    <tag k='name' v='Elm Street' />
  </way>
  <way id='432' timestamp='2026-09-02T12:00:00Z' uid='1' user='generator' visible='true' version='1' changeset='1'>
    <nd ref='2159' />
    <nd ref='2076' />
    <tag k='highway' v='tertiary' />
    <tag k='name' v='Church Street' />
  </way>
  <way id='433' timestamp='2026-09-02T12:00:00Z' uid='1' user='generator' visible='true' version='1' changeset='1'>
    <nd ref='2076' />
    <nd ref='2160' />
    <tag k='highway' v='tertiary' />
    <tag k='name' v='Church Street' />
  </way>
  <way id='434' timestamp='2026-09-02T12:00:00Z' uid='1' user='generator' visible='true' version='1' changeset='1'>
    <nd ref='2160' />
    <nd ref='2161' />
    <tag k='highway' v='tertiary' />
    <tag k='name' v='Church Street' />
  </way>
  <way id='435' timestamp='2026-09-02T12:00:00Z' uid='1' user='generator' visible='true' version='1' changeset='1'>
    <nd ref='2162' />
    <nd ref='2157' />
    <tag k='highway' v='tertiary' />
    <tag k='name' v='Depot Street' />
  </way>
  <way id='436' timestamp='2026-09-02T12:00:00Z' uid='1' user='generator' visible='true' version='1' changeset='1'>
    <nd ref='2157' />
    <nd ref='2060' />
    <tag k='highway' v='tertiary' />
    <tag k='name' v='Depot Street' />
  </way>
  <way id='437' timestamp='2026-09-02T12:00:00Z' uid='1' user='generator' visible='true' version='1' changeset='1'>
    <nd ref='2060' />
    <nd ref='2131' />
    <tag k='highway' v='tertiary' />
    <tag k='name' v='Depot Street' />
  </way>
  <way id='438' timestamp='2026-09-02T12:00:00Z' uid='1' user='generator' visible='true' version='1' changeset='1'>
    <nd ref='2131' />
    <nd ref='2160' />
    <tag k='highway' v='tertiary' />
    <tag k='name' v='Depot Street' />
  </way>
  <way id='439' timestamp='2026-09-02T12:00:00Z' uid='1' user='generator' visible='true' version='1' changeset='1'>
    <nd ref='2160' />
    <nd ref='2163' />
    <tag k='highway' v='tertiary' />
    <tag k='name' v='Depot Street' />
  </way>
  <way id='440' timestamp='2026-09-02T12:00:00Z' uid='1' user='generator' visible='true' version='1' changeset='1'>
    <nd ref='2164' />
    <nd ref='2078' />
    <tag k='highway' v='tertiary' />
    <tag k='name' v='Elm Street' />
  </way>
  <way id='441' timestamp='2026-09-02T12:00:00Z' uid='1' user='generator' visible='true' version='1' changeset='1'>
    <nd ref='2078' />
    <nd ref='2165' />
    <tag k='highway' v='tertiary' />
    <tag k='name' v='Elm Street' />
  </way>
  <way id='442' timestamp='2026-09-02T12:00:00Z' uid='1' user='generator' visible='true' version='1' changeset='1'>
    <nd ref='2165' />
    <nd ref='2166' />
    <tag k='highway' v='tertiary' />
    <tag k='name' v='Elm Street' />
  </way>
  <way id='443' timestamp='2026-09-02T12:00:00Z' uid='1' user='generator' visible='true' version='1' changeset='1'>
    <nd ref='2167' />
    <nd ref='2080' />
    <tag k='highway' v='tertiary' />
    <tag k='name' v='Church Street' />
  </way>
  <way id='444' timestamp='2026-09-02T12:00:00Z' uid='1' user='generator' visible='true' version='1' changeset='1'>
    <nd ref='2080' />
    <nd ref='2168' />
    <tag k='highway' v='tertiary' />
    <tag k='name' v='Church Street' />
  </way>
  <way id='445' timestamp='2026-09-02T12:00:00Z' uid='1' user='generator' visible='true' version='1' changeset='1'>
    <nd ref='2168' />
    <nd ref='2169' />
    <tag k='highway' v='tertiary' />
    <tag k='name' v='Church Street' />
  </way>
  <way id='446' timestamp='2026-09-02T12:00:00Z' uid='1' user='generator' visible='true' version='1' changeset='1'>
    <nd ref='2170' />
    <nd ref='2165' />
    <tag k='highway' v='tertiary' />
    <tag k='name' v='Depot Street' />
  </way>
  <way id='447' timestamp='2026-09-02T12:00:00Z' uid='1' user='generator' visible='true' version='1' changeset='1'>
    <nd ref='2165' />
    <nd ref='2139' />
    <tag k='highway' v='tertiary' />
    <tag k='name' v='Depot Street' />
  </way>
  <way id='448' timestamp='2026-09-02T12:00:00Z' uid='1' user='generator' visible='true' version='1' changeset='1'>
    <nd ref='2139' />
    <nd ref='2168' />
    <tag k='highway' v='tertiary' />
    <tag k='name' v='Depot Street' />
  </way>
  <way id='449' timestamp='2026-09-02T12:00:00Z' uid='1' user='generator' visible='true' version='1' changeset='1'>
    <nd ref='2168' />
    <nd ref='2171' />
    <tag k='highway' v='tertiary' />
    <tag k='name' v='Depot Street' />
  </way>
</osm>
