<?xml version="1.0" encoding="utf-8"?>
<osm version="0.6" generator="FS25 map pipeline">
  <!--
       Playable area: 8192 x 8192 m, centre 49.1000, 31.3000
       (Cherkasy oblast forest-steppe - deep chernozem, the highest-yielding
       arable belt in Ukraine).
       Local coordinates are playable metres, x east, y south from the north
       edge, so the centre of the map is (4096, 4096).
       Built from map_layout.py, seed 2026; the DEM generator reads the
       same layout, so terrain and vectors agree.
  -->
  <bounds minlat="49.0631359631" minlon="31.2436967483" maxlat="49.1368640369" maxlon="31.3563032517"/>
  <node id="1" lat="49.0838525169" lon="31.2125180941" version="1" timestamp="2026-09-01T12:00:00Z" changeset="1" uid="1" user="generator"/>
  <node id="2" lat="49.0846336276" lon="31.2145979329" version="1" timestamp="2026-09-01T12:00:00Z" changeset="1" uid="1" user="generator"/>
  <node id="3" lat="49.0852093312" lon="31.2164495758" version="1" timestamp="2026-09-01T12:00:00Z" changeset="1" uid="1" user="generator"/>
  <node id="4" lat="49.0854912745" lon="31.2177327017" version="1" timestamp="2026-09-01T12:00:00Z" changeset="1" uid="1" user="generator"/>
  <node id="5" lat="49.0855565516" lon="31.2187224072" version="1" timestamp="2026-09-01T12:00:00Z" changeset="1" uid="1" user="generator"/>
  <node id="6" lat="49.0854099684" lon="31.2200451213" version="1" timestamp="2026-09-01T12:00:00Z" changeset="1" uid="1" user="generator"/>
  <node id="7" lat="49.0848055008" lon="31.2226268233" version="1" timestamp="2026-09-01T12:00:00Z" changeset="1" uid="1" user="generator"/>
  <node id="8" lat="49.0846117846" lon="31.2236264260" version="1" timestamp="2026-09-01T12:00:00Z" changeset="1" uid="1" user="generator"/>
  <node id="9" lat="49.0837875998" lon="31.2293272952" version="1" timestamp="2026-09-01T12:00:00Z" changeset="1" uid="1" user="generator"/>
  <node id="10" lat="49.0835722836" lon="31.2302917770" version="1" timestamp="2026-09-01T12:00:00Z" changeset="1" uid="1" user="generator"/>
  <node id="11" lat="49.0828887149" lon="31.2328403377" version="1" timestamp="2026-09-01T12:00:00Z" changeset="1" uid="1" user="generator"/>
  <node id="12" lat="49.0826564427" lon="31.2341931827" version="1" timestamp="2026-09-01T12:00:00Z" changeset="1" uid="1" user="generator"/>
  <node id="13" lat="49.0826202986" lon="31.2348988566" version="1" timestamp="2026-09-01T12:00:00Z" changeset="1" uid="1" user="generator"/>
  <node id="14" lat="49.0827118647" lon="31.2359497452" version="1" timestamp="2026-09-01T12:00:00Z" changeset="1" uid="1" user="generator"/>
  <node id="15" lat="49.0833862984" lon="31.2388747376" version="1" timestamp="2026-09-01T12:00:00Z" changeset="1" uid="1" user="generator"/>
  <node id="16" lat="49.0835361395" lon="31.2398551510" version="1" timestamp="2026-09-01T12:00:00Z" changeset="1" uid="1" user="generator"/>
  <node id="17" lat="49.0835513856" lon="31.2412032537" version="1" timestamp="2026-09-01T12:00:00Z" changeset="1" uid="1" user="generator"/>
  <node id="18" lat="49.0834274104" lon="31.2428923375" version="1" timestamp="2026-09-01T12:00:00Z" changeset="1" uid="1" user="generator"/>
  <node id="19" lat="49.0832207252" lon="31.2442130309" version="1" timestamp="2026-09-01T12:00:00Z" changeset="1" uid="1" user="generator"/>
  <node id="20" lat="49.0829961120" lon="31.2451699800" version="1" timestamp="2026-09-01T12:00:00Z" changeset="1" uid="1" user="generator"/>
  <node id="21" lat="49.0827049437" lon="31.2460797119" version="1" timestamp="2026-09-01T12:00:00Z" changeset="1" uid="1" user="generator"/>
  <node id="22" lat="49.0823279873" lon="31.2469078206" version="1" timestamp="2026-09-01T12:00:00Z" changeset="1" uid="1" user="generator"/>
  <node id="23" lat="49.0817237267" lon="31.2479023097" version="1" timestamp="2026-09-01T12:00:00Z" changeset="1" uid="1" user="generator"/>
  <node id="24" lat="49.0800449820" lon="31.2501870176" version="1" timestamp="2026-09-01T12:00:00Z" changeset="1" uid="1" user="generator"/>
  <node id="25" lat="49.0775776656" lon="31.2537101634" version="1" timestamp="2026-09-01T12:00:00Z" changeset="1" uid="1" user="generator"/>
  <node id="26" lat="49.0769460719" lon="31.2547060271" version="1" timestamp="2026-09-01T12:00:00Z" changeset="1" uid="1" user="generator"/>
  <node id="27" lat="49.0762640333" lon="31.2561040962" version="1" timestamp="2026-09-01T12:00:00Z" changeset="1" uid="1" user="generator"/>
  <node id="28" lat="49.0759385659" lon="31.2570214709" version="1" timestamp="2026-09-01T12:00:00Z" changeset="1" uid="1" user="generator"/>
  <node id="29" lat="49.0755759556" lon="31.2582954144" version="1" timestamp="2026-09-01T12:00:00Z" changeset="1" uid="1" user="generator"/>
  <node id="30" lat="49.0752414612" lon="31.2599555631" version="1" timestamp="2026-09-01T12:00:00Z" changeset="1" uid="1" user="generator"/>
  <node id="31" lat="49.0750811981" lon="31.2613258105" version="1" timestamp="2026-09-01T12:00:00Z" changeset="1" uid="1" user="generator"/>
  <node id="32" lat="49.0750363960" lon="31.2627189723" version="1" timestamp="2026-09-01T12:00:00Z" changeset="1" uid="1" user="generator"/>
  <node id="33" lat="49.0751144621" lon="31.2641072406" version="1" timestamp="2026-09-01T12:00:00Z" changeset="1" uid="1" user="generator"/>
  <node id="34" lat="49.0753587764" lon="31.2658052180" version="1" timestamp="2026-09-01T12:00:00Z" changeset="1" uid="1" user="generator"/>
  <node id="35" lat="49.0757472617" lon="31.2674385346" version="1" timestamp="2026-09-01T12:00:00Z" changeset="1" uid="1" user="generator"/>
  <node id="36" lat="49.0761651232" lon="31.2686807939" version="1" timestamp="2026-09-01T12:00:00Z" changeset="1" uid="1" user="generator"/>
  <node id="37" lat="49.0767202347" lon="31.2697910923" version="1" timestamp="2026-09-01T12:00:00Z" changeset="1" uid="1" user="generator"/>
  <node id="38" lat="49.0768747199" lon="31.2695876116" version="1" timestamp="2026-09-01T12:00:00Z" changeset="1" uid="1" user="generator"/>
  <node id="39" lat="49.0764591625" lon="31.2687952286" version="1" timestamp="2026-09-01T12:00:00Z" changeset="1" uid="1" user="generator"/>
  <node id="40" lat="49.0762253512" lon="31.2682268901" version="1" timestamp="2026-09-01T12:00:00Z" changeset="1" uid="1" user="generator"/>
  <node id="41" lat="49.0756877357" lon="31.2663661886" version="1" timestamp="2026-09-01T12:00:00Z" changeset="1" uid="1" user="generator"/>
  <node id="42" lat="49.0754383634" lon="31.2650623477" version="1" timestamp="2026-09-01T12:00:00Z" changeset="1" uid="1" user="generator"/>
  <node id="43" lat="49.0752828613" lon="31.2637262727" version="1" timestamp="2026-09-01T12:00:00Z" changeset="1" uid="1" user="generator"/>
  <node id="44" lat="49.0752344772" lon="31.2623741149" version="1" timestamp="2026-09-01T12:00:00Z" changeset="1" uid="1" user="generator"/>
  <node id="45" lat="49.0753071703" lon="31.2610247750" version="1" timestamp="2026-09-01T12:00:00Z" changeset="1" uid="1" user="generator"/>
  <node id="46" lat="49.0754874855" lon="31.2596954767" version="1" timestamp="2026-09-01T12:00:00Z" changeset="1" uid="1" user="generator"/>
  <node id="47" lat="49.0758404928" lon="31.2580844009" version="1" timestamp="2026-09-01T12:00:00Z" changeset="1" uid="1" user="generator"/>
  <node id="48" lat="49.0764307674" lon="31.2562571020" version="1" timestamp="2026-09-01T12:00:00Z" changeset="1" uid="1" user="generator"/>
  <node id="49" lat="49.0768066168" lon="31.2554227939" version="1" timestamp="2026-09-01T12:00:00Z" changeset="1" uid="1" user="generator"/>
  <node id="50" lat="49.0772406062" lon="31.2546499850" version="1" timestamp="2026-09-01T12:00:00Z" changeset="1" uid="1" user="generator"/>
  <node id="51" lat="49.0801734212" lon="31.2503989796" version="1" timestamp="2026-09-01T12:00:00Z" changeset="1" uid="1" user="generator"/>
  <node id="52" lat="49.0816892927" lon="31.2483458491" version="1" timestamp="2026-09-01T12:00:00Z" changeset="1" uid="1" user="generator"/>
  <node id="53" lat="49.0824727885" lon="31.2470859538" version="1" timestamp="2026-09-01T12:00:00Z" changeset="1" uid="1" user="generator"/>
  <node id="54" lat="49.0828652879" lon="31.2462214322" version="1" timestamp="2026-09-01T12:00:00Z" changeset="1" uid="1" user="generator"/>
  <node id="55" lat="49.0831663832" lon="31.2452788064" version="1" timestamp="2026-09-01T12:00:00Z" changeset="1" uid="1" user="generator"/>
  <node id="56" lat="49.0833967114" lon="31.2442945579" version="1" timestamp="2026-09-01T12:00:00Z" changeset="1" uid="1" user="generator"/>
  <node id="57" lat="49.0836075546" lon="31.2429415616" version="1" timestamp="2026-09-01T12:00:00Z" changeset="1" uid="1" user="generator"/>
  <node id="58" lat="49.0837330507" lon="31.2412164086" version="1" timestamp="2026-09-01T12:00:00Z" changeset="1" uid="1" user="generator"/>
  <node id="59" lat="49.0837155007" lon="31.2398183532" version="1" timestamp="2026-09-01T12:00:00Z" changeset="1" uid="1" user="generator"/>
  <node id="60" lat="49.0835583966" lon="31.2387926745" version="1" timestamp="2026-09-01T12:00:00Z" changeset="1" uid="1" user="generator"/>
  <node id="61" lat="49.0828851599" lon="31.2358859642" version="1" timestamp="2026-09-01T12:00:00Z" changeset="1" uid="1" user="generator"/>
  <node id="62" lat="49.0827978778" lon="31.2348971108" version="1" timestamp="2026-09-01T12:00:00Z" changeset="1" uid="1" user="generator"/>
  <node id="63" lat="49.0828316278" lon="31.2342331283" version="1" timestamp="2026-09-01T12:00:00Z" changeset="1" uid="1" user="generator"/>
  <node id="64" lat="49.0830549991" lon="31.2329294799" version="1" timestamp="2026-09-01T12:00:00Z" changeset="1" uid="1" user="generator"/>
  <node id="65" lat="49.0837349497" lon="31.2303878884" version="1" timestamp="2026-09-01T12:00:00Z" changeset="1" uid="1" user="generator"/>
  <node id="66" lat="49.0839546130" lon="31.2294004372" version="1" timestamp="2026-09-01T12:00:00Z" changeset="1" uid="1" user="generator"/>
  <node id="67" lat="49.0847767548" lon="31.2236884750" version="1" timestamp="2026-09-01T12:00:00Z" changeset="1" uid="1" user="generator"/>
  <node id="68" lat="49.0855712756" lon="31.2201135759" version="1" timestamp="2026-09-01T12:00:00Z" changeset="1" uid="1" user="generator"/>
  <node id="69" lat="49.0856738757" lon="31.2194314626" version="1" timestamp="2026-09-01T12:00:00Z" changeset="1" uid="1" user="generator"/>
  <node id="70" lat="49.0857229797" lon="31.2187307785" version="1" timestamp="2026-09-01T12:00:00Z" changeset="1" uid="1" user="generator"/>
  <node id="71" lat="49.0856978157" lon="31.2180223555" version="1" timestamp="2026-09-01T12:00:00Z" changeset="1" uid="1" user="generator"/>
  <node id="72" lat="49.0855931636" lon="31.2173363246" version="1" timestamp="2026-09-01T12:00:00Z" changeset="1" uid="1" user="generator"/>
  <node id="73" lat="49.0851806482" lon="31.2157190769" version="1" timestamp="2026-09-01T12:00:00Z" changeset="1" uid="1" user="generator"/>
  <node id="74" lat="49.0846716077" lon="31.2141770743" version="1" timestamp="2026-09-01T12:00:00Z" changeset="1" uid="1" user="generator"/>
  <node id="75" lat="49.0839904240" lon="31.2123882777" version="1" timestamp="2026-09-01T12:00:00Z" changeset="1" uid="1" user="generator"/>
  <node id="76" lat="49.0767222147" lon="31.2697944876" version="1" timestamp="2026-09-01T12:00:00Z" changeset="1" uid="1" user="generator"/>
  <node id="77" lat="49.0783285723" lon="31.2722116098" version="1" timestamp="2026-09-01T12:00:00Z" changeset="1" uid="1" user="generator"/>
  <node id="78" lat="49.0789313569" lon="31.2732112262" version="1" timestamp="2026-09-01T12:00:00Z" changeset="1" uid="1" user="generator"/>
  <node id="79" lat="49.0805507736" lon="31.2764910968" version="1" timestamp="2026-09-01T12:00:00Z" changeset="1" uid="1" user="generator"/>
  <node id="80" lat="49.0810114930" lon="31.2776548257" version="1" timestamp="2026-09-01T12:00:00Z" changeset="1" uid="1" user="generator"/>
  <node id="81" lat="49.0812990163" lon="31.2785699185" version="1" timestamp="2026-09-01T12:00:00Z" changeset="1" uid="1" user="generator"/>
  <node id="82" lat="49.0815769006" lon="31.2798521508" version="1" timestamp="2026-09-01T12:00:00Z" changeset="1" uid="1" user="generator"/>
  <node id="83" lat="49.0819100989" lon="31.2821883646" version="1" timestamp="2026-09-01T12:00:00Z" changeset="1" uid="1" user="generator"/>
  <node id="84" lat="49.0821494091" lon="31.2849129966" version="1" timestamp="2026-09-01T12:00:00Z" changeset="1" uid="1" user="generator"/>
  <node id="85" lat="49.0823336483" lon="31.2883397285" version="1" timestamp="2026-09-01T12:00:00Z" changeset="1" uid="1" user="generator"/>
  <node id="86" lat="49.0825423765" lon="31.2900345994" version="1" timestamp="2026-09-01T12:00:00Z" changeset="1" uid="1" user="generator"/>
  <node id="87" lat="49.0830202770" lon="31.2923324896" version="1" timestamp="2026-09-01T12:00:00Z" changeset="1" uid="1" user="generator"/>
  <node id="88" lat="49.0840977041" lon="31.2964978168" version="1" timestamp="2026-09-01T12:00:00Z" changeset="1" uid="1" user="generator"/>
  <node id="89" lat="49.0849784270" lon="31.2992776799" version="1" timestamp="2026-09-01T12:00:00Z" changeset="1" uid="1" user="generator"/>
  <node id="90" lat="49.0853061713" lon="31.3005370527" version="1" timestamp="2026-09-01T12:00:00Z" changeset="1" uid="1" user="generator"/>
  <node id="91" lat="49.0856117846" lon="31.3025181272" version="1" timestamp="2026-09-01T12:00:00Z" changeset="1" uid="1" user="generator"/>
  <node id="92" lat="49.0857335097" lon="31.3042056165" version="1" timestamp="2026-09-01T12:00:00Z" changeset="1" uid="1" user="generator"/>
  <node id="93" lat="49.0857032877" lon="31.3062408636" version="1" timestamp="2026-09-01T12:00:00Z" changeset="1" uid="1" user="generator"/>
  <node id="94" lat="49.0855067455" lon="31.3082605640" version="1" timestamp="2026-09-01T12:00:00Z" changeset="1" uid="1" user="generator"/>
  <node id="95" lat="49.0851527302" lon="31.3102250334" version="1" timestamp="2026-09-01T12:00:00Z" changeset="1" uid="1" user="generator"/>
  <node id="96" lat="49.0847172467" lon="31.3117819228" version="1" timestamp="2026-09-01T12:00:00Z" changeset="1" uid="1" user="generator"/>
  <node id="97" lat="49.0842541873" lon="31.3129282630" version="1" timestamp="2026-09-01T12:00:00Z" changeset="1" uid="1" user="generator"/>
  <node id="98" lat="49.0836974827" lon="31.3139869319" version="1" timestamp="2026-09-01T12:00:00Z" changeset="1" uid="1" user="generator"/>
  <node id="99" lat="49.0810824491" lon="31.3182427347" version="1" timestamp="2026-09-01T12:00:00Z" changeset="1" uid="1" user="generator"/>
  <node id="100" lat="49.0796643537" lon="31.3204541356" version="1" timestamp="2026-09-01T12:00:00Z" changeset="1" uid="1" user="generator"/>
  <node id="101" lat="49.0789389169" lon="31.3218004651" version="1" timestamp="2026-09-01T12:00:00Z" changeset="1" uid="1" user="generator"/>
  <node id="102" lat="49.0784879985" lon="31.3230295833" version="1" timestamp="2026-09-01T12:00:00Z" changeset="1" uid="1" user="generator"/>
  <node id="103" lat="49.0781876232" lon="31.3243541805" version="1" timestamp="2026-09-01T12:00:00Z" changeset="1" uid="1" user="generator"/>
  <node id="104" lat="49.0779736750" lon="31.3260643368" version="1" timestamp="2026-09-01T12:00:00Z" changeset="1" uid="1" user="generator"/>
  <node id="105" lat="49.0782174132" lon="31.3261151691" version="1" timestamp="2026-09-01T12:00:00Z" changeset="1" uid="1" user="generator"/>
  <node id="106" lat="49.0783707644" lon="31.3247786542" version="1" timestamp="2026-09-01T12:00:00Z" changeset="1" uid="1" user="generator"/>
  <node id="107" lat="49.0786280476" lon="31.3234894802" version="1" timestamp="2026-09-01T12:00:00Z" changeset="1" uid="1" user="generator"/>
  <node id="108" lat="49.0789051669" lon="31.3225788548" version="1" timestamp="2026-09-01T12:00:00Z" changeset="1" uid="1" user="generator"/>
  <node id="109" lat="49.0792678763" lon="31.3217393508" version="1" timestamp="2026-09-01T12:00:00Z" changeset="1" uid="1" user="generator"/>
  <node id="110" lat="49.0798417708" lon="31.3207053559" version="1" timestamp="2026-09-01T12:00:00Z" changeset="1" uid="1" user="generator"/>
  <node id="111" lat="49.0837246357" lon="31.3144832967" version="1" timestamp="2026-09-01T12:00:00Z" changeset="1" uid="1" user="generator"/>
  <node id="112" lat="49.0843087003" lon="31.3134182635" version="1" timestamp="2026-09-01T12:00:00Z" changeset="1" uid="1" user="generator"/>
  <node id="113" lat="49.0848174168" lon="31.3122546997" version="1" timestamp="2026-09-01T12:00:00Z" changeset="1" uid="1" user="generator"/>
  <node id="114" lat="49.0852946783" lon="31.3106701260" version="1" timestamp="2026-09-01T12:00:00Z" changeset="1" uid="1" user="generator"/>
  <node id="115" lat="49.0856855667" lon="31.3086717455" version="1" timestamp="2026-09-01T12:00:00Z" changeset="1" uid="1" user="generator"/>
  <node id="116" lat="49.0859327339" lon="31.3062731802" version="1" timestamp="2026-09-01T12:00:00Z" changeset="1" uid="1" user="generator"/>
  <node id="117" lat="49.0859622720" lon="31.3041877193" version="1" timestamp="2026-09-01T12:00:00Z" changeset="1" uid="1" user="generator"/>
  <node id="118" lat="49.0857960328" lon="31.3021182037" version="1" timestamp="2026-09-01T12:00:00Z" changeset="1" uid="1" user="generator"/>
  <node id="119" lat="49.0854460674" lon="31.3000991905" version="1" timestamp="2026-09-01T12:00:00Z" changeset="1" uid="1" user="generator"/>
  <node id="120" lat="49.0848874189" lon="31.2982005640" version="1" timestamp="2026-09-01T12:00:00Z" changeset="1" uid="1" user="generator"/>
  <node id="121" lat="49.0838300348" lon="31.2951710477" version="1" timestamp="2026-09-01T12:00:00Z" changeset="1" uid="1" user="generator"/>
  <node id="122" lat="49.0830113940" lon="31.2919718381" version="1" timestamp="2026-09-01T12:00:00Z" changeset="1" uid="1" user="generator"/>
  <node id="123" lat="49.0826121446" lon="31.2900073962" version="1" timestamp="2026-09-01T12:00:00Z" changeset="1" uid="1" user="generator"/>
  <node id="124" lat="49.0824051084" lon="31.2883263125" version="1" timestamp="2026-09-01T12:00:00Z" changeset="1" uid="1" user="generator"/>
  <node id="125" lat="49.0822431352" lon="31.2852442043" version="1" timestamp="2026-09-01T12:00:00Z" changeset="1" uid="1" user="generator"/>
  <node id="126" lat="49.0819243819" lon="31.2807913814" version="1" timestamp="2026-09-01T12:00:00Z" changeset="1" uid="1" user="generator"/>
  <node id="127" lat="49.0817220887" lon="31.2794347837" version="1" timestamp="2026-09-01T12:00:00Z" changeset="1" uid="1" user="generator"/>
  <node id="128" lat="49.0814941095" lon="31.2784453668" version="1" timestamp="2026-09-01T12:00:00Z" changeset="1" uid="1" user="generator"/>
  <node id="129" lat="49.0811970012" lon="31.2775019986" version="1" timestamp="2026-09-01T12:00:00Z" changeset="1" uid="1" user="generator"/>
  <node id="130" lat="49.0807255987" lon="31.2763137471" version="1" timestamp="2026-09-01T12:00:00Z" changeset="1" uid="1" user="generator"/>
  <node id="131" lat="49.0790913231" lon="31.2730101785" version="1" timestamp="2026-09-01T12:00:00Z" changeset="1" uid="1" user="generator"/>
  <node id="132" lat="49.0786337446" lon="31.2722348267" version="1" timestamp="2026-09-01T12:00:00Z" changeset="1" uid="1" user="generator"/>
  <node id="133" lat="49.0768727399" lon="31.2695842026" version="1" timestamp="2026-09-01T12:00:00Z" changeset="1" uid="1" user="generator"/>
  <node id="134" lat="49.0779733420" lon="31.3260683643" version="1" timestamp="2026-09-01T12:00:00Z" changeset="1" uid="1" user="generator"/>
  <node id="135" lat="49.0778949699" lon="31.3274495810" version="1" timestamp="2026-09-01T12:00:00Z" changeset="1" uid="1" user="generator"/>
  <node id="136" lat="49.0778841789" lon="31.3288461793" version="1" timestamp="2026-09-01T12:00:00Z" changeset="1" uid="1" user="generator"/>
  <node id="137" lat="49.0779712990" lon="31.3298891090" version="1" timestamp="2026-09-01T12:00:00Z" changeset="1" uid="1" user="generator"/>
  <node id="138" lat="49.0783567064" lon="31.3329136218" version="1" timestamp="2026-09-01T12:00:00Z" changeset="1" uid="1" user="generator"/>
  <node id="139" lat="49.0783868294" lon="31.3339176919" version="1" timestamp="2026-09-01T12:00:00Z" changeset="1" uid="1" user="generator"/>
  <node id="140" lat="49.0783464103" lon="31.3349319202" version="1" timestamp="2026-09-01T12:00:00Z" changeset="1" uid="1" user="generator"/>
  <node id="141" lat="49.0781872902" lon="31.3366170590" version="1" timestamp="2026-09-01T12:00:00Z" changeset="1" uid="1" user="generator"/>
  <node id="142" lat="49.0777776728" lon="31.3396368294" version="1" timestamp="2026-09-01T12:00:00Z" changeset="1" uid="1" user="generator"/>
  <node id="143" lat="49.0770564571" lon="31.3436087654" version="1" timestamp="2026-09-01T12:00:00Z" changeset="1" uid="1" user="generator"/>
  <node id="144" lat="49.0763983224" lon="31.3479774771" version="1" timestamp="2026-09-01T12:00:00Z" changeset="1" uid="1" user="generator"/>
  <node id="145" lat="49.0763028593" lon="31.3493753263" version="1" timestamp="2026-09-01T12:00:00Z" changeset="1" uid="1" user="generator"/>
  <node id="146" lat="49.0763230283" lon="31.3500864710" version="1" timestamp="2026-09-01T12:00:00Z" changeset="1" uid="1" user="generator"/>
  <node id="147" lat="49.0764074214" lon="31.3507903991" version="1" timestamp="2026-09-01T12:00:00Z" changeset="1" uid="1" user="generator"/>
  <node id="148" lat="49.0767446427" lon="31.3521096217" version="1" timestamp="2026-09-01T12:00:00Z" changeset="1" uid="1" user="generator"/>
  <node id="149" lat="49.0772188622" lon="31.3533084301" version="1" timestamp="2026-09-01T12:00:00Z" changeset="1" uid="1" user="generator"/>
  <node id="150" lat="49.0779102249" lon="31.3546869250" version="1" timestamp="2026-09-01T12:00:00Z" changeset="1" uid="1" user="generator"/>
  <node id="151" lat="49.0789490869" lon="31.3565076672" version="1" timestamp="2026-09-01T12:00:00Z" changeset="1" uid="1" user="generator"/>
  <node id="152" lat="49.0799394209" lon="31.3579478538" version="1" timestamp="2026-09-01T12:00:00Z" changeset="1" uid="1" user="generator"/>
  <node id="153" lat="49.0823815194" lon="31.3609724078" version="1" timestamp="2026-09-01T12:00:00Z" changeset="1" uid="1" user="generator"/>
  <node id="154" lat="49.0838018648" lon="31.3631619940" version="1" timestamp="2026-09-01T12:00:00Z" changeset="1" uid="1" user="generator"/>
  <node id="155" lat="49.0845531406" lon="31.3644208171" version="1" timestamp="2026-09-01T12:00:00Z" changeset="1" uid="1" user="generator"/>
  <node id="156" lat="49.0849575560" lon="31.3652230422" version="1" timestamp="2026-09-01T12:00:00Z" changeset="1" uid="1" user="generator"/>
  <node id="157" lat="49.0852966853" lon="31.3660795361" version="1" timestamp="2026-09-01T12:00:00Z" changeset="1" uid="1" user="generator"/>
  <node id="158" lat="49.0854664975" lon="31.3666849611" version="1" timestamp="2026-09-01T12:00:00Z" changeset="1" uid="1" user="generator"/>
  <node id="159" lat="49.0856098946" lon="31.3676458965" version="1" timestamp="2026-09-01T12:00:00Z" changeset="1" uid="1" user="generator"/>
  <node id="160" lat="49.0856364536" lon="31.3686421863" version="1" timestamp="2026-09-01T12:00:00Z" changeset="1" uid="1" user="generator"/>
  <node id="161" lat="49.0855444285" lon="31.3699814230" version="1" timestamp="2026-09-01T12:00:00Z" changeset="1" uid="1" user="generator"/>
  <node id="162" lat="49.0852718003" lon="31.3719866902" version="1" timestamp="2026-09-01T12:00:00Z" changeset="1" uid="1" user="generator"/>
  <node id="163" lat="49.0850298080" lon="31.3732888679" version="1" timestamp="2026-09-01T12:00:00Z" changeset="1" uid="1" user="generator"/>
  <node id="164" lat="49.0846247626" lon="31.3748731116" version="1" timestamp="2026-09-01T12:00:00Z" changeset="1" uid="1" user="generator"/>
  <node id="165" lat="49.0837719308" lon="31.3776676003" version="1" timestamp="2026-09-01T12:00:00Z" changeset="1" uid="1" user="generator"/>
  <node id="166" lat="49.0830373590" lon="31.3797848006" version="1" timestamp="2026-09-01T12:00:00Z" changeset="1" uid="1" user="generator"/>
  <node id="167" lat="49.0819239859" lon="31.3827663986" version="1" timestamp="2026-09-01T12:00:00Z" changeset="1" uid="1" user="generator"/>
  <node id="168" lat="49.0821726562" lon="31.3829883126" version="1" timestamp="2026-09-01T12:00:00Z" changeset="1" uid="1" user="generator"/>
  <node id="169" lat="49.0839253359" lon="31.3781691062" version="1" timestamp="2026-09-01T12:00:00Z" changeset="1" uid="1" user="generator"/>
  <node id="170" lat="49.0847927928" lon="31.3753609952" version="1" timestamp="2026-09-01T12:00:00Z" changeset="1" uid="1" user="generator"/>
  <node id="171" lat="49.0852208512" lon="31.3737550192" version="1" timestamp="2026-09-01T12:00:00Z" changeset="1" uid="1" user="generator"/>
  <node id="172" lat="49.0854916345" lon="31.3724222844" version="1" timestamp="2026-09-01T12:00:00Z" changeset="1" uid="1" user="generator"/>
  <node id="173" lat="49.0858195498" lon="31.3700497814" version="1" timestamp="2026-09-01T12:00:00Z" changeset="1" uid="1" user="generator"/>
  <node id="174" lat="49.0859141579" lon="31.3686555474" version="1" timestamp="2026-09-01T12:00:00Z" changeset="1" uid="1" user="generator"/>
  <node id="175" lat="49.0858848899" lon="31.3675930572" version="1" timestamp="2026-09-01T12:00:00Z" changeset="1" uid="1" user="generator"/>
  <node id="176" lat="49.0857277857" lon="31.3665468971" version="1" timestamp="2026-09-01T12:00:00Z" changeset="1" uid="1" user="generator"/>
  <node id="177" lat="49.0855430785" lon="31.3658894714" version="1" timestamp="2026-09-01T12:00:00Z" changeset="1" uid="1" user="generator"/>
  <node id="178" lat="49.0851835552" lon="31.3649827774" version="1" timestamp="2026-09-01T12:00:00Z" changeset="1" uid="1" user="generator"/>
  <node id="179" lat="49.0847638578" lon="31.3641517134" version="1" timestamp="2026-09-01T12:00:00Z" changeset="1" uid="1" user="generator"/>
  <node id="180" lat="49.0839984160" lon="31.3628714192" version="1" timestamp="2026-09-01T12:00:00Z" changeset="1" uid="1" user="generator"/>
  <node id="181" lat="49.0825658396" lon="31.3606679084" version="1" timestamp="2026-09-01T12:00:00Z" changeset="1" uid="1" user="generator"/>
  <node id="182" lat="49.0801122301" lon="31.3576342821" version="1" timestamp="2026-09-01T12:00:00Z" changeset="1" uid="1" user="generator"/>
  <node id="183" lat="49.0791469701" lon="31.3562338899" version="1" timestamp="2026-09-01T12:00:00Z" changeset="1" uid="1" user="generator"/>
  <node id="184" lat="49.0781143991" lon="31.3544279108" version="1" timestamp="2026-09-01T12:00:00Z" changeset="1" uid="1" user="generator"/>
  <node id="185" lat="49.0774364554" lon="31.3530793270" version="1" timestamp="2026-09-01T12:00:00Z" changeset="1" uid="1" user="generator"/>
  <node id="186" lat="49.0769792370" lon="31.3519267599" version="1" timestamp="2026-09-01T12:00:00Z" changeset="1" uid="1" user="generator"/>
  <node id="187" lat="49.0766615367" lon="31.3506899440" version="1" timestamp="2026-09-01T12:00:00Z" changeset="1" uid="1" user="generator"/>
  <node id="188" lat="49.0765834886" lon="31.3500426628" version="1" timestamp="2026-09-01T12:00:00Z" changeset="1" uid="1" user="generator"/>
  <node id="189" lat="49.0765644086" lon="31.3493808934" version="1" timestamp="2026-09-01T12:00:00Z" changeset="1" uid="1" user="generator"/>
  <node id="190" lat="49.0766550837" lon="31.3480462204" version="1" timestamp="2026-09-01T12:00:00Z" changeset="1" uid="1" user="generator"/>
  <node id="191" lat="49.0773064143" lon="31.3437047943" version="1" timestamp="2026-09-01T12:00:00Z" changeset="1" uid="1" user="generator"/>
  <node id="192" lat="49.0780758701" lon="31.3393872862" version="1" timestamp="2026-09-01T12:00:00Z" changeset="1" uid="1" user="generator"/>
  <node id="193" lat="49.0784752365" lon="31.3363448212" version="1" timestamp="2026-09-01T12:00:00Z" changeset="1" uid="1" user="generator"/>
  <node id="194" lat="49.0786164106" lon="31.3346220049" version="1" timestamp="2026-09-01T12:00:00Z" changeset="1" uid="1" user="generator"/>
  <node id="195" lat="49.0786384876" lon="31.3335731507" version="1" timestamp="2026-09-01T12:00:00Z" changeset="1" uid="1" user="generator"/>
  <node id="196" lat="49.0786056016" lon="31.3328701710" version="1" timestamp="2026-09-01T12:00:00Z" changeset="1" uid="1" user="generator"/>
  <node id="197" lat="49.0782160092" lon="31.3298231699" version="1" timestamp="2026-09-01T12:00:00Z" changeset="1" uid="1" user="generator"/>
  <node id="198" lat="49.0781314451" lon="31.3288211755" version="1" timestamp="2026-09-01T12:00:00Z" changeset="1" uid="1" user="generator"/>
  <node id="199" lat="49.0781415341" lon="31.3274694163" version="1" timestamp="2026-09-01T12:00:00Z" changeset="1" uid="1" user="generator"/>
  <node id="200" lat="49.0782177372" lon="31.3261111416" version="1" timestamp="2026-09-01T12:00:00Z" changeset="1" uid="1" user="generator"/>
  <node id="201" lat="49.0831789832" lon="31.2954619799" version="1" timestamp="2026-09-01T12:00:00Z" changeset="1" uid="1" user="generator"/>
  <node id="202" lat="49.0826116766" lon="31.2955538851" version="1" timestamp="2026-09-01T12:00:00Z" changeset="1" uid="1" user="generator"/>
  <node id="203" lat="49.0823092583" lon="31.2954542410" version="1" timestamp="2026-09-01T12:00:00Z" changeset="1" uid="1" user="generator"/>
  <node id="204" lat="49.0820023040" lon="31.2951877077" version="1" timestamp="2026-09-01T12:00:00Z" changeset="1" uid="1" user="generator"/>
  <node id="205" lat="49.0815624916" lon="31.2944861714" version="1" timestamp="2026-09-01T12:00:00Z" changeset="1" uid="1" user="generator"/>
  <node id="206" lat="49.0801583552" lon="31.2911598946" version="1" timestamp="2026-09-01T12:00:00Z" changeset="1" uid="1" user="generator"/>
  <node id="207" lat="49.0797494577" lon="31.2897365330" version="1" timestamp="2026-09-01T12:00:00Z" changeset="1" uid="1" user="generator"/>
  <node id="208" lat="49.0795777646" lon="31.2886508397" version="1" timestamp="2026-09-01T12:00:00Z" changeset="1" uid="1" user="generator"/>
  <node id="209" lat="49.0795578116" lon="31.2870415509" version="1" timestamp="2026-09-01T12:00:00Z" changeset="1" uid="1" user="generator"/>
  <node id="210" lat="49.0797027387" lon="31.2861349669" version="1" timestamp="2026-09-01T12:00:00Z" changeset="1" uid="1" user="generator"/>
  <node id="211" lat="49.0799354069" lon="31.2854304477" version="1" timestamp="2026-09-01T12:00:00Z" changeset="1" uid="1" user="generator"/>
  <node id="212" lat="49.0812338742" lon="31.2832448753" version="1" timestamp="2026-09-01T12:00:00Z" changeset="1" uid="1" user="generator"/>
  <node id="213" lat="49.0815856756" lon="31.2828513574" version="1" timestamp="2026-09-01T12:00:00Z" changeset="1" uid="1" user="generator"/>
  <node id="214" lat="49.0818471438" lon="31.2827315480" version="1" timestamp="2026-09-01T12:00:00Z" changeset="1" uid="1" user="generator"/>
  <node id="215" lat="49.0822638983" lon="31.2827273830" version="1" timestamp="2026-09-01T12:00:00Z" changeset="1" uid="1" user="generator"/>
  <node id="216" lat="49.0830305550" lon="31.2828996880" version="1" timestamp="2026-09-01T12:00:00Z" changeset="1" uid="1" user="generator"/>
  <node id="217" lat="49.0833813664" lon="31.2830684740" version="1" timestamp="2026-09-01T12:00:00Z" changeset="1" uid="1" user="generator"/>
  <node id="218" lat="49.0837496017" lon="31.2833988845" version="1" timestamp="2026-09-01T12:00:00Z" changeset="1" uid="1" user="generator"/>
  <node id="219" lat="49.0841070821" lon="31.2839568310" version="1" timestamp="2026-09-01T12:00:00Z" changeset="1" uid="1" user="generator"/>
  <node id="220" lat="49.0844152874" lon="31.2847549186" version="1" timestamp="2026-09-01T12:00:00Z" changeset="1" uid="1" user="generator"/>
  <node id="221" lat="49.0847165627" lon="31.2862714500" version="1" timestamp="2026-09-01T12:00:00Z" changeset="1" uid="1" user="generator"/>
  <node id="222" lat="49.0848144828" lon="31.2883721826" version="1" timestamp="2026-09-01T12:00:00Z" changeset="1" uid="1" user="generator"/>
  <node id="223" lat="49.0847875098" lon="31.2923872120" version="1" timestamp="2026-09-01T12:00:00Z" changeset="1" uid="1" user="generator"/>
  <node id="224" lat="49.0846866107" lon="31.2936507774" version="1" timestamp="2026-09-01T12:00:00Z" changeset="1" uid="1" user="generator"/>
  <node id="225" lat="49.0845278055" lon="31.2943363685" version="1" timestamp="2026-09-01T12:00:00Z" changeset="1" uid="1" user="generator"/>
  <node id="226" lat="49.0841679672" lon="31.2950016018" version="1" timestamp="2026-09-01T12:00:00Z" changeset="1" uid="1" user="generator"/>
  <node id="227" lat="49.0838847819" lon="31.2952226361" version="1" timestamp="2026-09-01T12:00:00Z" changeset="1" uid="1" user="generator"/>
  <node id="228" lat="49.1215118125" lon="31.2669358192" version="1" timestamp="2026-09-01T12:00:00Z" changeset="1" uid="1" user="generator"/>
  <node id="229" lat="49.1205081495" lon="31.2712051067" version="1" timestamp="2026-09-01T12:00:00Z" changeset="1" uid="1" user="generator"/>
  <node id="230" lat="49.1202203472" lon="31.2714124088" version="1" timestamp="2026-09-01T12:00:00Z" changeset="1" uid="1" user="generator"/>
  <node id="231" lat="49.1184415314" lon="31.2704369165" version="1" timestamp="2026-09-01T12:00:00Z" changeset="1" uid="1" user="generator"/>
  <node id="232" lat="49.1183058023" lon="31.2699973635" version="1" timestamp="2026-09-01T12:00:00Z" changeset="1" uid="1" user="generator"/>
  <node id="233" lat="49.1193094653" lon="31.2657280622" version="1" timestamp="2026-09-01T12:00:00Z" changeset="1" uid="1" user="generator"/>
  <node id="234" lat="49.1195972676" lon="31.2655207601" version="1" timestamp="2026-09-01T12:00:00Z" changeset="1" uid="1" user="generator"/>
  <node id="235" lat="49.1213760834" lon="31.2664962524" version="1" timestamp="2026-09-01T12:00:00Z" changeset="1" uid="1" user="generator"/>
  <node id="236" lat="49.1045001755" lon="31.3022722816" version="1" timestamp="2026-09-01T12:00:00Z" changeset="1" uid="1" user="generator"/>
  <node id="237" lat="49.1010330840" lon="31.3068662888" version="1" timestamp="2026-09-01T12:00:00Z" changeset="1" uid="1" user="generator"/>
  <node id="238" lat="49.1007156807" lon="31.3068319102" version="1" timestamp="2026-09-01T12:00:00Z" changeset="1" uid="1" user="generator"/>
  <node id="239" lat="49.0990053100" lon="31.3038208134" version="1" timestamp="2026-09-01T12:00:00Z" changeset="1" uid="1" user="generator"/>
  <node id="240" lat="49.0990278280" lon="31.3033360501" version="1" timestamp="2026-09-01T12:00:00Z" changeset="1" uid="1" user="generator"/>
  <node id="241" lat="49.1024949195" lon="31.2987420429" version="1" timestamp="2026-09-01T12:00:00Z" changeset="1" uid="1" user="generator"/>
  <node id="242" lat="49.1028123228" lon="31.2987764215" version="1" timestamp="2026-09-01T12:00:00Z" changeset="1" uid="1" user="generator"/>
  <node id="243" lat="49.1045226935" lon="31.3017875183" version="1" timestamp="2026-09-01T12:00:00Z" changeset="1" uid="1" user="generator"/>
  <node id="244" lat="49.0844351594" lon="31.3325522831" version="1" timestamp="2026-09-01T12:00:00Z" changeset="1" uid="1" user="generator"/>
  <node id="245" lat="49.0831422631" lon="31.3363283673" version="1" timestamp="2026-09-01T12:00:00Z" changeset="1" uid="1" user="generator"/>
  <node id="246" lat="49.0828386118" lon="31.3364736341" version="1" timestamp="2026-09-01T12:00:00Z" changeset="1" uid="1" user="generator"/>
  <node id="247" lat="49.0813232983" lon="31.3352633616" version="1" timestamp="2026-09-01T12:00:00Z" changeset="1" uid="1" user="generator"/>
  <node id="248" lat="49.0812281772" lon="31.3347995883" version="1" timestamp="2026-09-01T12:00:00Z" changeset="1" uid="1" user="generator"/>
  <node id="249" lat="49.0825210735" lon="31.3310235041" version="1" timestamp="2026-09-01T12:00:00Z" changeset="1" uid="1" user="generator"/>
  <node id="250" lat="49.0828247248" lon="31.3308782373" version="1" timestamp="2026-09-01T12:00:00Z" changeset="1" uid="1" user="generator"/>
  <node id="251" lat="49.0843400383" lon="31.3320885098" version="1" timestamp="2026-09-01T12:00:00Z" changeset="1" uid="1" user="generator"/>
  <node id="252" lat="49.1177855658" lon="31.3127752161" version="1" timestamp="2026-09-01T12:00:00Z" changeset="1" uid="1" user="generator"/>
  <node id="253" lat="49.1177855658" lon="31.3203354672" version="1" timestamp="2026-09-01T12:00:00Z" changeset="1" uid="1" user="generator"/>
  <node id="254" lat="49.1175605656" lon="31.3206791149" version="1" timestamp="2026-09-01T12:00:00Z" changeset="1" uid="1" user="generator"/>
  <node id="255" lat="49.1144105624" lon="31.3206791149" version="1" timestamp="2026-09-01T12:00:00Z" changeset="1" uid="1" user="generator"/>
  <node id="256" lat="49.1141855622" lon="31.3203354672" version="1" timestamp="2026-09-01T12:00:00Z" changeset="1" uid="1" user="generator"/>
  <node id="257" lat="49.1141855622" lon="31.3127752161" version="1" timestamp="2026-09-01T12:00:00Z" changeset="1" uid="1" user="generator"/>
  <node id="258" lat="49.1144105624" lon="31.3124315683" version="1" timestamp="2026-09-01T12:00:00Z" changeset="1" uid="1" user="generator"/>
  <node id="259" lat="49.1175605656" lon="31.3124315683" version="1" timestamp="2026-09-01T12:00:00Z" changeset="1" uid="1" user="generator"/>
  <node id="260" lat="49.0944927415" lon="31.2761292907" version="1" timestamp="2026-09-01T12:00:00Z" changeset="1" uid="1" user="generator"/>
  <node id="261" lat="49.0944927415" lon="31.2831397053" version="1" timestamp="2026-09-01T12:00:00Z" changeset="1" uid="1" user="generator"/>
  <node id="262" lat="49.0942677413" lon="31.2834833531" version="1" timestamp="2026-09-01T12:00:00Z" changeset="1" uid="1" user="generator"/>
  <node id="263" lat="49.0913427383" lon="31.2834833531" version="1" timestamp="2026-09-01T12:00:00Z" changeset="1" uid="1" user="generator"/>
  <node id="264" lat="49.0911177381" lon="31.2831397053" version="1" timestamp="2026-09-01T12:00:00Z" changeset="1" uid="1" user="generator"/>
  <node id="265" lat="49.0911177381" lon="31.2761292907" version="1" timestamp="2026-09-01T12:00:00Z" changeset="1" uid="1" user="generator"/>
  <node id="266" lat="49.0913427383" lon="31.2757856429" version="1" timestamp="2026-09-01T12:00:00Z" changeset="1" uid="1" user="generator"/>
  <node id="267" lat="49.0942677413" lon="31.2757856429" version="1" timestamp="2026-09-01T12:00:00Z" changeset="1" uid="1" user="generator"/>
  <node id="268" lat="49.0905131625" lon="31.3362489297" version="1" timestamp="2026-09-01T12:00:00Z" changeset="1" uid="1" user="generator"/>
  <node id="269" lat="49.0905131625" lon="31.3403177194" version="1" timestamp="2026-09-01T12:00:00Z" changeset="1" uid="1" user="generator"/>
  <node id="270" lat="49.0902881623" lon="31.3406613672" version="1" timestamp="2026-09-01T12:00:00Z" changeset="1" uid="1" user="generator"/>
  <node id="271" lat="49.0860581581" lon="31.3406613672" version="1" timestamp="2026-09-01T12:00:00Z" changeset="1" uid="1" user="generator"/>
  <node id="272" lat="49.0858331578" lon="31.3403177194" version="1" timestamp="2026-09-01T12:00:00Z" changeset="1" uid="1" user="generator"/>
  <node id="273" lat="49.0858331578" lon="31.3362489297" version="1" timestamp="2026-09-01T12:00:00Z" changeset="1" uid="1" user="generator"/>
  <node id="274" lat="49.0860581581" lon="31.3359052819" version="1" timestamp="2026-09-01T12:00:00Z" changeset="1" uid="1" user="generator"/>
  <node id="275" lat="49.0902881623" lon="31.3359052819" version="1" timestamp="2026-09-01T12:00:00Z" changeset="1" uid="1" user="generator"/>
  <node id="276" lat="49.1095402705" lon="31.3408050119" version="1" timestamp="2026-09-01T12:00:00Z" changeset="1" uid="1" user="generator"/>
  <node id="277" lat="49.1095402705" lon="31.3469906719" version="1" timestamp="2026-09-01T12:00:00Z" changeset="1" uid="1" user="generator"/>
  <node id="278" lat="49.1093152703" lon="31.3473343197" version="1" timestamp="2026-09-01T12:00:00Z" changeset="1" uid="1" user="generator"/>
  <node id="279" lat="49.1070652681" lon="31.3473343197" version="1" timestamp="2026-09-01T12:00:00Z" changeset="1" uid="1" user="generator"/>
  <node id="280" lat="49.1068402678" lon="31.3469906719" version="1" timestamp="2026-09-01T12:00:00Z" changeset="1" uid="1" user="generator"/>
  <node id="281" lat="49.1068402678" lon="31.3408050119" version="1" timestamp="2026-09-01T12:00:00Z" changeset="1" uid="1" user="generator"/>
  <node id="282" lat="49.1070652681" lon="31.3404613642" version="1" timestamp="2026-09-01T12:00:00Z" changeset="1" uid="1" user="generator"/>
  <node id="283" lat="49.1093152703" lon="31.3404613642" version="1" timestamp="2026-09-01T12:00:00Z" changeset="1" uid="1" user="generator"/>
  <node id="284" lat="49.0696730927" lon="31.3080770973" version="1" timestamp="2026-09-01T12:00:00Z" changeset="1" uid="1" user="generator"/>
  <node id="285" lat="49.0696730927" lon="31.3115135751" version="1" timestamp="2026-09-01T12:00:00Z" changeset="1" uid="1" user="generator"/>
  <node id="286" lat="49.0694480924" lon="31.3118572229" version="1" timestamp="2026-09-01T12:00:00Z" changeset="1" uid="1" user="generator"/>
  <node id="287" lat="49.0658480888" lon="31.3118572229" version="1" timestamp="2026-09-01T12:00:00Z" changeset="1" uid="1" user="generator"/>
  <node id="288" lat="49.0656230886" lon="31.3115135751" version="1" timestamp="2026-09-01T12:00:00Z" changeset="1" uid="1" user="generator"/>
  <node id="289" lat="49.0656230886" lon="31.3080770973" version="1" timestamp="2026-09-01T12:00:00Z" changeset="1" uid="1" user="generator"/>
  <node id="290" lat="49.0658480888" lon="31.3077334496" version="1" timestamp="2026-09-01T12:00:00Z" changeset="1" uid="1" user="generator"/>
  <node id="291" lat="49.0694480924" lon="31.3077334496" version="1" timestamp="2026-09-01T12:00:00Z" changeset="1" uid="1" user="generator"/>
  <node id="292" lat="49.1122786943" lon="31.2565681170" version="1" timestamp="2026-09-01T12:00:00Z" changeset="1" uid="1" user="generator"/>
  <node id="293" lat="49.1122786943" lon="31.2641283681" version="1" timestamp="2026-09-01T12:00:00Z" changeset="1" uid="1" user="generator"/>
  <node id="294" lat="49.1120536941" lon="31.2644720158" version="1" timestamp="2026-09-01T12:00:00Z" changeset="1" uid="1" user="generator"/>
  <node id="295" lat="49.1107036927" lon="31.2644720158" version="1" timestamp="2026-09-01T12:00:00Z" changeset="1" uid="1" user="generator"/>
  <node id="296" lat="49.1104786925" lon="31.2641283681" version="1" timestamp="2026-09-01T12:00:00Z" changeset="1" uid="1" user="generator"/>
  <node id="297" lat="49.1104786925" lon="31.2565681170" version="1" timestamp="2026-09-01T12:00:00Z" changeset="1" uid="1" user="generator"/>
  <node id="298" lat="49.1107036927" lon="31.2562244692" version="1" timestamp="2026-09-01T12:00:00Z" changeset="1" uid="1" user="generator"/>
  <node id="299" lat="49.1120536941" lon="31.2562244692" version="1" timestamp="2026-09-01T12:00:00Z" changeset="1" uid="1" user="generator"/>
  <node id="300" lat="49.0739567100" lon="31.3251723783" version="1" timestamp="2026-09-01T12:00:00Z" changeset="1" uid="1" user="generator"/>
  <node id="301" lat="49.0739567100" lon="31.3302583654" version="1" timestamp="2026-09-01T12:00:00Z" changeset="1" uid="1" user="generator"/>
  <node id="302" lat="49.0737317097" lon="31.3306020132" version="1" timestamp="2026-09-01T12:00:00Z" changeset="1" uid="1" user="generator"/>
  <node id="303" lat="49.0719317079" lon="31.3306020132" version="1" timestamp="2026-09-01T12:00:00Z" changeset="1" uid="1" user="generator"/>
  <node id="304" lat="49.0717067077" lon="31.3302583654" version="1" timestamp="2026-09-01T12:00:00Z" changeset="1" uid="1" user="generator"/>
  <node id="305" lat="49.0717067077" lon="31.3251723783" version="1" timestamp="2026-09-01T12:00:00Z" changeset="1" uid="1" user="generator"/>
  <node id="306" lat="49.0719317079" lon="31.3248287306" version="1" timestamp="2026-09-01T12:00:00Z" changeset="1" uid="1" user="generator"/>
  <node id="307" lat="49.0737317097" lon="31.3248287306" version="1" timestamp="2026-09-01T12:00:00Z" changeset="1" uid="1" user="generator"/>
  <node id="308" lat="49.0997208287" lon="31.2939994837" version="1" timestamp="2026-09-01T12:00:00Z" changeset="1" uid="1" user="generator"/>
  <node id="309" lat="49.0987261927" lon="31.2924090818" version="1" timestamp="2026-09-01T12:00:00Z" changeset="1" uid="1" user="generator"/>
  <node id="310" lat="49.0987334827" lon="31.2919232188" version="1" timestamp="2026-09-01T12:00:00Z" changeset="1" uid="1" user="generator"/>
  <node id="311" lat="49.0997747838" lon="31.2904040894" version="1" timestamp="2026-09-01T12:00:00Z" changeset="1" uid="1" user="generator"/>
  <node id="312" lat="49.1000928981" lon="31.2904152236" version="1" timestamp="2026-09-01T12:00:00Z" changeset="1" uid="1" user="generator"/>
  <node id="313" lat="49.1010875341" lon="31.2920056255" version="1" timestamp="2026-09-01T12:00:00Z" changeset="1" uid="1" user="generator"/>
  <node id="314" lat="49.1010802441" lon="31.2924914885" version="1" timestamp="2026-09-01T12:00:00Z" changeset="1" uid="1" user="generator"/>
  <node id="315" lat="49.1000389430" lon="31.2940106179" version="1" timestamp="2026-09-01T12:00:00Z" changeset="1" uid="1" user="generator"/>
  <node id="316" lat="49.0965936316" lon="31.2890711485" version="1" timestamp="2026-09-01T12:00:00Z" changeset="1" uid="1" user="generator"/>
  <node id="317" lat="49.0955609796" lon="31.2874412270" version="1" timestamp="2026-09-01T12:00:00Z" changeset="1" uid="1" user="generator"/>
  <node id="318" lat="49.0955662086" lon="31.2869553091" version="1" timestamp="2026-09-01T12:00:00Z" changeset="1" uid="1" user="generator"/>
  <node id="319" lat="49.0966333846" lon="31.2853781170" version="1" timestamp="2026-09-01T12:00:00Z" changeset="1" uid="1" user="generator"/>
  <node id="320" lat="49.0969515440" lon="31.2853861034" version="1" timestamp="2026-09-01T12:00:00Z" changeset="1" uid="1" user="generator"/>
  <node id="321" lat="49.0979841870" lon="31.2870160248" version="1" timestamp="2026-09-01T12:00:00Z" changeset="1" uid="1" user="generator"/>
  <node id="322" lat="49.0979789580" lon="31.2875019427" version="1" timestamp="2026-09-01T12:00:00Z" changeset="1" uid="1" user="generator"/>
  <node id="323" lat="49.0969117819" lon="31.2890791348" version="1" timestamp="2026-09-01T12:00:00Z" changeset="1" uid="1" user="generator"/>
  <node id="324" lat="49.0973014103" lon="31.2783980533" version="1" timestamp="2026-09-01T12:00:00Z" changeset="1" uid="1" user="generator"/>
  <node id="325" lat="49.0962301572" lon="31.2767296159" version="1" timestamp="2026-09-01T12:00:00Z" changeset="1" uid="1" user="generator"/>
  <node id="326" lat="49.0962332622" lon="31.2762436429" version="1" timestamp="2026-09-01T12:00:00Z" changeset="1" uid="1" user="generator"/>
  <node id="327" lat="49.0973256563" lon="31.2746074946" version="1" timestamp="2026-09-01T12:00:00Z" changeset="1" uid="1" user="generator"/>
  <node id="328" lat="49.0976438426" lon="31.2746122370" version="1" timestamp="2026-09-01T12:00:00Z" changeset="1" uid="1" user="generator"/>
  <node id="329" lat="49.0987150957" lon="31.2762806744" version="1" timestamp="2026-09-01T12:00:00Z" changeset="1" uid="1" user="generator"/>
  <node id="330" lat="49.0987119817" lon="31.2767666474" version="1" timestamp="2026-09-01T12:00:00Z" changeset="1" uid="1" user="generator"/>
  <node id="331" lat="49.0976195966" lon="31.2784027957" version="1" timestamp="2026-09-01T12:00:00Z" changeset="1" uid="1" user="generator"/>
  <node id="332" lat="49.0944054234" lon="31.2729813121" version="1" timestamp="2026-09-01T12:00:00Z" changeset="1" uid="1" user="generator"/>
  <node id="333" lat="49.0932984763" lon="31.2712894791" version="1" timestamp="2026-09-01T12:00:00Z" changeset="1" uid="1" user="generator"/>
  <node id="334" lat="49.0932985843" lon="31.2708034924" version="1" timestamp="2026-09-01T12:00:00Z" changeset="1" uid="1" user="generator"/>
  <node id="335" lat="49.0944062874" lon="31.2691128141" version="1" timestamp="2026-09-01T12:00:00Z" changeset="1" uid="1" user="generator"/>
  <node id="336" lat="49.0947244917" lon="31.2691129791" version="1" timestamp="2026-09-01T12:00:00Z" changeset="1" uid="1" user="generator"/>
  <node id="337" lat="49.0958314388" lon="31.2708048120" version="1" timestamp="2026-09-01T12:00:00Z" changeset="1" uid="1" user="generator"/>
  <node id="338" lat="49.0958313308" lon="31.2712907987" version="1" timestamp="2026-09-01T12:00:00Z" changeset="1" uid="1" user="generator"/>
  <node id="339" lat="49.0947236277" lon="31.2729814771" version="1" timestamp="2026-09-01T12:00:00Z" changeset="1" uid="1" user="generator"/>
  <node id="340" lat="49.1028447318" lon="31.2894420956" version="1" timestamp="2026-09-01T12:00:00Z" changeset="1" uid="1" user="generator"/>
  <node id="341" lat="49.1018500959" lon="31.2878516937" version="1" timestamp="2026-09-01T12:00:00Z" changeset="1" uid="1" user="generator"/>
  <node id="342" lat="49.1018573859" lon="31.2873658307" version="1" timestamp="2026-09-01T12:00:00Z" changeset="1" uid="1" user="generator"/>
  <node id="343" lat="49.1028986869" lon="31.2858467014" version="1" timestamp="2026-09-01T12:00:00Z" changeset="1" uid="1" user="generator"/>
  <node id="344" lat="49.1032168012" lon="31.2858578356" version="1" timestamp="2026-09-01T12:00:00Z" changeset="1" uid="1" user="generator"/>
  <node id="345" lat="49.1042114372" lon="31.2874482375" version="1" timestamp="2026-09-01T12:00:00Z" changeset="1" uid="1" user="generator"/>
  <node id="346" lat="49.1042041472" lon="31.2879341004" version="1" timestamp="2026-09-01T12:00:00Z" changeset="1" uid="1" user="generator"/>
  <node id="347" lat="49.1031628462" lon="31.2894532298" version="1" timestamp="2026-09-01T12:00:00Z" changeset="1" uid="1" user="generator"/>
  <node id="348" lat="49.0996981397" lon="31.2844829558" version="1" timestamp="2026-09-01T12:00:00Z" changeset="1" uid="1" user="generator"/>
  <node id="349" lat="49.0986654877" lon="31.2828530344" version="1" timestamp="2026-09-01T12:00:00Z" changeset="1" uid="1" user="generator"/>
  <node id="350" lat="49.0986707167" lon="31.2823671164" version="1" timestamp="2026-09-01T12:00:00Z" changeset="1" uid="1" user="generator"/>
  <node id="351" lat="49.0997378927" lon="31.2807899243" version="1" timestamp="2026-09-01T12:00:00Z" changeset="1" uid="1" user="generator"/>
  <node id="352" lat="49.1000560431" lon="31.2807979107" version="1" timestamp="2026-09-01T12:00:00Z" changeset="1" uid="1" user="generator"/>
  <node id="353" lat="49.1010886951" lon="31.2824278321" version="1" timestamp="2026-09-01T12:00:00Z" changeset="1" uid="1" user="generator"/>
  <node id="354" lat="49.1010834661" lon="31.2829137501" version="1" timestamp="2026-09-01T12:00:00Z" changeset="1" uid="1" user="generator"/>
  <node id="355" lat="49.1000162900" lon="31.2844909422" version="1" timestamp="2026-09-01T12:00:00Z" changeset="1" uid="1" user="generator"/>
  <node id="356" lat="49.0997432297" lon="31.2747407612" version="1" timestamp="2026-09-01T12:00:00Z" changeset="1" uid="1" user="generator"/>
  <node id="357" lat="49.0986719677" lon="31.2730723375" version="1" timestamp="2026-09-01T12:00:00Z" changeset="1" uid="1" user="generator"/>
  <node id="358" lat="49.0986750817" lon="31.2725863646" version="1" timestamp="2026-09-01T12:00:00Z" changeset="1" uid="1" user="generator"/>
  <node id="359" lat="49.0997674668" lon="31.2709502163" version="1" timestamp="2026-09-01T12:00:00Z" changeset="1" uid="1" user="generator"/>
  <node id="360" lat="49.1000856531" lon="31.2709549586" version="1" timestamp="2026-09-01T12:00:00Z" changeset="1" uid="1" user="generator"/>
  <node id="361" lat="49.1011569062" lon="31.2726233961" version="1" timestamp="2026-09-01T12:00:00Z" changeset="1" uid="1" user="generator"/>
  <node id="362" lat="49.1011538012" lon="31.2731093690" version="1" timestamp="2026-09-01T12:00:00Z" changeset="1" uid="1" user="generator"/>
  <node id="363" lat="49.1000614071" lon="31.2747455173" version="1" timestamp="2026-09-01T12:00:00Z" changeset="1" uid="1" user="generator"/>
  <node id="364" lat="49.0969837100" lon="31.2690461189" version="1" timestamp="2026-09-01T12:00:00Z" changeset="1" uid="1" user="generator"/>
  <node id="365" lat="49.0958767629" lon="31.2673542997" version="1" timestamp="2026-09-01T12:00:00Z" changeset="1" uid="1" user="generator"/>
  <node id="366" lat="49.0958768709" lon="31.2668682993" version="1" timestamp="2026-09-01T12:00:00Z" changeset="1" uid="1" user="generator"/>
  <node id="367" lat="49.0969845740" lon="31.2651776347" version="1" timestamp="2026-09-01T12:00:00Z" changeset="1" uid="1" user="generator"/>
  <node id="368" lat="49.0973027783" lon="31.2651777996" version="1" timestamp="2026-09-01T12:00:00Z" changeset="1" uid="1" user="generator"/>
  <node id="369" lat="49.0984097254" lon="31.2668696189" version="1" timestamp="2026-09-01T12:00:00Z" changeset="1" uid="1" user="generator"/>
  <node id="370" lat="49.0984096174" lon="31.2673556193" version="1" timestamp="2026-09-01T12:00:00Z" changeset="1" uid="1" user="generator"/>
  <node id="371" lat="49.0973019143" lon="31.2690462839" version="1" timestamp="2026-09-01T12:00:00Z" changeset="1" uid="1" user="generator"/>
  <node id="372" lat="49.1277929458" lon="31.2593946887" version="1" timestamp="2026-09-01T12:00:00Z" changeset="1" uid="1" user="generator"/>
  <node id="373" lat="49.1277929458" lon="31.2615940344" version="1" timestamp="2026-09-01T12:00:00Z" changeset="1" uid="1" user="generator"/>
  <node id="374" lat="49.1275679456" lon="31.2619376822" version="1" timestamp="2026-09-01T12:00:00Z" changeset="1" uid="1" user="generator"/>
  <node id="375" lat="49.1261279441" lon="31.2619376822" version="1" timestamp="2026-09-01T12:00:00Z" changeset="1" uid="1" user="generator"/>
  <node id="376" lat="49.1259029439" lon="31.2615940344" version="1" timestamp="2026-09-01T12:00:00Z" changeset="1" uid="1" user="generator"/>
  <node id="377" lat="49.1259029439" lon="31.2593946887" version="1" timestamp="2026-09-01T12:00:00Z" changeset="1" uid="1" user="generator"/>
  <node id="378" lat="49.1261279441" lon="31.2590510409" version="1" timestamp="2026-09-01T12:00:00Z" changeset="1" uid="1" user="generator"/>
  <node id="379" lat="49.1275679456" lon="31.2590510409" version="1" timestamp="2026-09-01T12:00:00Z" changeset="1" uid="1" user="generator"/>
  <node id="380" lat="49.1290791011" lon="31.3206582761" version="1" timestamp="2026-09-01T12:00:00Z" changeset="1" uid="1" user="generator"/>
  <node id="381" lat="49.1290791011" lon="31.3229263515" version="1" timestamp="2026-09-01T12:00:00Z" changeset="1" uid="1" user="generator"/>
  <node id="382" lat="49.1288541009" lon="31.3232699992" version="1" timestamp="2026-09-01T12:00:00Z" changeset="1" uid="1" user="generator"/>
  <node id="383" lat="49.1273690994" lon="31.3232699992" version="1" timestamp="2026-09-01T12:00:00Z" changeset="1" uid="1" user="generator"/>
  <node id="384" lat="49.1271440991" lon="31.3229263515" version="1" timestamp="2026-09-01T12:00:00Z" changeset="1" uid="1" user="generator"/>
  <node id="385" lat="49.1271440991" lon="31.3206582761" version="1" timestamp="2026-09-01T12:00:00Z" changeset="1" uid="1" user="generator"/>
  <node id="386" lat="49.1273690994" lon="31.3203146284" version="1" timestamp="2026-09-01T12:00:00Z" changeset="1" uid="1" user="generator"/>
  <node id="387" lat="49.1288541009" lon="31.3203146284" version="1" timestamp="2026-09-01T12:00:00Z" changeset="1" uid="1" user="generator"/>
  <node id="388" lat="49.0963979174" lon="31.3416611760" version="1" timestamp="2026-09-01T12:00:00Z" changeset="1" uid="1" user="generator"/>
  <node id="389" lat="49.0963979174" lon="31.3439979809" version="1" timestamp="2026-09-01T12:00:00Z" changeset="1" uid="1" user="generator"/>
  <node id="390" lat="49.0961729172" lon="31.3443416287" version="1" timestamp="2026-09-01T12:00:00Z" changeset="1" uid="1" user="generator"/>
  <node id="391" lat="49.0946429156" lon="31.3443416287" version="1" timestamp="2026-09-01T12:00:00Z" changeset="1" uid="1" user="generator"/>
  <node id="392" lat="49.0944179154" lon="31.3439979809" version="1" timestamp="2026-09-01T12:00:00Z" changeset="1" uid="1" user="generator"/>
  <node id="393" lat="49.0944179154" lon="31.3416611760" version="1" timestamp="2026-09-01T12:00:00Z" changeset="1" uid="1" user="generator"/>
  <node id="394" lat="49.0946429156" lon="31.3413175282" version="1" timestamp="2026-09-01T12:00:00Z" changeset="1" uid="1" user="generator"/>
  <node id="395" lat="49.0961729172" lon="31.3413175282" version="1" timestamp="2026-09-01T12:00:00Z" changeset="1" uid="1" user="generator"/>
  <node id="396" lat="49.0970400680" lon="31.2579410173" version="1" timestamp="2026-09-01T12:00:00Z" changeset="1" uid="1" user="generator"/>
  <node id="397" lat="49.0970400680" lon="31.2603328059" version="1" timestamp="2026-09-01T12:00:00Z" changeset="1" uid="1" user="generator"/>
  <node id="398" lat="49.0968150678" lon="31.2606764536" version="1" timestamp="2026-09-01T12:00:00Z" changeset="1" uid="1" user="generator"/>
  <node id="399" lat="49.0952490662" lon="31.2606764536" version="1" timestamp="2026-09-01T12:00:00Z" changeset="1" uid="1" user="generator"/>
  <node id="400" lat="49.0950240660" lon="31.2603328059" version="1" timestamp="2026-09-01T12:00:00Z" changeset="1" uid="1" user="generator"/>
  <node id="401" lat="49.0950240660" lon="31.2579410173" version="1" timestamp="2026-09-01T12:00:00Z" changeset="1" uid="1" user="generator"/>
  <node id="402" lat="49.0952490662" lon="31.2575973696" version="1" timestamp="2026-09-01T12:00:00Z" changeset="1" uid="1" user="generator"/>
  <node id="403" lat="49.0968150678" lon="31.2575973696" version="1" timestamp="2026-09-01T12:00:00Z" changeset="1" uid="1" user="generator"/>
  <node id="404" lat="49.1001571492" lon="31.3250286648" version="1" timestamp="2026-09-01T12:00:00Z" changeset="1" uid="1" user="generator"/>
  <node id="405" lat="49.1001571492" lon="31.3272280106" version="1" timestamp="2026-09-01T12:00:00Z" changeset="1" uid="1" user="generator"/>
  <node id="406" lat="49.0999321489" lon="31.3275716584" version="1" timestamp="2026-09-01T12:00:00Z" changeset="1" uid="1" user="generator"/>
  <node id="407" lat="49.0984921475" lon="31.3275716584" version="1" timestamp="2026-09-01T12:00:00Z" changeset="1" uid="1" user="generator"/>
  <node id="408" lat="49.0982671473" lon="31.3272280106" version="1" timestamp="2026-09-01T12:00:00Z" changeset="1" uid="1" user="generator"/>
  <node id="409" lat="49.0982671473" lon="31.3250286648" version="1" timestamp="2026-09-01T12:00:00Z" changeset="1" uid="1" user="generator"/>
  <node id="410" lat="49.0984921475" lon="31.3246850171" version="1" timestamp="2026-09-01T12:00:00Z" changeset="1" uid="1" user="generator"/>
  <node id="411" lat="49.0999321489" lon="31.3246850171" version="1" timestamp="2026-09-01T12:00:00Z" changeset="1" uid="1" user="generator"/>
  <node id="412" lat="49.1218387198" lon="31.2916778543" version="1" timestamp="2026-09-01T12:00:00Z" changeset="1" uid="1" user="generator"/>
  <node id="413" lat="49.1218387198" lon="31.2939459296" version="1" timestamp="2026-09-01T12:00:00Z" changeset="1" uid="1" user="generator"/>
  <node id="414" lat="49.1216137196" lon="31.2942895774" version="1" timestamp="2026-09-01T12:00:00Z" changeset="1" uid="1" user="generator"/>
  <node id="415" lat="49.1201287181" lon="31.2942895774" version="1" timestamp="2026-09-01T12:00:00Z" changeset="1" uid="1" user="generator"/>
  <node id="416" lat="49.1199037179" lon="31.2939459296" version="1" timestamp="2026-09-01T12:00:00Z" changeset="1" uid="1" user="generator"/>
  <node id="417" lat="49.1199037179" lon="31.2916778543" version="1" timestamp="2026-09-01T12:00:00Z" changeset="1" uid="1" user="generator"/>
  <node id="418" lat="49.1201287181" lon="31.2913342065" version="1" timestamp="2026-09-01T12:00:00Z" changeset="1" uid="1" user="generator"/>
  <node id="419" lat="49.1216137196" lon="31.2913342065" version="1" timestamp="2026-09-01T12:00:00Z" changeset="1" uid="1" user="generator"/>
  <node id="420" lat="49.0742584893" lon="31.3397404049" version="1" timestamp="2026-09-01T12:00:00Z" changeset="1" uid="1" user="generator"/>
  <node id="421" lat="49.0742584893" lon="31.3420772097" version="1" timestamp="2026-09-01T12:00:00Z" changeset="1" uid="1" user="generator"/>
  <node id="422" lat="49.0740334890" lon="31.3424208575" version="1" timestamp="2026-09-01T12:00:00Z" changeset="1" uid="1" user="generator"/>
  <node id="423" lat="49.0725034875" lon="31.3424208575" version="1" timestamp="2026-09-01T12:00:00Z" changeset="1" uid="1" user="generator"/>
  <node id="424" lat="49.0722784873" lon="31.3420772097" version="1" timestamp="2026-09-01T12:00:00Z" changeset="1" uid="1" user="generator"/>
  <node id="425" lat="49.0722784873" lon="31.3397404049" version="1" timestamp="2026-09-01T12:00:00Z" changeset="1" uid="1" user="generator"/>
  <node id="426" lat="49.0725034875" lon="31.3393967571" version="1" timestamp="2026-09-01T12:00:00Z" changeset="1" uid="1" user="generator"/>
  <node id="427" lat="49.0740334890" lon="31.3393967571" version="1" timestamp="2026-09-01T12:00:00Z" changeset="1" uid="1" user="generator"/>
  <node id="428" lat="49.0707634438" lon="31.2885919248" version="1" timestamp="2026-09-01T12:00:00Z" changeset="1" uid="1" user="generator"/>
  <node id="429" lat="49.0707634438" lon="31.2909837133" version="1" timestamp="2026-09-01T12:00:00Z" changeset="1" uid="1" user="generator"/>
  <node id="430" lat="49.0705384435" lon="31.2913273611" version="1" timestamp="2026-09-01T12:00:00Z" changeset="1" uid="1" user="generator"/>
  <node id="431" lat="49.0689724420" lon="31.2913273611" version="1" timestamp="2026-09-01T12:00:00Z" changeset="1" uid="1" user="generator"/>
  <node id="432" lat="49.0687474417" lon="31.2909837133" version="1" timestamp="2026-09-01T12:00:00Z" changeset="1" uid="1" user="generator"/>
  <node id="433" lat="49.0687474417" lon="31.2885919248" version="1" timestamp="2026-09-01T12:00:00Z" changeset="1" uid="1" user="generator"/>
  <node id="434" lat="49.0689724420" lon="31.2882482770" version="1" timestamp="2026-09-01T12:00:00Z" changeset="1" uid="1" user="generator"/>
  <node id="435" lat="49.0705384435" lon="31.2882482770" version="1" timestamp="2026-09-01T12:00:00Z" changeset="1" uid="1" user="generator"/>
  <node id="436" lat="49.1145750916" lon="31.3463978108" version="1" timestamp="2026-09-01T12:00:00Z" changeset="1" uid="1" user="generator"/>
  <node id="437" lat="49.1145750916" lon="31.3485971565" version="1" timestamp="2026-09-01T12:00:00Z" changeset="1" uid="1" user="generator"/>
  <node id="438" lat="49.1143500914" lon="31.3489408043" version="1" timestamp="2026-09-01T12:00:00Z" changeset="1" uid="1" user="generator"/>
  <node id="439" lat="49.1129100899" lon="31.3489408043" version="1" timestamp="2026-09-01T12:00:00Z" changeset="1" uid="1" user="generator"/>
  <node id="440" lat="49.1126850897" lon="31.3485971565" version="1" timestamp="2026-09-01T12:00:00Z" changeset="1" uid="1" user="generator"/>
  <node id="441" lat="49.1126850897" lon="31.3463978108" version="1" timestamp="2026-09-01T12:00:00Z" changeset="1" uid="1" user="generator"/>
  <node id="442" lat="49.1129100899" lon="31.3460541630" version="1" timestamp="2026-09-01T12:00:00Z" changeset="1" uid="1" user="generator"/>
  <node id="443" lat="49.1143500914" lon="31.3460541630" version="1" timestamp="2026-09-01T12:00:00Z" changeset="1" uid="1" user="generator"/>
  <node id="444" lat="49.0802550063" lon="31.2588651687" version="1" timestamp="2026-09-01T12:00:00Z" changeset="1" uid="1" user="generator"/>
  <node id="445" lat="49.0802550063" lon="31.2611332440" version="1" timestamp="2026-09-01T12:00:00Z" changeset="1" uid="1" user="generator"/>
  <node id="446" lat="49.0800300060" lon="31.2614768918" version="1" timestamp="2026-09-01T12:00:00Z" changeset="1" uid="1" user="generator"/>
  <node id="447" lat="49.0785450045" lon="31.2614768918" version="1" timestamp="2026-09-01T12:00:00Z" changeset="1" uid="1" user="generator"/>
  <node id="448" lat="49.0783200043" lon="31.2611332440" version="1" timestamp="2026-09-01T12:00:00Z" changeset="1" uid="1" user="generator"/>
  <node id="449" lat="49.0783200043" lon="31.2588651687" version="1" timestamp="2026-09-01T12:00:00Z" changeset="1" uid="1" user="generator"/>
  <node id="450" lat="49.0785450045" lon="31.2585215209" version="1" timestamp="2026-09-01T12:00:00Z" changeset="1" uid="1" user="generator"/>
  <node id="451" lat="49.0800300060" lon="31.2585215209" version="1" timestamp="2026-09-01T12:00:00Z" changeset="1" uid="1" user="generator"/>
  <node id="452" lat="49.1229933490" lon="31.3030289527" version="1" timestamp="2026-09-01T12:00:00Z" changeset="1" uid="1" user="generator"/>
  <node id="453" lat="49.1229933490" lon="31.3053657576" version="1" timestamp="2026-09-01T12:00:00Z" changeset="1" uid="1" user="generator"/>
  <node id="454" lat="49.1227683488" lon="31.3057094054" version="1" timestamp="2026-09-01T12:00:00Z" changeset="1" uid="1" user="generator"/>
  <node id="455" lat="49.1212383472" lon="31.3057094054" version="1" timestamp="2026-09-01T12:00:00Z" changeset="1" uid="1" user="generator"/>
  <node id="456" lat="49.1210133470" lon="31.3053657576" version="1" timestamp="2026-09-01T12:00:00Z" changeset="1" uid="1" user="generator"/>
  <node id="457" lat="49.1210133470" lon="31.3030289527" version="1" timestamp="2026-09-01T12:00:00Z" changeset="1" uid="1" user="generator"/>
  <node id="458" lat="49.1212383472" lon="31.3026853050" version="1" timestamp="2026-09-01T12:00:00Z" changeset="1" uid="1" user="generator"/>
  <node id="459" lat="49.1227683488" lon="31.3026853050" version="1" timestamp="2026-09-01T12:00:00Z" changeset="1" uid="1" user="generator"/>
  <node id="460" lat="49.0725975196" lon="31.3150652024" version="1" timestamp="2026-09-01T12:00:00Z" changeset="1" uid="1" user="generator"/>
  <node id="461" lat="49.0725975196" lon="31.3174569909" version="1" timestamp="2026-09-01T12:00:00Z" changeset="1" uid="1" user="generator"/>
  <node id="462" lat="49.0723725194" lon="31.3178006387" version="1" timestamp="2026-09-01T12:00:00Z" changeset="1" uid="1" user="generator"/>
  <node id="463" lat="49.0708065178" lon="31.3178006387" version="1" timestamp="2026-09-01T12:00:00Z" changeset="1" uid="1" user="generator"/>
  <node id="464" lat="49.0705815176" lon="31.3174569909" version="1" timestamp="2026-09-01T12:00:00Z" changeset="1" uid="1" user="generator"/>
  <node id="465" lat="49.0705815176" lon="31.3150652024" version="1" timestamp="2026-09-01T12:00:00Z" changeset="1" uid="1" user="generator"/>
  <node id="466" lat="49.0708065178" lon="31.3147215546" version="1" timestamp="2026-09-01T12:00:00Z" changeset="1" uid="1" user="generator"/>
  <node id="467" lat="49.0723725194" lon="31.3147215546" version="1" timestamp="2026-09-01T12:00:00Z" changeset="1" uid="1" user="generator"/>
  <node id="468" lat="49.1368637039" lon="31.2436967483" version="1" timestamp="2026-09-01T12:00:00Z" changeset="1" uid="1" user="generator"/>
  <node id="469" lat="49.1355300465" lon="31.2456839259" version="1" timestamp="2026-09-01T12:00:00Z" changeset="1" uid="1" user="generator"/>
  <node id="470" lat="49.1347168507" lon="31.2467691106" version="1" timestamp="2026-09-01T12:00:00Z" changeset="1" uid="1" user="generator"/>
  <node id="471" lat="49.1338803269" lon="31.2478121366" version="1" timestamp="2026-09-01T12:00:00Z" changeset="1" uid="1" user="generator"/>
  <node id="472" lat="49.1318625879" lon="31.2501168173" version="1" timestamp="2026-09-01T12:00:00Z" changeset="1" uid="1" user="generator"/>
  <node id="473" lat="49.1277180657" lon="31.2544958796" version="1" timestamp="2026-09-01T12:00:00Z" changeset="1" uid="1" user="generator"/>
  <node id="474" lat="49.1259732700" lon="31.2564398676" version="1" timestamp="2026-09-01T12:00:00Z" changeset="1" uid="1" user="generator"/>
  <node id="475" lat="49.1251258291" lon="31.2574621373" version="1" timestamp="2026-09-01T12:00:00Z" changeset="1" uid="1" user="generator"/>
  <node id="476" lat="49.1243037503" lon="31.2585315554" version="1" timestamp="2026-09-01T12:00:00Z" changeset="1" uid="1" user="generator"/>
  <node id="477" lat="49.1235152235" lon="31.2596582665" version="1" timestamp="2026-09-01T12:00:00Z" changeset="1" uid="1" user="generator"/>
  <node id="478" lat="49.1228909559" lon="31.2606480958" version="1" timestamp="2026-09-01T12:00:00Z" changeset="1" uid="1" user="generator"/>
  <node id="479" lat="49.1221911332" lon="31.2619038123" version="1" timestamp="2026-09-01T12:00:00Z" changeset="1" uid="1" user="generator"/>
  <node id="480" lat="49.1216589627" lon="31.2630118564" version="1" timestamp="2026-09-01T12:00:00Z" changeset="1" uid="1" user="generator"/>
  <node id="481" lat="49.1211817462" lon="31.2641768361" version="1" timestamp="2026-09-01T12:00:00Z" changeset="1" uid="1" user="generator"/>
  <node id="482" lat="49.1206780607" lon="31.2656354148" version="1" timestamp="2026-09-01T12:00:00Z" changeset="1" uid="1" user="generator"/>
  <node id="483" lat="49.1202408312" lon="31.2671433000" version="1" timestamp="2026-09-01T12:00:00Z" changeset="1" uid="1" user="generator"/>
  <node id="484" lat="49.1198574939" lon="31.2686851238" version="1" timestamp="2026-09-01T12:00:00Z" changeset="1" uid="1" user="generator"/>
  <node id="485" lat="49.1194589105" lon="31.2705104983" version="1" timestamp="2026-09-01T12:00:00Z" changeset="1" uid="1" user="generator"/>
  <node id="486" lat="49.1183955594" lon="31.2757629897" version="1" timestamp="2026-09-01T12:00:00Z" changeset="1" uid="1" user="generator"/>
  <node id="487" lat="49.1180369540" lon="31.2773186969" version="1" timestamp="2026-09-01T12:00:00Z" changeset="1" uid="1" user="generator"/>
  <node id="488" lat="49.1176334836" lon="31.2788484656" version="1" timestamp="2026-09-01T12:00:00Z" changeset="1" uid="1" user="generator"/>
  <node id="489" lat="49.1170886681" lon="31.2805830209" version="1" timestamp="2026-09-01T12:00:00Z" changeset="1" uid="1" user="generator"/>
  <node id="490" lat="49.1165460575" lon="31.2820085818" version="1" timestamp="2026-09-01T12:00:00Z" changeset="1" uid="1" user="generator"/>
  <node id="491" lat="49.1159294309" lon="31.2833621692" version="1" timestamp="2026-09-01T12:00:00Z" changeset="1" uid="1" user="generator"/>
  <node id="492" lat="49.1151473391" lon="31.2848705355" version="1" timestamp="2026-09-01T12:00:00Z" changeset="1" uid="1" user="generator"/>
  <node id="493" lat="49.1140712351" lon="31.2867193605" version="1" timestamp="2026-09-01T12:00:00Z" changeset="1" uid="1" user="generator"/>
  <node id="494" lat="49.1129343449" lon="31.2884814764" version="1" timestamp="2026-09-01T12:00:00Z" changeset="1" uid="1" user="generator"/>
  <node id="495" lat="49.1116186786" lon="31.2903571747" version="1" timestamp="2026-09-01T12:00:00Z" changeset="1" uid="1" user="generator"/>
  <node id="496" lat="49.1101263421" lon="31.2923441736" version="1" timestamp="2026-09-01T12:00:00Z" changeset="1" uid="1" user="generator"/>
  <node id="497" lat="49.1083236583" lon="31.2946223934" version="1" timestamp="2026-09-01T12:00:00Z" changeset="1" uid="1" user="generator"/>
  <node id="498" lat="49.1036965467" lon="31.3003102177" version="1" timestamp="2026-09-01T12:00:00Z" changeset="1" uid="1" user="generator"/>
  <node id="499" lat="49.1017640018" lon="31.3028041659" version="1" timestamp="2026-09-01T12:00:00Z" changeset="1" uid="1" user="generator">
    <tag k="railway" v="level_crossing"/>
  </node>
  <node id="500" lat="49.0997005787" lon="31.3054384597" version="1" timestamp="2026-09-01T12:00:00Z" changeset="1" uid="1" user="generator"/>
  <node id="501" lat="49.0980040050" lon="31.3074798650" version="1" timestamp="2026-09-01T12:00:00Z" changeset="1" uid="1" user="generator"/>
  <node id="502" lat="49.0940076140" lon="31.3121692688" version="1" timestamp="2026-09-01T12:00:00Z" changeset="1" uid="1" user="generator"/>
  <node id="503" lat="49.0921772732" lon="31.3143954466" version="1" timestamp="2026-09-01T12:00:00Z" changeset="1" uid="1" user="generator"/>
  <node id="504" lat="49.0902610633" lon="31.3168942058" version="1" timestamp="2026-09-01T12:00:00Z" changeset="1" uid="1" user="generator"/>
  <node id="505" lat="49.0886940357" lon="31.3191637382" version="1" timestamp="2026-09-01T12:00:00Z" changeset="1" uid="1" user="generator"/>
  <node id="506" lat="49.0878267138" lon="31.3205592781" version="1" timestamp="2026-09-01T12:00:00Z" changeset="1" uid="1" user="generator"/>
  <node id="507" lat="49.0871207351" lon="31.3218071731" version="1" timestamp="2026-09-01T12:00:00Z" changeset="1" uid="1" user="generator"/>
  <node id="508" lat="49.0864706375" lon="31.3231238252" version="1" timestamp="2026-09-01T12:00:00Z" changeset="1" uid="1" user="generator"/>
  <node id="509" lat="49.0858780589" lon="31.3245024301" version="1" timestamp="2026-09-01T12:00:00Z" changeset="1" uid="1" user="generator"/>
  <node id="510" lat="49.0853355023" lon="31.3259283622" version="1" timestamp="2026-09-01T12:00:00Z" changeset="1" uid="1" user="generator"/>
  <node id="511" lat="49.0848324828" lon="31.3273878206" version="1" timestamp="2026-09-01T12:00:00Z" changeset="1" uid="1" user="generator"/>
  <node id="512" lat="49.0832724303" lon="31.3323425342" version="1" timestamp="2026-09-01T12:00:00Z" changeset="1" uid="1" user="generator"/>
  <node id="513" lat="49.0827001917" lon="31.3340568005" version="1" timestamp="2026-09-01T12:00:00Z" changeset="1" uid="1" user="generator"/>
  <node id="514" lat="49.0820783451" lon="31.3357301178" version="1" timestamp="2026-09-01T12:00:00Z" changeset="1" uid="1" user="generator"/>
  <node id="515" lat="49.0813880984" lon="31.3373394341" version="1" timestamp="2026-09-01T12:00:00Z" changeset="1" uid="1" user="generator"/>
  <node id="516" lat="49.0806159336" lon="31.3388592370" version="1" timestamp="2026-09-01T12:00:00Z" changeset="1" uid="1" user="generator"/>
  <node id="517" lat="49.0797561268" lon="31.3402647976" version="1" timestamp="2026-09-01T12:00:00Z" changeset="1" uid="1" user="generator"/>
  <node id="518" lat="49.0788166338" lon="31.3415461227" version="1" timestamp="2026-09-01T12:00:00Z" changeset="1" uid="1" user="generator"/>
  <node id="519" lat="49.0778167418" lon="31.3427163121" version="1" timestamp="2026-09-01T12:00:00Z" changeset="1" uid="1" user="generator"/>
  <node id="520" lat="49.0764688555" lon="31.3440877967" version="1" timestamp="2026-09-01T12:00:00Z" changeset="1" uid="1" user="generator"/>
  <node id="521" lat="49.0744455094" lon="31.3458816656" version="1" timestamp="2026-09-01T12:00:00Z" changeset="1" uid="1" user="generator"/>
  <node id="522" lat="49.0695063675" lon="31.3498456702" version="1" timestamp="2026-09-01T12:00:00Z" changeset="1" uid="1" user="generator"/>
  <node id="523" lat="49.0673119043" lon="31.3517365852" version="1" timestamp="2026-09-01T12:00:00Z" changeset="1" uid="1" user="generator"/>
  <node id="524" lat="49.0660903511" lon="31.3529006302" version="1" timestamp="2026-09-01T12:00:00Z" changeset="1" uid="1" user="generator"/>
  <node id="525" lat="49.0650498060" lon="31.3539853750" version="1" timestamp="2026-09-01T12:00:00Z" changeset="1" uid="1" user="generator"/>
  <node id="526" lat="49.0640433440" lon="31.3551426020" version="1" timestamp="2026-09-01T12:00:00Z" changeset="1" uid="1" user="generator"/>
  <node id="527" lat="49.0631364221" lon="31.3563032517" version="1" timestamp="2026-09-01T12:00:00Z" changeset="1" uid="1" user="generator"/>
  <node id="528" lat="49.1325235035" lon="31.3563032517" version="1" timestamp="2026-09-01T12:00:00Z" changeset="1" uid="1" user="generator"/>
  <node id="529" lat="49.1304596845" lon="31.3527497963" version="1" timestamp="2026-09-01T12:00:00Z" changeset="1" uid="1" user="generator"/>
  <node id="530" lat="49.1282182412" lon="31.3488021493" version="1" timestamp="2026-09-01T12:00:00Z" changeset="1" uid="1" user="generator"/>
  <node id="531" lat="49.1130047430" lon="31.3216306619" version="1" timestamp="2026-09-01T12:00:00Z" changeset="1" uid="1" user="generator"/>
  <node id="532" lat="49.1095373275" lon="31.3156674107" version="1" timestamp="2026-09-01T12:00:00Z" changeset="1" uid="1" user="generator"/>
  <node id="533" lat="49.1054050904" lon="31.3087681868" version="1" timestamp="2026-09-01T12:00:00Z" changeset="1" uid="1" user="generator"/>
  <node id="534" lat="49.0981345411" lon="31.2969373698" version="1" timestamp="2026-09-01T12:00:00Z" changeset="1" uid="1" user="generator"/>
  <node id="535" lat="49.0946440226" lon="31.2913808052" version="1" timestamp="2026-09-01T12:00:00Z" changeset="1" uid="1" user="generator"/>
  <node id="536" lat="49.0910013590" lon="31.2856663413" version="1" timestamp="2026-09-01T12:00:00Z" changeset="1" uid="1" user="generator"/>
  <node id="537" lat="49.0875763876" lon="31.2803963377" version="1" timestamp="2026-09-01T12:00:00Z" changeset="1" uid="1" user="generator"/>
  <node id="538" lat="49.0800456570" lon="31.2689513271" version="1" timestamp="2026-09-01T12:00:00Z" changeset="1" uid="1" user="generator"/>
  <node id="539" lat="49.0756391896" lon="31.2624600543" version="1" timestamp="2026-09-01T12:00:00Z" changeset="1" uid="1" user="generator"/>
  <node id="540" lat="49.0746028296" lon="31.2609319351" version="1" timestamp="2026-09-01T12:00:00Z" changeset="1" uid="1" user="generator"/>
  <node id="541" lat="49.0717965278" lon="31.2566618916" version="1" timestamp="2026-09-01T12:00:00Z" changeset="1" uid="1" user="generator"/>
  <node id="542" lat="49.0693310833" lon="31.2526530203" version="1" timestamp="2026-09-01T12:00:00Z" changeset="1" uid="1" user="generator"/>
  <node id="543" lat="49.0672014292" lon="31.2489216790" version="1" timestamp="2026-09-01T12:00:00Z" changeset="1" uid="1" user="generator"/>
  <node id="544" lat="49.0643761464" lon="31.2436967483" version="1" timestamp="2026-09-01T12:00:00Z" changeset="1" uid="1" user="generator"/>
  <node id="545" lat="49.1209883000" lon="31.2667831021" version="1" timestamp="2026-09-01T12:00:00Z" changeset="1" uid="1" user="generator"/>
  <node id="546" lat="49.1200405990" lon="31.2708143380" version="1" timestamp="2026-09-01T12:00:00Z" changeset="1" uid="1" user="generator"/>
  <node id="547" lat="49.1197770158" lon="31.2661188310" version="1" timestamp="2026-09-01T12:00:00Z" changeset="1" uid="1" user="generator"/>
  <node id="548" lat="49.1188293148" lon="31.2701500806" version="1" timestamp="2026-09-01T12:00:00Z" changeset="1" uid="1" user="generator"/>
  <node id="549" lat="49.1211075681" lon="31.2675977398" version="1" timestamp="2026-09-01T12:00:00Z" changeset="1" uid="1" user="generator"/>
  <node id="550" lat="49.1193456993" lon="31.2666315397" version="1" timestamp="2026-09-01T12:00:00Z" changeset="1" uid="1" user="generator"/>
  <node id="551" lat="49.1207897418" lon="31.2689496914" version="1" timestamp="2026-09-01T12:00:00Z" changeset="1" uid="1" user="generator"/>
  <node id="552" lat="49.1190278730" lon="31.2679834913" version="1" timestamp="2026-09-01T12:00:00Z" changeset="1" uid="1" user="generator"/>
  <node id="553" lat="49.1204719155" lon="31.2703016292" version="1" timestamp="2026-09-01T12:00:00Z" changeset="1" uid="1" user="generator"/>
  <node id="554" lat="49.1187100467" lon="31.2693354291" version="1" timestamp="2026-09-01T12:00:00Z" changeset="1" uid="1" user="generator"/>
  <node id="555" lat="49.1038763219" lon="31.3017067748" version="1" timestamp="2026-09-01T12:00:00Z" changeset="1" uid="1" user="generator"/>
  <node id="556" lat="49.1007545698" lon="31.3058431944" version="1" timestamp="2026-09-01T12:00:00Z" changeset="1" uid="1" user="generator"/>
  <node id="557" lat="49.1027734338" lon="31.2997651374" version="1" timestamp="2026-09-01T12:00:00Z" changeset="1" uid="1" user="generator"/>
  <node id="558" lat="49.0996516817" lon="31.3039015569" version="1" timestamp="2026-09-01T12:00:00Z" changeset="1" uid="1" user="generator"/>
  <node id="559" lat="49.1036130356" lon="31.3028290597" version="1" timestamp="2026-09-01T12:00:00Z" changeset="1" uid="1" user="generator"/>
  <node id="560" lat="49.1020088290" lon="31.3000048523" version="1" timestamp="2026-09-01T12:00:00Z" changeset="1" uid="1" user="generator"/>
  <node id="561" lat="49.1025661006" lon="31.3042162696" version="1" timestamp="2026-09-01T12:00:00Z" changeset="1" uid="1" user="generator"/>
  <node id="562" lat="49.1009619030" lon="31.3013920622" version="1" timestamp="2026-09-01T12:00:00Z" changeset="1" uid="1" user="generator"/>
  <node id="563" lat="49.1015191745" lon="31.3056034794" version="1" timestamp="2026-09-01T12:00:00Z" changeset="1" uid="1" user="generator"/>
  <node id="564" lat="49.0999149679" lon="31.3027792720" version="1" timestamp="2026-09-01T12:00:00Z" changeset="1" uid="1" user="generator"/>
  <node id="565" lat="49.0839736210" lon="31.3322984511" version="1" timestamp="2026-09-01T12:00:00Z" changeset="1" uid="1" user="generator"/>
  <node id="566" lat="49.0827424557" lon="31.3358942577" version="1" timestamp="2026-09-01T12:00:00Z" changeset="1" uid="1" user="generator"/>
  <node id="567" lat="49.0829208809" lon="31.3314576275" version="1" timestamp="2026-09-01T12:00:00Z" changeset="1" uid="1" user="generator"/>
  <node id="568" lat="49.0816897067" lon="31.3350534203" version="1" timestamp="2026-09-01T12:00:00Z" changeset="1" uid="1" user="generator"/>
  <node id="569" lat="49.0840101880" lon="31.3330815419" version="1" timestamp="2026-09-01T12:00:00Z" changeset="1" uid="1" user="generator"/>
  <node id="570" lat="49.0824789265" lon="31.3318585132" version="1" timestamp="2026-09-01T12:00:00Z" changeset="1" uid="1" user="generator"/>
  <node id="571" lat="49.0835973036" lon="31.3342874432" version="1" timestamp="2026-09-01T12:00:00Z" changeset="1" uid="1" user="generator"/>
  <node id="572" lat="49.0820660331" lon="31.3330644282" version="1" timestamp="2026-09-01T12:00:00Z" changeset="1" uid="1" user="generator"/>
  <node id="573" lat="49.0831844102" lon="31.3354933582" version="1" timestamp="2026-09-01T12:00:00Z" changeset="1" uid="1" user="generator"/>
  <node id="574" lat="49.0816531397" lon="31.3342703433" version="1" timestamp="2026-09-01T12:00:00Z" changeset="1" uid="1" user="generator"/>
  <node id="575" lat="49.1252617473" lon="31.2572981898" version="1" timestamp="2026-09-01T12:00:00Z" changeset="1" uid="1" user="generator"/>
  <node id="576" lat="49.1259560260" lon="31.2583773813" version="1" timestamp="2026-09-01T12:00:00Z" changeset="1" uid="1" user="generator"/>
  <node id="577" lat="49.1262398502" lon="31.2590510409" version="1" timestamp="2026-09-01T12:00:00Z" changeset="1" uid="1" user="generator"/>
  <node id="578" lat="49.0752172242" lon="31.3451974766" version="1" timestamp="2026-09-01T12:00:00Z" changeset="1" uid="1" user="generator"/>
  <node id="579" lat="49.0741159741" lon="31.3431621608" version="1" timestamp="2026-09-01T12:00:00Z" changeset="1" uid="1" user="generator"/>
  <node id="580" lat="49.0738371718" lon="31.3424208575" version="1" timestamp="2026-09-01T12:00:00Z" changeset="1" uid="1" user="generator"/>
  <node id="581" lat="49.0837329067" lon="31.3308800793" version="1" timestamp="2026-09-01T12:00:00Z" changeset="1" uid="1" user="generator"/>
  <node id="582" lat="49.0840519841" lon="31.3309557917" version="1" timestamp="2026-09-01T12:00:00Z" changeset="1" uid="1" user="generator"/>
  <node id="583" lat="49.0846999847" lon="31.3319454973" version="1" timestamp="2026-09-01T12:00:00Z" changeset="1" uid="1" user="generator"/>
  <node id="584" lat="49.0857799858" lon="31.3352445160" version="1" timestamp="2026-09-01T12:00:00Z" changeset="1" uid="1" user="generator"/>
  <node id="585" lat="49.0863003663" lon="31.3359052819" version="1" timestamp="2026-09-01T12:00:00Z" changeset="1" uid="1" user="generator"/>
  <node id="586" lat="49.1041879742" lon="31.2997061399" version="1" timestamp="2026-09-01T12:00:00Z" changeset="1" uid="1" user="generator"/>
  <node id="587" lat="49.1006840007" lon="31.2940067828" version="1" timestamp="2026-09-01T12:00:00Z" changeset="1" uid="1" user="generator"/>
  <node id="588" lat="49.1004356904" lon="31.2934318188" version="1" timestamp="2026-09-01T12:00:00Z" changeset="1" uid="1" user="generator"/>
  <node id="589" lat="49.1015480015" lon="31.2926871753" version="1" timestamp="2026-09-01T12:00:00Z" changeset="1" uid="1" user="generator"/>
  <node id="590" lat="49.1024120024" lon="31.2897180585" version="1" timestamp="2026-09-01T12:00:00Z" changeset="1" uid="1" user="generator"/>
  <node id="591" lat="49.1026078786" lon="31.2890633820" version="1" timestamp="2026-09-01T12:00:00Z" changeset="1" uid="1" user="generator"/>
  <node id="592" lat="49.1024936595" lon="31.2894451472" version="1" timestamp="2026-09-01T12:00:00Z" changeset="1" uid="1" user="generator"/>
  <node id="593" lat="49.1015480015" lon="31.2880685492" version="1" timestamp="2026-09-01T12:00:00Z" changeset="1" uid="1" user="generator"/>
  <node id="594" lat="49.1002520003" lon="31.2850994324" version="1" timestamp="2026-09-01T12:00:00Z" changeset="1" uid="1" user="generator"/>
  <node id="595" lat="49.1001329391" lon="31.2843185409" version="1" timestamp="2026-09-01T12:00:00Z" changeset="1" uid="1" user="generator"/>
  <node id="596" lat="49.0983079983" lon="31.2864190399" version="1" timestamp="2026-09-01T12:00:00Z" changeset="1" uid="1" user="generator"/>
  <node id="597" lat="49.0977817588" lon="31.2866965148" version="1" timestamp="2026-09-01T12:00:00Z" changeset="1" uid="1" user="generator"/>
  <node id="598" lat="49.0981150021" lon="31.2865208008" version="1" timestamp="2026-09-01T12:00:00Z" changeset="1" uid="1" user="generator"/>
  <node id="599" lat="49.0970119970" lon="31.2847695305" version="1" timestamp="2026-09-01T12:00:00Z" changeset="1" uid="1" user="generator"/>
  <node id="600" lat="49.0948519949" lon="31.2834499231" version="1" timestamp="2026-09-01T12:00:00Z" changeset="1" uid="1" user="generator"/>
  <node id="601" lat="49.0944927415" lon="31.2827802360" version="1" timestamp="2026-09-01T12:00:00Z" changeset="1" uid="1" user="generator"/>
  <node id="602" lat="49.0967513028" lon="31.2846102704" version="1" timestamp="2026-09-01T12:00:00Z" changeset="1" uid="1" user="generator"/>
  <node id="603" lat="49.0972279972" lon="31.2791611988" version="1" timestamp="2026-09-01T12:00:00Z" changeset="1" uid="1" user="generator"/>
  <node id="604" lat="49.0972986743" lon="31.2783937921" version="1" timestamp="2026-09-01T12:00:00Z" changeset="1" uid="1" user="generator"/>
  <node id="605" lat="49.0976599977" lon="31.2791611988" version="1" timestamp="2026-09-01T12:00:00Z" changeset="1" uid="1" user="generator"/>
  <node id="606" lat="49.0991719992" lon="31.2768518858" version="1" timestamp="2026-09-01T12:00:00Z" changeset="1" uid="1" user="generator"/>
  <node id="607" lat="49.0996039996" lon="31.2755322783" version="1" timestamp="2026-09-01T12:00:00Z" changeset="1" uid="1" user="generator"/>
  <node id="608" lat="49.0997028107" lon="31.2746778325" version="1" timestamp="2026-09-01T12:00:00Z" changeset="1" uid="1" user="generator"/>
  <node id="609" lat="49.0996409986" lon="31.2752123560" version="1" timestamp="2026-09-01T12:00:00Z" changeset="1" uid="1" user="generator"/>
  <node id="610" lat="49.0961479961" lon="31.2719033578" version="1" timestamp="2026-09-01T12:00:00Z" changeset="1" uid="1" user="generator"/>
  <node id="611" lat="49.0956178596" lon="31.2716166181" version="1" timestamp="2026-09-01T12:00:00Z" changeset="1" uid="1" user="generator"/>
  <node id="612" lat="49.0958880939" lon="31.2717627921" version="1" timestamp="2026-09-01T12:00:00Z" changeset="1" uid="1" user="generator"/>
  <node id="613" lat="49.0961479961" lon="31.2712435540" version="1" timestamp="2026-09-01T12:00:00Z" changeset="1" uid="1" user="generator"/>
  <node id="614" lat="49.0967959968" lon="31.2695940447" version="1" timestamp="2026-09-01T12:00:00Z" changeset="1" uid="1" user="generator"/>
  <node id="615" lat="49.0968922159" lon="31.2689062818" version="1" timestamp="2026-09-01T12:00:00Z" changeset="1" uid="1" user="generator"/>
  <node id="616" lat="49.0968401328" lon="31.2692785486" version="1" timestamp="2026-09-01T12:00:00Z" changeset="1" uid="1" user="generator"/>
  <node id="617" lat="49.0965799966" lon="31.2692641428" version="1" timestamp="2026-09-01T12:00:00Z" changeset="1" uid="1" user="generator"/>
  <node id="618" lat="49.0954999955" lon="31.2676146335" version="1" timestamp="2026-09-01T12:00:00Z" changeset="1" uid="1" user="generator"/>
  <node id="619" lat="49.0954999955" lon="31.2613464981" version="1" timestamp="2026-09-01T12:00:00Z" changeset="1" uid="1" user="generator"/>
  <node id="620" lat="49.0956613387" lon="31.2606764536" version="1" timestamp="2026-09-01T12:00:00Z" changeset="1" uid="1" user="generator"/>
  <node id="621" lat="49.1150767521" lon="31.2849918157" version="1" timestamp="2026-09-01T12:00:00Z" changeset="1" uid="1" user="generator"/>
  <node id="622" lat="49.1194760195" lon="31.2913675678" version="1" timestamp="2026-09-01T12:00:00Z" changeset="1" uid="1" user="generator"/>
  <node id="623" lat="49.1199037179" lon="31.2918103236" version="1" timestamp="2026-09-01T12:00:00Z" changeset="1" uid="1" user="generator"/>
  <node id="624" lat="49.1194760195" lon="31.2949964884" version="1" timestamp="2026-09-01T12:00:00Z" changeset="1" uid="1" user="generator"/>
  <node id="625" lat="49.1212040212" lon="31.3019244275" version="1" timestamp="2026-09-01T12:00:00Z" changeset="1" uid="1" user="generator"/>
  <node id="626" lat="49.1214716005" lon="31.3026853050" version="1" timestamp="2026-09-01T12:00:00Z" changeset="1" uid="1" user="generator"/>
  <node id="627" lat="49.1207876898" lon="31.2653179392" version="1" timestamp="2026-09-01T12:00:00Z" changeset="1" uid="1" user="generator"/>
  <node id="628" lat="49.1164520165" lon="31.2643156149" version="1" timestamp="2026-09-01T12:00:00Z" changeset="1" uid="1" user="generator"/>
  <node id="629" lat="49.1127800128" lon="31.2643156149" version="1" timestamp="2026-09-01T12:00:00Z" changeset="1" uid="1" user="generator"/>
  <node id="630" lat="49.1122786943" lon="31.2628963083" version="1" timestamp="2026-09-01T12:00:00Z" changeset="1" uid="1" user="generator"/>
  <node id="631" lat="49.0922070722" lon="31.3143591986" version="1" timestamp="2026-09-01T12:00:00Z" changeset="1" uid="1" user="generator"/>
  <node id="632" lat="49.0983079983" lon="31.3240278526" version="1" timestamp="2026-09-01T12:00:00Z" changeset="1" uid="1" user="generator"/>
  <node id="633" lat="49.0985908686" lon="31.3246850171" version="1" timestamp="2026-09-01T12:00:00Z" changeset="1" uid="1" user="generator"/>
  <node id="634" lat="49.0743319743" lon="31.3428322589" version="1" timestamp="2026-09-01T12:00:00Z" changeset="1" uid="1" user="generator"/>
  <node id="635" lat="49.0745479745" lon="31.3421724552" version="1" timestamp="2026-09-01T12:00:00Z" changeset="1" uid="1" user="generator"/>
  <node id="636" lat="49.0743319743" lon="31.3339249085" version="1" timestamp="2026-09-01T12:00:00Z" changeset="1" uid="1" user="generator"/>
  <node id="637" lat="49.0738999739" lon="31.3312856936" version="1" timestamp="2026-09-01T12:00:00Z" changeset="1" uid="1" user="generator"/>
  <node id="638" lat="49.0736954127" lon="31.3306020132" version="1" timestamp="2026-09-01T12:00:00Z" changeset="1" uid="1" user="generator"/>
  <node id="639" lat="49.1205560206" lon="31.3029141331" version="1" timestamp="2026-09-01T12:00:00Z" changeset="1" uid="1" user="generator"/>
  <node id="640" lat="49.1181800182" lon="31.3134709928" version="1" timestamp="2026-09-01T12:00:00Z" changeset="1" uid="1" user="generator"/>
  <node id="641" lat="49.1177855658" lon="31.3140254067" version="1" timestamp="2026-09-01T12:00:00Z" changeset="1" uid="1" user="generator"/>
  <node id="642" lat="49.0905319905" lon="31.3352445160" version="1" timestamp="2026-09-01T12:00:00Z" changeset="1" uid="1" user="generator"/>
  <node id="643" lat="49.0942039942" lon="31.3408528477" version="1" timestamp="2026-09-01T12:00:00Z" changeset="1" uid="1" user="generator"/>
  <node id="644" lat="49.0945621406" lon="31.3414408978" version="1" timestamp="2026-09-01T12:00:00Z" changeset="1" uid="1" user="generator"/>
  <node id="645" lat="49.1183356553" lon="31.3127794910" version="1" timestamp="2026-09-01T12:00:00Z" changeset="1" uid="1" user="generator"/>
  <node id="646" lat="49.1268200268" lon="31.3200690302" version="1" timestamp="2026-09-01T12:00:00Z" changeset="1" uid="1" user="generator"/>
  <node id="647" lat="49.1271989092" lon="31.3205745498" version="1" timestamp="2026-09-01T12:00:00Z" changeset="1" uid="1" user="generator"/>
  <node id="648" lat="49.0741159741" lon="31.3309557917" version="1" timestamp="2026-09-01T12:00:00Z" changeset="1" uid="1" user="generator"/>
  <node id="649" lat="49.0743319743" lon="31.3299660861" version="1" timestamp="2026-09-01T12:00:00Z" changeset="1" uid="1" user="generator"/>
  <node id="650" lat="49.0743319743" lon="31.3250175581" version="1" timestamp="2026-09-01T12:00:00Z" changeset="1" uid="1" user="generator"/>
  <node id="651" lat="49.0726039726" lon="31.3184195208" version="1" timestamp="2026-09-01T12:00:00Z" changeset="1" uid="1" user="generator"/>
  <node id="652" lat="49.0723131013" lon="31.3178006387" version="1" timestamp="2026-09-01T12:00:00Z" changeset="1" uid="1" user="generator"/>
  <node id="653" lat="49.0706599707" lon="31.3184195208" version="1" timestamp="2026-09-01T12:00:00Z" changeset="1" uid="1" user="generator"/>
  <node id="654" lat="49.0704439704" lon="31.3180896190" version="1" timestamp="2026-09-01T12:00:00Z" changeset="1" uid="1" user="generator"/>
  <node id="655" lat="49.0702279702" lon="31.3174298152" version="1" timestamp="2026-09-01T12:00:00Z" changeset="1" uid="1" user="generator"/>
  <node id="656" lat="49.0695799696" lon="31.3124812873" version="1" timestamp="2026-09-01T12:00:00Z" changeset="1" uid="1" user="generator"/>
  <node id="657" lat="49.0691311031" lon="31.3118572229" version="1" timestamp="2026-09-01T12:00:00Z" changeset="1" uid="1" user="generator"/>
  <node id="658" lat="49.0944119124" lon="31.3411942274" version="1" timestamp="2026-09-01T12:00:00Z" changeset="1" uid="1" user="generator"/>
  <node id="659" lat="49.0946359946" lon="31.3408528477" version="1" timestamp="2026-09-01T12:00:00Z" changeset="1" uid="1" user="generator"/>
  <node id="660" lat="49.1065160065" lon="31.3408528477" version="1" timestamp="2026-09-01T12:00:00Z" changeset="1" uid="1" user="generator"/>
  <node id="661" lat="49.1068402678" lon="31.3414425748" version="1" timestamp="2026-09-01T12:00:00Z" changeset="1" uid="1" user="generator"/>
  <node id="662" lat="49.1067320067" lon="31.3401930440" version="1" timestamp="2026-09-01T12:00:00Z" changeset="1" uid="1" user="generator"/>
  <node id="663" lat="49.1069480069" lon="31.3398631421" version="1" timestamp="2026-09-01T12:00:00Z" changeset="1" uid="1" user="generator"/>
  <node id="664" lat="49.1093240093" lon="31.3398631421" version="1" timestamp="2026-09-01T12:00:00Z" changeset="1" uid="1" user="generator"/>
  <node id="665" lat="49.1097560098" lon="31.3405229458" version="1" timestamp="2026-09-01T12:00:00Z" changeset="1" uid="1" user="generator"/>
  <node id="666" lat="49.1125640126" lon="31.3454714738" version="1" timestamp="2026-09-01T12:00:00Z" changeset="1" uid="1" user="generator"/>
  <node id="667" lat="49.1128882109" lon="31.3460875930" version="1" timestamp="2026-09-01T12:00:00Z" changeset="1" uid="1" user="generator"/>
  <node id="668" lat="49.0697959698" lon="31.3121513854" version="1" timestamp="2026-09-01T12:00:00Z" changeset="1" uid="1" user="generator"/>
  <node id="669" lat="49.0700119700" lon="31.3114915817" version="1" timestamp="2026-09-01T12:00:00Z" changeset="1" uid="1" user="generator"/>
  <node id="670" lat="49.0700119700" lon="31.2920273716" version="1" timestamp="2026-09-01T12:00:00Z" changeset="1" uid="1" user="generator"/>
  <node id="671" lat="49.0699317889" lon="31.2913273611" version="1" timestamp="2026-09-01T12:00:00Z" changeset="1" uid="1" user="generator"/>
  <node id="672" lat="49.0954999955" lon="31.2649754186" version="1" timestamp="2026-09-01T12:00:00Z" changeset="1" uid="1" user="generator"/>
  <node id="673" lat="49.0805959806" lon="31.2616763999" version="1" timestamp="2026-09-01T12:00:00Z" changeset="1" uid="1" user="generator"/>
  <node id="674" lat="49.0802172422" lon="31.2611909356" version="1" timestamp="2026-09-01T12:00:00Z" changeset="1" uid="1" user="generator"/>
  <node id="675" lat="49.1361080361" lon="31.2907627478" version="1" timestamp="2026-09-01T12:00:00Z" changeset="1" uid="1" user="generator"/>
  <node id="676" lat="49.1361080361" lon="31.3035739369" version="1" timestamp="2026-09-01T12:00:00Z" changeset="1" uid="1" user="generator"/>
  <node id="677" lat="49.1334430884" lon="31.3035739369" version="1" timestamp="2026-09-01T12:00:00Z" changeset="1" uid="1" user="generator"/>
  <node id="678" lat="49.1334430884" lon="31.2907627478" version="1" timestamp="2026-09-01T12:00:00Z" changeset="1" uid="1" user="generator"/>
  <node id="679" lat="49.1361080361" lon="31.3245227054" version="1" timestamp="2026-09-01T12:00:00Z" changeset="1" uid="1" user="generator"/>
  <node id="680" lat="49.1361080361" lon="31.3290863478" version="1" timestamp="2026-09-01T12:00:00Z" changeset="1" uid="1" user="generator"/>
  <node id="681" lat="49.1345240345" lon="31.3290863478" version="1" timestamp="2026-09-01T12:00:00Z" changeset="1" uid="1" user="generator"/>
  <node id="682" lat="49.1334430884" lon="31.3268320184" version="1" timestamp="2026-09-01T12:00:00Z" changeset="1" uid="1" user="generator"/>
  <node id="683" lat="49.1334430884" lon="31.3245227054" version="1" timestamp="2026-09-01T12:00:00Z" changeset="1" uid="1" user="generator"/>
  <node id="684" lat="49.1350280350" lon="31.3339798922" version="1" timestamp="2026-09-01T12:00:00Z" changeset="1" uid="1" user="generator"/>
  <node id="685" lat="49.1361080361" lon="31.3343097940" version="1" timestamp="2026-09-01T12:00:00Z" changeset="1" uid="1" user="generator"/>
  <node id="686" lat="49.1361080361" lon="31.3552035789" version="1" timestamp="2026-09-01T12:00:00Z" changeset="1" uid="1" user="generator"/>
  <node id="687" lat="49.1334430884" lon="31.3552035789" version="1" timestamp="2026-09-01T12:00:00Z" changeset="1" uid="1" user="generator"/>
  <node id="688" lat="49.1334430884" lon="31.3339798922" version="1" timestamp="2026-09-01T12:00:00Z" changeset="1" uid="1" user="generator"/>
  <node id="689" lat="49.1355680356" lon="31.2545285262" version="1" timestamp="2026-09-01T12:00:00Z" changeset="1" uid="1" user="generator"/>
  <node id="690" lat="49.1355680356" lon="31.2710236195" version="1" timestamp="2026-09-01T12:00:00Z" changeset="1" uid="1" user="generator"/>
  <node id="691" lat="49.1287280287" lon="31.2710236195" version="1" timestamp="2026-09-01T12:00:00Z" changeset="1" uid="1" user="generator"/>
  <node id="692" lat="49.1287280287" lon="31.2545285262" version="1" timestamp="2026-09-01T12:00:00Z" changeset="1" uid="1" user="generator"/>
  <node id="693" lat="49.1357120357" lon="31.2724531942" version="1" timestamp="2026-09-01T12:00:00Z" changeset="1" uid="1" user="generator"/>
  <node id="694" lat="49.1357120357" lon="31.2905977968" version="1" timestamp="2026-09-01T12:00:00Z" changeset="1" uid="1" user="generator"/>
  <node id="695" lat="49.1288720289" lon="31.2905977968" version="1" timestamp="2026-09-01T12:00:00Z" changeset="1" uid="1" user="generator"/>
  <node id="696" lat="49.1288720289" lon="31.2724531942" version="1" timestamp="2026-09-01T12:00:00Z" changeset="1" uid="1" user="generator"/>
  <node id="697" lat="49.1331910882" lon="31.2907627478" version="1" timestamp="2026-09-01T12:00:00Z" changeset="1" uid="1" user="generator"/>
  <node id="698" lat="49.1331910882" lon="31.3035739369" version="1" timestamp="2026-09-01T12:00:00Z" changeset="1" uid="1" user="generator"/>
  <node id="699" lat="49.1304901405" lon="31.3035739369" version="1" timestamp="2026-09-01T12:00:00Z" changeset="1" uid="1" user="generator"/>
  <node id="700" lat="49.1304901405" lon="31.2907627478" version="1" timestamp="2026-09-01T12:00:00Z" changeset="1" uid="1" user="generator"/>
  <node id="701" lat="49.1357120357" lon="31.3037388878" version="1" timestamp="2026-09-01T12:00:00Z" changeset="1" uid="1" user="generator"/>
  <node id="702" lat="49.1357120357" lon="31.3243577544" version="1" timestamp="2026-09-01T12:00:00Z" changeset="1" uid="1" user="generator"/>
  <node id="703" lat="49.1303120303" lon="31.3243577544" version="1" timestamp="2026-09-01T12:00:00Z" changeset="1" uid="1" user="generator"/>
  <node id="704" lat="49.1303120303" lon="31.3037388878" version="1" timestamp="2026-09-01T12:00:00Z" changeset="1" uid="1" user="generator"/>
  <node id="705" lat="49.1331910882" lon="31.3342548104" version="1" timestamp="2026-09-01T12:00:00Z" changeset="1" uid="1" user="generator"/>
  <node id="706" lat="49.1331910882" lon="31.3550386279" version="1" timestamp="2026-09-01T12:00:00Z" changeset="1" uid="1" user="generator"/>
  <node id="707" lat="49.1322200322" lon="31.3550386279" version="1" timestamp="2026-09-01T12:00:00Z" changeset="1" uid="1" user="generator"/>
  <node id="708" lat="49.1304920305" lon="31.3520695111" version="1" timestamp="2026-09-01T12:00:00Z" changeset="1" uid="1" user="generator"/>
  <node id="709" lat="49.1304901405" lon="31.3349146141" version="1" timestamp="2026-09-01T12:00:00Z" changeset="1" uid="1" user="generator"/>
  <node id="710" lat="49.1307800308" lon="31.3345847123" version="1" timestamp="2026-09-01T12:00:00Z" changeset="1" uid="1" user="generator"/>
  <node id="711" lat="49.1315360315" lon="31.3342548104" version="1" timestamp="2026-09-01T12:00:00Z" changeset="1" uid="1" user="generator"/>
  <node id="712" lat="49.1302381402" lon="31.2448514048" version="1" timestamp="2026-09-01T12:00:00Z" changeset="1" uid="1" user="generator"/>
  <node id="713" lat="49.1302381402" lon="31.2455112085" version="1" timestamp="2026-09-01T12:00:00Z" changeset="1" uid="1" user="generator"/>
  <node id="714" lat="49.1296280296" lon="31.2461710122" version="1" timestamp="2026-09-01T12:00:00Z" changeset="1" uid="1" user="generator"/>
  <node id="715" lat="49.1293040293" lon="31.2481504234" version="1" timestamp="2026-09-01T12:00:00Z" changeset="1" uid="1" user="generator"/>
  <node id="716" lat="49.1302040302" lon="31.2504597365" version="1" timestamp="2026-09-01T12:00:00Z" changeset="1" uid="1" user="generator"/>
  <node id="717" lat="49.1302381402" lon="31.2511195402" version="1" timestamp="2026-09-01T12:00:00Z" changeset="1" uid="1" user="generator"/>
  <node id="718" lat="49.1301680302" lon="31.2514494421" version="1" timestamp="2026-09-01T12:00:00Z" changeset="1" uid="1" user="generator"/>
  <node id="719" lat="49.1282960283" lon="31.2534288533" version="1" timestamp="2026-09-01T12:00:00Z" changeset="1" uid="1" user="generator"/>
  <node id="720" lat="49.1271512182" lon="31.2534288533" version="1" timestamp="2026-09-01T12:00:00Z" changeset="1" uid="1" user="generator"/>
  <node id="721" lat="49.1271512182" lon="31.2448514048" version="1" timestamp="2026-09-01T12:00:00Z" changeset="1" uid="1" user="generator"/>
  <node id="722" lat="49.1302381402" lon="31.2986254089" version="1" timestamp="2026-09-01T12:00:00Z" changeset="1" uid="1" user="generator"/>
  <node id="723" lat="49.1302040302" lon="31.3197941119" version="1" timestamp="2026-09-01T12:00:00Z" changeset="1" uid="1" user="generator"/>
  <node id="724" lat="49.1271512182" lon="31.3197941119" version="1" timestamp="2026-09-01T12:00:00Z" changeset="1" uid="1" user="generator"/>
  <node id="725" lat="49.1271512182" lon="31.2986254089" version="1" timestamp="2026-09-01T12:00:00Z" changeset="1" uid="1" user="generator"/>
  <node id="726" lat="49.1289080289" lon="31.3316155955" version="1" timestamp="2026-09-01T12:00:00Z" changeset="1" uid="1" user="generator"/>
  <node id="727" lat="49.1293760294" lon="31.3349146141" version="1" timestamp="2026-09-01T12:00:00Z" changeset="1" uid="1" user="generator"/>
  <node id="728" lat="49.1302381402" lon="31.3352445160" version="1" timestamp="2026-09-01T12:00:00Z" changeset="1" uid="1" user="generator"/>
  <node id="729" lat="49.1302381402" lon="31.3494302962" version="1" timestamp="2026-09-01T12:00:00Z" changeset="1" uid="1" user="generator"/>
  <node id="730" lat="49.1290160290" lon="31.3494302962" version="1" timestamp="2026-09-01T12:00:00Z" changeset="1" uid="1" user="generator"/>
  <node id="731" lat="49.1273240273" lon="31.3464611794" version="1" timestamp="2026-09-01T12:00:00Z" changeset="1" uid="1" user="generator"/>
  <node id="732" lat="49.1271512182" lon="31.3458013757" version="1" timestamp="2026-09-01T12:00:00Z" changeset="1" uid="1" user="generator"/>
  <node id="733" lat="49.1271512182" lon="31.3316155955" version="1" timestamp="2026-09-01T12:00:00Z" changeset="1" uid="1" user="generator"/>
  <node id="734" lat="49.1284040284" lon="31.3497601981" version="1" timestamp="2026-09-01T12:00:00Z" changeset="1" uid="1" user="generator"/>
  <node id="735" lat="49.1302381402" lon="31.3530592167" version="1" timestamp="2026-09-01T12:00:00Z" changeset="1" uid="1" user="generator"/>
  <node id="736" lat="49.1302381402" lon="31.3552035789" version="1" timestamp="2026-09-01T12:00:00Z" changeset="1" uid="1" user="generator"/>
  <node id="737" lat="49.1271512182" lon="31.3552035789" version="1" timestamp="2026-09-01T12:00:00Z" changeset="1" uid="1" user="generator"/>
  <node id="738" lat="49.1271512182" lon="31.3523994130" version="1" timestamp="2026-09-01T12:00:00Z" changeset="1" uid="1" user="generator"/>
  <node id="739" lat="49.1272880273" lon="31.3520695111" version="1" timestamp="2026-09-01T12:00:00Z" changeset="1" uid="1" user="generator"/>
  <node id="740" lat="49.1272880273" lon="31.3504200018" version="1" timestamp="2026-09-01T12:00:00Z" changeset="1" uid="1" user="generator"/>
  <node id="741" lat="49.1271512182" lon="31.3500900999" version="1" timestamp="2026-09-01T12:00:00Z" changeset="1" uid="1" user="generator"/>
  <node id="742" lat="49.1271512182" lon="31.3497601981" version="1" timestamp="2026-09-01T12:00:00Z" changeset="1" uid="1" user="generator"/>
  <node id="743" lat="49.1268992179" lon="31.2448514048" version="1" timestamp="2026-09-01T12:00:00Z" changeset="1" uid="1" user="generator"/>
  <node id="744" lat="49.1268992179" lon="31.2547484608" version="1" timestamp="2026-09-01T12:00:00Z" changeset="1" uid="1" user="generator"/>
  <node id="745" lat="49.1250560251" lon="31.2570577738" version="1" timestamp="2026-09-01T12:00:00Z" changeset="1" uid="1" user="generator"/>
  <node id="746" lat="49.1238122868" lon="31.2570577738" version="1" timestamp="2026-09-01T12:00:00Z" changeset="1" uid="1" user="generator"/>
  <node id="747" lat="49.1238122868" lon="31.2448514048" version="1" timestamp="2026-09-01T12:00:00Z" changeset="1" uid="1" user="generator"/>
  <node id="748" lat="49.1255960256" lon="31.2618413509" version="1" timestamp="2026-09-01T12:00:00Z" changeset="1" uid="1" user="generator"/>
  <node id="749" lat="49.1257760258" lon="31.2621712527" version="1" timestamp="2026-09-01T12:00:00Z" changeset="1" uid="1" user="generator"/>
  <node id="750" lat="49.1268992179" lon="31.2625011546" version="1" timestamp="2026-09-01T12:00:00Z" changeset="1" uid="1" user="generator"/>
  <node id="751" lat="49.1268992179" lon="31.2666689286" version="1" timestamp="2026-09-01T12:00:00Z" changeset="1" uid="1" user="generator"/>
  <node id="752" lat="49.1238122868" lon="31.2666689286" version="1" timestamp="2026-09-01T12:00:00Z" changeset="1" uid="1" user="generator"/>
  <node id="753" lat="49.1238122868" lon="31.2618413509" version="1" timestamp="2026-09-01T12:00:00Z" changeset="1" uid="1" user="generator"/>
  <node id="754" lat="49.1268992179" lon="31.2669988304" version="1" timestamp="2026-09-01T12:00:00Z" changeset="1" uid="1" user="generator"/>
  <node id="755" lat="49.1268992179" lon="31.2723512683" version="1" timestamp="2026-09-01T12:00:00Z" changeset="1" uid="1" user="generator"/>
  <node id="756" lat="49.1238122868" lon="31.2723512683" version="1" timestamp="2026-09-01T12:00:00Z" changeset="1" uid="1" user="generator"/>
  <node id="757" lat="49.1238122868" lon="31.2669988304" version="1" timestamp="2026-09-01T12:00:00Z" changeset="1" uid="1" user="generator"/>
  <node id="758" lat="49.1268992179" lon="31.2726811701" version="1" timestamp="2026-09-01T12:00:00Z" changeset="1" uid="1" user="generator"/>
  <node id="759" lat="49.1268992179" lon="31.2772513557" version="1" timestamp="2026-09-01T12:00:00Z" changeset="1" uid="1" user="generator"/>
  <node id="760" lat="49.1238122868" lon="31.2772513557" version="1" timestamp="2026-09-01T12:00:00Z" changeset="1" uid="1" user="generator"/>
  <node id="761" lat="49.1238122868" lon="31.2726811701" version="1" timestamp="2026-09-01T12:00:00Z" changeset="1" uid="1" user="generator"/>
  <node id="762" lat="49.1284400284" lon="31.2778415914" version="1" timestamp="2026-09-01T12:00:00Z" changeset="1" uid="1" user="generator"/>
  <node id="763" lat="49.1284400284" lon="31.2984604580" version="1" timestamp="2026-09-01T12:00:00Z" changeset="1" uid="1" user="generator"/>
  <node id="764" lat="49.1223200223" lon="31.2984604580" version="1" timestamp="2026-09-01T12:00:00Z" changeset="1" uid="1" user="generator"/>
  <node id="765" lat="49.1223200223" lon="31.2778415914" version="1" timestamp="2026-09-01T12:00:00Z" changeset="1" uid="1" user="generator"/>
  <node id="766" lat="49.1268992179" lon="31.2986254089" version="1" timestamp="2026-09-01T12:00:00Z" changeset="1" uid="1" user="generator"/>
  <node id="767" lat="49.1268992179" lon="31.3187494227" version="1" timestamp="2026-09-01T12:00:00Z" changeset="1" uid="1" user="generator"/>
  <node id="768" lat="49.1257040257" lon="31.3187494227" version="1" timestamp="2026-09-01T12:00:00Z" changeset="1" uid="1" user="generator"/>
  <node id="769" lat="49.1238122868" lon="31.3170999134" version="1" timestamp="2026-09-01T12:00:00Z" changeset="1" uid="1" user="generator"/>
  <node id="770" lat="49.1238122868" lon="31.2986254089" version="1" timestamp="2026-09-01T12:00:00Z" changeset="1" uid="1" user="generator"/>
  <node id="771" lat="49.1256680257" lon="31.3276567731" version="1" timestamp="2026-09-01T12:00:00Z" changeset="1" uid="1" user="generator"/>
  <node id="772" lat="49.1267120267" lon="31.3279866749" version="1" timestamp="2026-09-01T12:00:00Z" changeset="1" uid="1" user="generator"/>
  <node id="773" lat="49.1268992179" lon="31.3283165768" version="1" timestamp="2026-09-01T12:00:00Z" changeset="1" uid="1" user="generator"/>
  <node id="774" lat="49.1268992179" lon="31.3434920626" version="1" timestamp="2026-09-01T12:00:00Z" changeset="1" uid="1" user="generator"/>
  <node id="775" lat="49.1256680257" lon="31.3434920626" version="1" timestamp="2026-09-01T12:00:00Z" changeset="1" uid="1" user="generator"/>
  <node id="776" lat="49.1238320238" lon="31.3401930440" version="1" timestamp="2026-09-01T12:00:00Z" changeset="1" uid="1" user="generator"/>
  <node id="777" lat="49.1238122868" lon="31.3276567731" version="1" timestamp="2026-09-01T12:00:00Z" changeset="1" uid="1" user="generator"/>
  <node id="778" lat="49.1250560251" lon="31.3438219645" version="1" timestamp="2026-09-01T12:00:00Z" changeset="1" uid="1" user="generator"/>
  <node id="779" lat="49.1268920269" lon="31.3471209832" version="1" timestamp="2026-09-01T12:00:00Z" changeset="1" uid="1" user="generator"/>
  <node id="780" lat="49.1268992179" lon="31.3487704925" version="1" timestamp="2026-09-01T12:00:00Z" changeset="1" uid="1" user="generator"/>
  <node id="781" lat="49.1250200250" lon="31.3491003943" version="1" timestamp="2026-09-01T12:00:00Z" changeset="1" uid="1" user="generator"/>
  <node id="782" lat="49.1249480249" lon="31.3492653453" version="1" timestamp="2026-09-01T12:00:00Z" changeset="1" uid="1" user="generator"/>
  <node id="783" lat="49.1238122868" lon="31.3492653453" version="1" timestamp="2026-09-01T12:00:00Z" changeset="1" uid="1" user="generator"/>
  <node id="784" lat="49.1238122868" lon="31.3438219645" version="1" timestamp="2026-09-01T12:00:00Z" changeset="1" uid="1" user="generator"/>
  <node id="785" lat="49.1235602866" lon="31.2986254089" version="1" timestamp="2026-09-01T12:00:00Z" changeset="1" uid="1" user="generator"/>
  <node id="786" lat="49.1235602866" lon="31.3021443621" version="1" timestamp="2026-09-01T12:00:00Z" changeset="1" uid="1" user="generator"/>
  <node id="787" lat="49.1214560215" lon="31.3021443621" version="1" timestamp="2026-09-01T12:00:00Z" changeset="1" uid="1" user="generator"/>
  <node id="788" lat="49.1205920206" lon="31.2986254089" version="1" timestamp="2026-09-01T12:00:00Z" changeset="1" uid="1" user="generator"/>
  <node id="789" lat="49.1235602866" lon="31.2448514048" version="1" timestamp="2026-09-01T12:00:00Z" changeset="1" uid="1" user="generator"/>
  <node id="790" lat="49.1235602866" lon="31.2590371850" version="1" timestamp="2026-09-01T12:00:00Z" changeset="1" uid="1" user="generator"/>
  <node id="791" lat="49.1228600229" lon="31.2600268906" version="1" timestamp="2026-09-01T12:00:00Z" changeset="1" uid="1" user="generator"/>
  <node id="792" lat="49.1216360216" lon="31.2623362037" version="1" timestamp="2026-09-01T12:00:00Z" changeset="1" uid="1" user="generator"/>
  <node id="793" lat="49.1200999181" lon="31.2623362037" version="1" timestamp="2026-09-01T12:00:00Z" changeset="1" uid="1" user="generator"/>
  <node id="794" lat="49.1200999181" lon="31.2448514048" version="1" timestamp="2026-09-01T12:00:00Z" changeset="1" uid="1" user="generator"/>
  <node id="795" lat="49.1235602866" lon="31.2626661055" version="1" timestamp="2026-09-01T12:00:00Z" changeset="1" uid="1" user="generator"/>
  <node id="796" lat="49.1235602866" lon="31.2660750915" version="1" timestamp="2026-09-01T12:00:00Z" changeset="1" uid="1" user="generator"/>
  <node id="797" lat="49.1215640216" lon="31.2660750915" version="1" timestamp="2026-09-01T12:00:00Z" changeset="1" uid="1" user="generator"/>
  <node id="798" lat="49.1209520210" lon="31.2656352223" version="1" timestamp="2026-09-01T12:00:00Z" changeset="1" uid="1" user="generator"/>
  <node id="799" lat="49.1213840214" lon="31.2643156149" version="1" timestamp="2026-09-01T12:00:00Z" changeset="1" uid="1" user="generator"/>
  <node id="800" lat="49.1221040221" lon="31.2626661055" version="1" timestamp="2026-09-01T12:00:00Z" changeset="1" uid="1" user="generator"/>
  <node id="801" lat="49.1235602866" lon="31.2682194536" version="1" timestamp="2026-09-01T12:00:00Z" changeset="1" uid="1" user="generator"/>
  <node id="802" lat="49.1235602866" lon="31.2774567058" version="1" timestamp="2026-09-01T12:00:00Z" changeset="1" uid="1" user="generator"/>
  <node id="803" lat="49.1222120222" lon="31.2777866077" version="1" timestamp="2026-09-01T12:00:00Z" changeset="1" uid="1" user="generator"/>
  <node id="804" lat="49.1222120222" lon="31.2908177314" version="1" timestamp="2026-09-01T12:00:00Z" changeset="1" uid="1" user="generator"/>
  <node id="805" lat="49.1200999181" lon="31.2908177314" version="1" timestamp="2026-09-01T12:00:00Z" changeset="1" uid="1" user="generator"/>
  <node id="806" lat="49.1200999181" lon="31.2721782760" version="1" timestamp="2026-09-01T12:00:00Z" changeset="1" uid="1" user="generator"/>
  <node id="807" lat="49.1208080208" lon="31.2715184723" version="1" timestamp="2026-09-01T12:00:00Z" changeset="1" uid="1" user="generator"/>
  <node id="808" lat="49.1215640216" lon="31.2682194536" version="1" timestamp="2026-09-01T12:00:00Z" changeset="1" uid="1" user="generator"/>
  <node id="809" lat="49.1235602866" lon="31.3062681354" version="1" timestamp="2026-09-01T12:00:00Z" changeset="1" uid="1" user="generator"/>
  <node id="810" lat="49.1235602866" lon="31.3155053877" version="1" timestamp="2026-09-01T12:00:00Z" changeset="1" uid="1" user="generator"/>
  <node id="811" lat="49.1219600220" lon="31.3155053877" version="1" timestamp="2026-09-01T12:00:00Z" changeset="1" uid="1" user="generator"/>
  <node id="812" lat="49.1200999181" lon="31.3138558784" version="1" timestamp="2026-09-01T12:00:00Z" changeset="1" uid="1" user="generator"/>
  <node id="813" lat="49.1200999181" lon="31.3118764672" version="1" timestamp="2026-09-01T12:00:00Z" changeset="1" uid="1" user="generator"/>
  <node id="814" lat="49.1201960202" lon="31.3115465653" version="1" timestamp="2026-09-01T12:00:00Z" changeset="1" uid="1" user="generator"/>
  <node id="815" lat="49.1206280206" lon="31.3108867616" version="1" timestamp="2026-09-01T12:00:00Z" changeset="1" uid="1" user="generator"/>
  <node id="816" lat="49.1209520210" lon="31.3095671541" version="1" timestamp="2026-09-01T12:00:00Z" changeset="1" uid="1" user="generator"/>
  <node id="817" lat="49.1209520210" lon="31.3082475466" version="1" timestamp="2026-09-01T12:00:00Z" changeset="1" uid="1" user="generator"/>
  <node id="818" lat="49.1208800209" lon="31.3079176448" version="1" timestamp="2026-09-01T12:00:00Z" changeset="1" uid="1" user="generator"/>
  <node id="819" lat="49.1200999181" lon="31.3065980373" version="1" timestamp="2026-09-01T12:00:00Z" changeset="1" uid="1" user="generator"/>
  <node id="820" lat="49.1200999181" lon="31.3062681354" version="1" timestamp="2026-09-01T12:00:00Z" changeset="1" uid="1" user="generator"/>
  <node id="821" lat="49.1214920215" lon="31.3158352896" version="1" timestamp="2026-09-01T12:00:00Z" changeset="1" uid="1" user="generator"/>
  <node id="822" lat="49.1234360234" lon="31.3174847989" version="1" timestamp="2026-09-01T12:00:00Z" changeset="1" uid="1" user="generator"/>
  <node id="823" lat="49.1235602866" lon="31.3178147007" version="1" timestamp="2026-09-01T12:00:00Z" changeset="1" uid="1" user="generator"/>
  <node id="824" lat="49.1235602866" lon="31.3194642101" version="1" timestamp="2026-09-01T12:00:00Z" changeset="1" uid="1" user="generator"/>
  <node id="825" lat="49.1233640234" lon="31.3197941119" version="1" timestamp="2026-09-01T12:00:00Z" changeset="1" uid="1" user="generator"/>
  <node id="826" lat="49.1223920224" lon="31.3207838175" version="1" timestamp="2026-09-01T12:00:00Z" changeset="1" uid="1" user="generator"/>
  <node id="827" lat="49.1221040221" lon="31.3232580815" version="1" timestamp="2026-09-01T12:00:00Z" changeset="1" uid="1" user="generator"/>
  <node id="828" lat="49.1200999181" lon="31.3232580815" version="1" timestamp="2026-09-01T12:00:00Z" changeset="1" uid="1" user="generator"/>
  <node id="829" lat="49.1200999181" lon="31.3158352896" version="1" timestamp="2026-09-01T12:00:00Z" changeset="1" uid="1" user="generator"/>
  <node id="830" lat="49.1221040221" lon="31.3233130652" version="1" timestamp="2026-09-01T12:00:00Z" changeset="1" uid="1" user="generator"/>
  <node id="831" lat="49.1225720226" lon="31.3249625745" version="1" timestamp="2026-09-01T12:00:00Z" changeset="1" uid="1" user="generator"/>
  <node id="832" lat="49.1234360234" lon="31.3262821820" version="1" timestamp="2026-09-01T12:00:00Z" changeset="1" uid="1" user="generator"/>
  <node id="833" lat="49.1235602866" lon="31.3266120838" version="1" timestamp="2026-09-01T12:00:00Z" changeset="1" uid="1" user="generator"/>
  <node id="834" lat="49.1235602866" lon="31.3371689435" version="1" timestamp="2026-09-01T12:00:00Z" changeset="1" uid="1" user="generator"/>
  <node id="835" lat="49.1221400221" lon="31.3371689435" version="1" timestamp="2026-09-01T12:00:00Z" changeset="1" uid="1" user="generator"/>
  <node id="836" lat="49.1211320211" lon="31.3355194342" version="1" timestamp="2026-09-01T12:00:00Z" changeset="1" uid="1" user="generator"/>
  <node id="837" lat="49.1200999181" lon="31.3335400230" version="1" timestamp="2026-09-01T12:00:00Z" changeset="1" uid="1" user="generator"/>
  <node id="838" lat="49.1200999181" lon="31.3233130652" version="1" timestamp="2026-09-01T12:00:00Z" changeset="1" uid="1" user="generator"/>
  <node id="839" lat="49.1189720190" lon="31.2715734559" version="1" timestamp="2026-09-01T12:00:00Z" changeset="1" uid="1" user="generator"/>
  <node id="840" lat="49.1182880183" lon="31.2748724746" version="1" timestamp="2026-09-01T12:00:00Z" changeset="1" uid="1" user="generator"/>
  <node id="841" lat="49.1182880183" lon="31.2752023764" version="1" timestamp="2026-09-01T12:00:00Z" changeset="1" uid="1" user="generator"/>
  <node id="842" lat="49.1170280170" lon="31.2752023764" version="1" timestamp="2026-09-01T12:00:00Z" changeset="1" uid="1" user="generator"/>
  <node id="843" lat="49.1170280170" lon="31.2715734559" version="1" timestamp="2026-09-01T12:00:00Z" changeset="1" uid="1" user="generator"/>
  <node id="844" lat="49.1198479178" lon="31.2755322783" version="1" timestamp="2026-09-01T12:00:00Z" changeset="1" uid="1" user="generator"/>
  <node id="845" lat="49.1198479178" lon="31.2893881567" version="1" timestamp="2026-09-01T12:00:00Z" changeset="1" uid="1" user="generator"/>
  <node id="846" lat="49.1183600184" lon="31.2893881567" version="1" timestamp="2026-09-01T12:00:00Z" changeset="1" uid="1" user="generator"/>
  <node id="847" lat="49.1163875494" lon="31.2864190399" version="1" timestamp="2026-09-01T12:00:00Z" changeset="1" uid="1" user="generator"/>
  <node id="848" lat="49.1163875494" lon="31.2831200212" version="1" timestamp="2026-09-01T12:00:00Z" changeset="1" uid="1" user="generator"/>
  <node id="849" lat="49.1177120177" lon="31.2794911007" version="1" timestamp="2026-09-01T12:00:00Z" changeset="1" uid="1" user="generator"/>
  <node id="850" lat="49.1186840187" lon="31.2755322783" version="1" timestamp="2026-09-01T12:00:00Z" changeset="1" uid="1" user="generator"/>
  <node id="851" lat="49.1181800182" lon="31.2900472868" version="1" timestamp="2026-09-01T12:00:00Z" changeset="1" uid="1" user="generator"/>
  <node id="852" lat="49.1191160191" lon="31.2913668943" version="1" timestamp="2026-09-01T12:00:00Z" changeset="1" uid="1" user="generator"/>
  <node id="853" lat="49.1192240192" lon="31.2916967962" version="1" timestamp="2026-09-01T12:00:00Z" changeset="1" uid="1" user="generator"/>
  <node id="854" lat="49.1192240192" lon="31.2949958148" version="1" timestamp="2026-09-01T12:00:00Z" changeset="1" uid="1" user="generator"/>
  <node id="855" lat="49.1198360198" lon="31.2976350297" version="1" timestamp="2026-09-01T12:00:00Z" changeset="1" uid="1" user="generator"/>
  <node id="856" lat="49.1198479178" lon="31.3048928708" version="1" timestamp="2026-09-01T12:00:00Z" changeset="1" uid="1" user="generator"/>
  <node id="857" lat="49.1196560197" lon="31.3058832499" version="1" timestamp="2026-09-01T12:00:00Z" changeset="1" uid="1" user="generator"/>
  <node id="858" lat="49.1172800173" lon="31.3058832499" version="1" timestamp="2026-09-01T12:00:00Z" changeset="1" uid="1" user="generator"/>
  <node id="859" lat="49.1163875494" lon="31.3055526745" version="1" timestamp="2026-09-01T12:00:00Z" changeset="1" uid="1" user="generator"/>
  <node id="860" lat="49.1163875494" lon="31.2900472868" version="1" timestamp="2026-09-01T12:00:00Z" changeset="1" uid="1" user="generator"/>
  <node id="861" lat="49.1198479178" lon="31.3209487685" version="1" timestamp="2026-09-01T12:00:00Z" changeset="1" uid="1" user="generator"/>
  <node id="862" lat="49.1198479178" lon="31.3305159226" version="1" timestamp="2026-09-01T12:00:00Z" changeset="1" uid="1" user="generator"/>
  <node id="863" lat="49.1183960184" lon="31.3305159226" version="1" timestamp="2026-09-01T12:00:00Z" changeset="1" uid="1" user="generator"/>
  <node id="864" lat="49.1163875494" lon="31.3268870021" version="1" timestamp="2026-09-01T12:00:00Z" changeset="1" uid="1" user="generator"/>
  <node id="865" lat="49.1163875494" lon="31.3212786703" version="1" timestamp="2026-09-01T12:00:00Z" changeset="1" uid="1" user="generator"/>
  <node id="866" lat="49.1178560179" lon="31.3209487685" version="1" timestamp="2026-09-01T12:00:00Z" changeset="1" uid="1" user="generator"/>
  <node id="867" lat="49.1177480177" lon="31.3308458244" version="1" timestamp="2026-09-01T12:00:00Z" changeset="1" uid="1" user="generator"/>
  <node id="868" lat="49.1197640198" lon="31.3344747450" version="1" timestamp="2026-09-01T12:00:00Z" changeset="1" uid="1" user="generator"/>
  <node id="869" lat="49.1198479178" lon="31.3348046468" version="1" timestamp="2026-09-01T12:00:00Z" changeset="1" uid="1" user="generator"/>
  <node id="870" lat="49.1198479178" lon="31.3390383874" version="1" timestamp="2026-09-01T12:00:00Z" changeset="1" uid="1" user="generator"/>
  <node id="871" lat="49.1163875494" lon="31.3390383874" version="1" timestamp="2026-09-01T12:00:00Z" changeset="1" uid="1" user="generator"/>
  <node id="872" lat="49.1163875494" lon="31.3308458244" version="1" timestamp="2026-09-01T12:00:00Z" changeset="1" uid="1" user="generator"/>
  <node id="873" lat="49.1222480222" lon="31.3392033384" version="1" timestamp="2026-09-01T12:00:00Z" changeset="1" uid="1" user="generator"/>
  <node id="874" lat="49.1222480222" lon="31.3548736770" version="1" timestamp="2026-09-01T12:00:00Z" changeset="1" uid="1" user="generator"/>
  <node id="875" lat="49.1150480150" lon="31.3548736770" version="1" timestamp="2026-09-01T12:00:00Z" changeset="1" uid="1" user="generator"/>
  <node id="876" lat="49.1150480150" lon="31.3392033384" version="1" timestamp="2026-09-01T12:00:00Z" changeset="1" uid="1" user="generator"/>
  <node id="877" lat="49.1198479178" lon="31.2448514048" version="1" timestamp="2026-09-01T12:00:00Z" changeset="1" uid="1" user="generator"/>
  <node id="878" lat="49.1198479178" lon="31.2643705985" version="1" timestamp="2026-09-01T12:00:00Z" changeset="1" uid="1" user="generator"/>
  <node id="879" lat="49.1177840178" lon="31.2643705985" version="1" timestamp="2026-09-01T12:00:00Z" changeset="1" uid="1" user="generator"/>
  <node id="880" lat="49.1163875494" lon="31.2639857130" version="1" timestamp="2026-09-01T12:00:00Z" changeset="1" uid="1" user="generator"/>
  <node id="881" lat="49.1164520165" lon="31.2633259093" version="1" timestamp="2026-09-01T12:00:00Z" changeset="1" uid="1" user="generator"/>
  <node id="882" lat="49.1174600175" lon="31.2623362037" version="1" timestamp="2026-09-01T12:00:00Z" changeset="1" uid="1" user="generator"/>
  <node id="883" lat="49.1176040176" lon="31.2606866943" version="1" timestamp="2026-09-01T12:00:00Z" changeset="1" uid="1" user="generator"/>
  <node id="884" lat="49.1176040176" lon="31.2600268906" version="1" timestamp="2026-09-01T12:00:00Z" changeset="1" uid="1" user="generator"/>
  <node id="885" lat="49.1167040167" lon="31.2583773813" version="1" timestamp="2026-09-01T12:00:00Z" changeset="1" uid="1" user="generator"/>
  <node id="886" lat="49.1163875494" lon="31.2580474794" version="1" timestamp="2026-09-01T12:00:00Z" changeset="1" uid="1" user="generator"/>
  <node id="887" lat="49.1163875494" lon="31.2448514048" version="1" timestamp="2026-09-01T12:00:00Z" changeset="1" uid="1" user="generator"/>
  <node id="888" lat="49.1161355491" lon="31.2794911007" version="1" timestamp="2026-09-01T12:00:00Z" changeset="1" uid="1" user="generator"/>
  <node id="889" lat="49.1161355491" lon="31.2821303156" version="1" timestamp="2026-09-01T12:00:00Z" changeset="1" uid="1" user="generator"/>
  <node id="890" lat="49.1160200160" lon="31.2824602175" version="1" timestamp="2026-09-01T12:00:00Z" changeset="1" uid="1" user="generator"/>
  <node id="891" lat="49.1152280152" lon="31.2841097268" version="1" timestamp="2026-09-01T12:00:00Z" changeset="1" uid="1" user="generator"/>
  <node id="892" lat="49.1132840133" lon="31.2874087455" version="1" timestamp="2026-09-01T12:00:00Z" changeset="1" uid="1" user="generator"/>
  <node id="893" lat="49.1108587089" lon="31.2874087455" version="1" timestamp="2026-09-01T12:00:00Z" changeset="1" uid="1" user="generator"/>
  <node id="894" lat="49.1108587089" lon="31.2794911007" version="1" timestamp="2026-09-01T12:00:00Z" changeset="1" uid="1" user="generator"/>
  <node id="895" lat="49.1154440154" lon="31.3265571002" version="1" timestamp="2026-09-01T12:00:00Z" changeset="1" uid="1" user="generator"/>
  <node id="896" lat="49.1161280161" lon="31.3278767077" version="1" timestamp="2026-09-01T12:00:00Z" changeset="1" uid="1" user="generator"/>
  <node id="897" lat="49.1161355491" lon="31.3387634692" version="1" timestamp="2026-09-01T12:00:00Z" changeset="1" uid="1" user="generator"/>
  <node id="898" lat="49.1149400149" lon="31.3390933711" version="1" timestamp="2026-09-01T12:00:00Z" changeset="1" uid="1" user="generator"/>
  <node id="899" lat="49.1149400149" lon="31.3455264575" version="1" timestamp="2026-09-01T12:00:00Z" changeset="1" uid="1" user="generator"/>
  <node id="900" lat="49.1128520129" lon="31.3455264575" version="1" timestamp="2026-09-01T12:00:00Z" changeset="1" uid="1" user="generator"/>
  <node id="901" lat="49.1109080109" lon="31.3420624879" version="1" timestamp="2026-09-01T12:00:00Z" changeset="1" uid="1" user="generator"/>
  <node id="902" lat="49.1108587089" lon="31.3417325860" version="1" timestamp="2026-09-01T12:00:00Z" changeset="1" uid="1" user="generator"/>
  <node id="903" lat="49.1108587089" lon="31.3278767077" version="1" timestamp="2026-09-01T12:00:00Z" changeset="1" uid="1" user="generator"/>
  <node id="904" lat="49.1128160128" lon="31.3275468058" version="1" timestamp="2026-09-01T12:00:00Z" changeset="1" uid="1" user="generator"/>
  <node id="905" lat="49.1131040131" lon="31.3265571002" version="1" timestamp="2026-09-01T12:00:00Z" changeset="1" uid="1" user="generator"/>
  <node id="906" lat="49.1149400149" lon="31.3494852799" version="1" timestamp="2026-09-01T12:00:00Z" changeset="1" uid="1" user="generator"/>
  <node id="907" lat="49.1149400149" lon="31.3547637097" version="1" timestamp="2026-09-01T12:00:00Z" changeset="1" uid="1" user="generator"/>
  <node id="908" lat="49.1161355491" lon="31.3550936116" version="1" timestamp="2026-09-01T12:00:00Z" changeset="1" uid="1" user="generator"/>
  <node id="909" lat="49.1161355491" lon="31.3552035789" version="1" timestamp="2026-09-01T12:00:00Z" changeset="1" uid="1" user="generator"/>
  <node id="910" lat="49.1108587089" lon="31.3552035789" version="1" timestamp="2026-09-01T12:00:00Z" changeset="1" uid="1" user="generator"/>
  <node id="911" lat="49.1108587089" lon="31.3494852799" version="1" timestamp="2026-09-01T12:00:00Z" changeset="1" uid="1" user="generator"/>
  <node id="912" lat="49.1161355491" lon="31.2448514048" version="1" timestamp="2026-09-01T12:00:00Z" changeset="1" uid="1" user="generator"/>
  <node id="913" lat="49.1161355491" lon="31.2582674140" version="1" timestamp="2026-09-01T12:00:00Z" changeset="1" uid="1" user="generator"/>
  <node id="914" lat="49.1126360126" lon="31.2582674140" version="1" timestamp="2026-09-01T12:00:00Z" changeset="1" uid="1" user="generator"/>
  <node id="915" lat="49.1126360126" lon="31.2563979701" version="1" timestamp="2026-09-01T12:00:00Z" changeset="1" uid="1" user="generator"/>
  <node id="916" lat="49.1124560125" lon="31.2560680682" version="1" timestamp="2026-09-01T12:00:00Z" changeset="1" uid="1" user="generator"/>
  <node id="917" lat="49.1122400122" lon="31.2557381664" version="1" timestamp="2026-09-01T12:00:00Z" changeset="1" uid="1" user="generator"/>
  <node id="918" lat="49.1108587089" lon="31.2554082645" version="1" timestamp="2026-09-01T12:00:00Z" changeset="1" uid="1" user="generator"/>
  <node id="919" lat="49.1108587089" lon="31.2448514048" version="1" timestamp="2026-09-01T12:00:00Z" changeset="1" uid="1" user="generator"/>
  <node id="920" lat="49.1169200169" lon="31.2653053205" version="1" timestamp="2026-09-01T12:00:00Z" changeset="1" uid="1" user="generator"/>
  <node id="921" lat="49.1169200169" lon="31.2793261497" version="1" timestamp="2026-09-01T12:00:00Z" changeset="1" uid="1" user="generator"/>
  <node id="922" lat="49.1093600094" lon="31.2793261497" version="1" timestamp="2026-09-01T12:00:00Z" changeset="1" uid="1" user="generator"/>
  <node id="923" lat="49.1093600094" lon="31.2653053205" version="1" timestamp="2026-09-01T12:00:00Z" changeset="1" uid="1" user="generator"/>
  <node id="924" lat="49.1161355491" lon="31.2877386473" version="1" timestamp="2026-09-01T12:00:00Z" changeset="1" uid="1" user="generator"/>
  <node id="925" lat="49.1161355491" lon="31.2963710795" version="1" timestamp="2026-09-01T12:00:00Z" changeset="1" uid="1" user="generator"/>
  <node id="926" lat="49.1132840133" lon="31.2963710795" version="1" timestamp="2026-09-01T12:00:00Z" changeset="1" uid="1" user="generator"/>
  <node id="927" lat="49.1108587089" lon="31.2959861940" version="1" timestamp="2026-09-01T12:00:00Z" changeset="1" uid="1" user="generator"/>
  <node id="928" lat="49.1108587089" lon="31.2920273716" version="1" timestamp="2026-09-01T12:00:00Z" changeset="1" uid="1" user="generator"/>
  <node id="929" lat="49.1110160110" lon="31.2916974697" version="1" timestamp="2026-09-01T12:00:00Z" changeset="1" uid="1" user="generator"/>
  <node id="930" lat="49.1137520138" lon="31.2877386473" version="1" timestamp="2026-09-01T12:00:00Z" changeset="1" uid="1" user="generator"/>
  <node id="931" lat="49.1139320139" lon="31.3092372522" version="1" timestamp="2026-09-01T12:00:00Z" changeset="1" uid="1" user="generator"/>
  <node id="932" lat="49.1150120150" lon="31.3115465653" version="1" timestamp="2026-09-01T12:00:00Z" changeset="1" uid="1" user="generator"/>
  <node id="933" lat="49.1142560143" lon="31.3118764672" version="1" timestamp="2026-09-01T12:00:00Z" changeset="1" uid="1" user="generator"/>
  <node id="934" lat="49.1139320139" lon="31.3124263036" version="1" timestamp="2026-09-01T12:00:00Z" changeset="1" uid="1" user="generator"/>
  <node id="935" lat="49.1108587089" lon="31.3124263036" version="1" timestamp="2026-09-01T12:00:00Z" changeset="1" uid="1" user="generator"/>
  <node id="936" lat="49.1108587089" lon="31.3092372522" version="1" timestamp="2026-09-01T12:00:00Z" changeset="1" uid="1" user="generator"/>
  <node id="937" lat="49.1131400131" lon="31.3225432942" version="1" timestamp="2026-09-01T12:00:00Z" changeset="1" uid="1" user="generator"/>
  <node id="938" lat="49.1147240147" lon="31.3253474600" version="1" timestamp="2026-09-01T12:00:00Z" changeset="1" uid="1" user="generator"/>
  <node id="939" lat="49.1131760132" lon="31.3253474600" version="1" timestamp="2026-09-01T12:00:00Z" changeset="1" uid="1" user="generator"/>
  <node id="940" lat="49.1129240129" lon="31.3245227054" version="1" timestamp="2026-09-01T12:00:00Z" changeset="1" uid="1" user="generator"/>
  <node id="941" lat="49.1108587089" lon="31.3241928035" version="1" timestamp="2026-09-01T12:00:00Z" changeset="1" uid="1" user="generator"/>
  <node id="942" lat="49.1108587089" lon="31.3225432942" version="1" timestamp="2026-09-01T12:00:00Z" changeset="1" uid="1" user="generator"/>
  <node id="943" lat="49.1106067086" lon="31.2448514048" version="1" timestamp="2026-09-01T12:00:00Z" changeset="1" uid="1" user="generator"/>
  <node id="944" lat="49.1106067086" lon="31.2554082645" version="1" timestamp="2026-09-01T12:00:00Z" changeset="1" uid="1" user="generator"/>
  <node id="945" lat="49.1105120105" lon="31.2557381664" version="1" timestamp="2026-09-01T12:00:00Z" changeset="1" uid="1" user="generator"/>
  <node id="946" lat="49.1101160101" lon="31.2563979701" version="1" timestamp="2026-09-01T12:00:00Z" changeset="1" uid="1" user="generator"/>
  <node id="947" lat="49.1101160101" lon="31.2643156149" version="1" timestamp="2026-09-01T12:00:00Z" changeset="1" uid="1" user="generator"/>
  <node id="948" lat="49.1106067086" lon="31.2651403695" version="1" timestamp="2026-09-01T12:00:00Z" changeset="1" uid="1" user="generator"/>
  <node id="949" lat="49.1076213246" lon="31.2651403695" version="1" timestamp="2026-09-01T12:00:00Z" changeset="1" uid="1" user="generator"/>
  <node id="950" lat="49.1076213246" lon="31.2448514048" version="1" timestamp="2026-09-01T12:00:00Z" changeset="1" uid="1" user="generator"/>
  <node id="951" lat="49.1106067086" lon="31.2794911007" version="1" timestamp="2026-09-01T12:00:00Z" changeset="1" uid="1" user="generator"/>
  <node id="952" lat="49.1106067086" lon="31.2910376660" version="1" timestamp="2026-09-01T12:00:00Z" changeset="1" uid="1" user="generator"/>
  <node id="953" lat="49.1100080100" lon="31.2920273716" version="1" timestamp="2026-09-01T12:00:00Z" changeset="1" uid="1" user="generator"/>
  <node id="954" lat="49.1082800083" lon="31.2920273716" version="1" timestamp="2026-09-01T12:00:00Z" changeset="1" uid="1" user="generator"/>
  <node id="955" lat="49.1082800083" lon="31.2910376660" version="1" timestamp="2026-09-01T12:00:00Z" changeset="1" uid="1" user="generator"/>
  <node id="956" lat="49.1076320076" lon="31.2880685492" version="1" timestamp="2026-09-01T12:00:00Z" changeset="1" uid="1" user="generator"/>
  <node id="957" lat="49.1076213246" lon="31.2794911007" version="1" timestamp="2026-09-01T12:00:00Z" changeset="1" uid="1" user="generator"/>
  <node id="958" lat="49.1106067086" lon="31.2938418318" version="1" timestamp="2026-09-01T12:00:00Z" changeset="1" uid="1" user="generator"/>
  <node id="959" lat="49.1106067086" lon="31.2964810468" version="1" timestamp="2026-09-01T12:00:00Z" changeset="1" uid="1" user="generator"/>
  <node id="960" lat="49.1104400104" lon="31.2968109486" version="1" timestamp="2026-09-01T12:00:00Z" changeset="1" uid="1" user="generator"/>
  <node id="961" lat="49.1100800101" lon="31.2971408505" version="1" timestamp="2026-09-01T12:00:00Z" changeset="1" uid="1" user="generator"/>
  <node id="962" lat="49.1093600094" lon="31.2983504907" version="1" timestamp="2026-09-01T12:00:00Z" changeset="1" uid="1" user="generator"/>
  <node id="963" lat="49.1076213246" lon="31.2983504907" version="1" timestamp="2026-09-01T12:00:00Z" changeset="1" uid="1" user="generator"/>
  <node id="964" lat="49.1076213246" lon="31.2961511449" version="1" timestamp="2026-09-01T12:00:00Z" changeset="1" uid="1" user="generator"/>
  <node id="965" lat="49.1077040077" lon="31.2958212430" version="1" timestamp="2026-09-01T12:00:00Z" changeset="1" uid="1" user="generator"/>
  <node id="966" lat="49.1093600094" lon="31.2938418318" version="1" timestamp="2026-09-01T12:00:00Z" changeset="1" uid="1" user="generator"/>
  <node id="967" lat="49.1093600094" lon="31.3024742640" version="1" timestamp="2026-09-01T12:00:00Z" changeset="1" uid="1" user="generator"/>
  <node id="968" lat="49.1105480105" lon="31.3031340677" version="1" timestamp="2026-09-01T12:00:00Z" changeset="1" uid="1" user="generator"/>
  <node id="969" lat="49.1106067086" lon="31.3034639696" version="1" timestamp="2026-09-01T12:00:00Z" changeset="1" uid="1" user="generator"/>
  <node id="970" lat="49.1106067086" lon="31.3146806330" version="1" timestamp="2026-09-01T12:00:00Z" changeset="1" uid="1" user="generator"/>
  <node id="971" lat="49.1093960094" lon="31.3146806330" version="1" timestamp="2026-09-01T12:00:00Z" changeset="1" uid="1" user="generator"/>
  <node id="972" lat="49.1076213246" lon="31.3117115162" version="1" timestamp="2026-09-01T12:00:00Z" changeset="1" uid="1" user="generator"/>
  <node id="973" lat="49.1076213246" lon="31.3024742640" version="1" timestamp="2026-09-01T12:00:00Z" changeset="1" uid="1" user="generator"/>
  <node id="974" lat="49.1087840088" lon="31.3150105349" version="1" timestamp="2026-09-01T12:00:00Z" changeset="1" uid="1" user="generator"/>
  <node id="975" lat="49.1101520102" lon="31.3173198479" version="1" timestamp="2026-09-01T12:00:00Z" changeset="1" uid="1" user="generator"/>
  <node id="976" lat="49.1106067086" lon="31.3183095535" version="1" timestamp="2026-09-01T12:00:00Z" changeset="1" uid="1" user="generator"/>
  <node id="977" lat="49.1106067086" lon="31.3395332402" version="1" timestamp="2026-09-01T12:00:00Z" changeset="1" uid="1" user="generator"/>
  <node id="978" lat="49.1076213246" lon="31.3395332402" version="1" timestamp="2026-09-01T12:00:00Z" changeset="1" uid="1" user="generator"/>
  <node id="979" lat="49.1076213246" lon="31.3150105349" version="1" timestamp="2026-09-01T12:00:00Z" changeset="1" uid="1" user="generator"/>
  <node id="980" lat="49.1106067086" lon="31.3478907542" version="1" timestamp="2026-09-01T12:00:00Z" changeset="1" uid="1" user="generator"/>
  <node id="981" lat="49.1106067086" lon="31.3552035789" version="1" timestamp="2026-09-01T12:00:00Z" changeset="1" uid="1" user="generator"/>
  <node id="982" lat="49.1076213246" lon="31.3552035789" version="1" timestamp="2026-09-01T12:00:00Z" changeset="1" uid="1" user="generator"/>
  <node id="983" lat="49.1076213246" lon="31.3478907542" version="1" timestamp="2026-09-01T12:00:00Z" changeset="1" uid="1" user="generator"/>
  <node id="984" lat="49.1073693244" lon="31.2496899655" version="1" timestamp="2026-09-01T12:00:00Z" changeset="1" uid="1" user="generator"/>
  <node id="985" lat="49.1073693244" lon="31.2854293343" version="1" timestamp="2026-09-01T12:00:00Z" changeset="1" uid="1" user="generator"/>
  <node id="986" lat="49.1056160056" lon="31.2854293343" version="1" timestamp="2026-09-01T12:00:00Z" changeset="1" uid="1" user="generator"/>
  <node id="987" lat="49.1043839404" lon="31.2849894651" version="1" timestamp="2026-09-01T12:00:00Z" changeset="1" uid="1" user="generator"/>
  <node id="988" lat="49.1043839404" lon="31.2500198673" version="1" timestamp="2026-09-01T12:00:00Z" changeset="1" uid="1" user="generator"/>
  <node id="989" lat="49.1061200061" lon="31.2496899655" version="1" timestamp="2026-09-01T12:00:00Z" changeset="1" uid="1" user="generator"/>
  <node id="990" lat="49.1073693244" lon="31.2976357033" version="1" timestamp="2026-09-01T12:00:00Z" changeset="1" uid="1" user="generator"/>
  <node id="991" lat="49.1073693244" lon="31.3006048201" version="1" timestamp="2026-09-01T12:00:00Z" changeset="1" uid="1" user="generator"/>
  <node id="992" lat="49.1072360072" lon="31.3012646238" version="1" timestamp="2026-09-01T12:00:00Z" changeset="1" uid="1" user="generator"/>
  <node id="993" lat="49.1073693244" lon="31.3015945257" version="1" timestamp="2026-09-01T12:00:00Z" changeset="1" uid="1" user="generator"/>
  <node id="994" lat="49.1073693244" lon="31.3036619794" version="1" timestamp="2026-09-01T12:00:00Z" changeset="1" uid="1" user="generator"/>
  <node id="995" lat="49.1043839404" lon="31.3036619794" version="1" timestamp="2026-09-01T12:00:00Z" changeset="1" uid="1" user="generator"/>
  <node id="996" lat="49.1043839404" lon="31.3032440350" version="1" timestamp="2026-09-01T12:00:00Z" changeset="1" uid="1" user="generator"/>
  <node id="997" lat="49.1047520048" lon="31.3025842313" version="1" timestamp="2026-09-01T12:00:00Z" changeset="1" uid="1" user="generator"/>
  <node id="998" lat="49.1048960049" lon="31.3015945257" version="1" timestamp="2026-09-01T12:00:00Z" changeset="1" uid="1" user="generator"/>
  <node id="999" lat="49.1043839404" lon="31.3006048201" version="1" timestamp="2026-09-01T12:00:00Z" changeset="1" uid="1" user="generator"/>
  <node id="1000" lat="49.1043839404" lon="31.2999450164" version="1" timestamp="2026-09-01T12:00:00Z" changeset="1" uid="1" user="generator"/>
  <node id="1001" lat="49.1062640063" lon="31.2976357033" version="1" timestamp="2026-09-01T12:00:00Z" changeset="1" uid="1" user="generator"/>
  <node id="1002" lat="49.1073693244" lon="31.3039918813" version="1" timestamp="2026-09-01T12:00:00Z" changeset="1" uid="1" user="generator"/>
  <node id="1003" lat="49.1073693244" lon="31.3092703112" version="1" timestamp="2026-09-01T12:00:00Z" changeset="1" uid="1" user="generator"/>
  <node id="1004" lat="49.1061200061" lon="31.3092703112" version="1" timestamp="2026-09-01T12:00:00Z" changeset="1" uid="1" user="generator"/>
  <node id="1005" lat="49.1043839404" lon="31.3063011944" version="1" timestamp="2026-09-01T12:00:00Z" changeset="1" uid="1" user="generator"/>
  <node id="1006" lat="49.1043839404" lon="31.3039918813" version="1" timestamp="2026-09-01T12:00:00Z" changeset="1" uid="1" user="generator"/>
  <node id="1007" lat="49.1073693244" lon="31.3312307100" version="1" timestamp="2026-09-01T12:00:00Z" changeset="1" uid="1" user="generator"/>
  <node id="1008" lat="49.1073693244" lon="31.3394782566" version="1" timestamp="2026-09-01T12:00:00Z" changeset="1" uid="1" user="generator"/>
  <node id="1009" lat="49.1066600067" lon="31.3398081585" version="1" timestamp="2026-09-01T12:00:00Z" changeset="1" uid="1" user="generator"/>
  <node id="1010" lat="49.1064080064" lon="31.3405229458" version="1" timestamp="2026-09-01T12:00:00Z" changeset="1" uid="1" user="generator"/>
  <node id="1011" lat="49.1043839404" lon="31.3405229458" version="1" timestamp="2026-09-01T12:00:00Z" changeset="1" uid="1" user="generator"/>
  <node id="1012" lat="49.1043839404" lon="31.3312307100" version="1" timestamp="2026-09-01T12:00:00Z" changeset="1" uid="1" user="generator"/>
  <node id="1013" lat="49.1064080064" lon="31.3411827496" version="1" timestamp="2026-09-01T12:00:00Z" changeset="1" uid="1" user="generator"/>
  <node id="1014" lat="49.1064800065" lon="31.3415126514" version="1" timestamp="2026-09-01T12:00:00Z" changeset="1" uid="1" user="generator"/>
  <node id="1015" lat="49.1064800065" lon="31.3471209832" version="1" timestamp="2026-09-01T12:00:00Z" changeset="1" uid="1" user="generator"/>
  <node id="1016" lat="49.1068760069" lon="31.3477807869" version="1" timestamp="2026-09-01T12:00:00Z" changeset="1" uid="1" user="generator"/>
  <node id="1017" lat="49.1073693244" lon="31.3481106887" version="1" timestamp="2026-09-01T12:00:00Z" changeset="1" uid="1" user="generator"/>
  <node id="1018" lat="49.1073693244" lon="31.3552035789" version="1" timestamp="2026-09-01T12:00:00Z" changeset="1" uid="1" user="generator"/>
  <node id="1019" lat="49.1043839404" lon="31.3552035789" version="1" timestamp="2026-09-01T12:00:00Z" changeset="1" uid="1" user="generator"/>
  <node id="1020" lat="49.1043839404" lon="31.3411827496" version="1" timestamp="2026-09-01T12:00:00Z" changeset="1" uid="1" user="generator"/>
  <node id="1021" lat="49.1041319401" lon="31.2448514048" version="1" timestamp="2026-09-01T12:00:00Z" changeset="1" uid="1" user="generator"/>
  <node id="1022" lat="49.1041319401" lon="31.2590921687" version="1" timestamp="2026-09-01T12:00:00Z" changeset="1" uid="1" user="generator"/>
  <node id="1023" lat="49.1019440019" lon="31.2590921687" version="1" timestamp="2026-09-01T12:00:00Z" changeset="1" uid="1" user="generator"/>
  <node id="1024" lat="49.1015480015" lon="31.2583773813" version="1" timestamp="2026-09-01T12:00:00Z" changeset="1" uid="1" user="generator"/>
  <node id="1025" lat="49.1003336033" lon="31.2580474794" version="1" timestamp="2026-09-01T12:00:00Z" changeset="1" uid="1" user="generator"/>
  <node id="1026" lat="49.1003336033" lon="31.2448514048" version="1" timestamp="2026-09-01T12:00:00Z" changeset="1" uid="1" user="generator"/>
  <node id="1027" lat="49.1034200034" lon="31.2936218973" version="1" timestamp="2026-09-01T12:00:00Z" changeset="1" uid="1" user="generator"/>
  <node id="1028" lat="49.1041319401" lon="31.2949415047" version="1" timestamp="2026-09-01T12:00:00Z" changeset="1" uid="1" user="generator"/>
  <node id="1029" lat="49.1041319401" lon="31.2962611122" version="1" timestamp="2026-09-01T12:00:00Z" changeset="1" uid="1" user="generator"/>
  <node id="1030" lat="49.1023400023" lon="31.2962611122" version="1" timestamp="2026-09-01T12:00:00Z" changeset="1" uid="1" user="generator"/>
  <node id="1031" lat="49.1012960013" lon="31.2946116029" version="1" timestamp="2026-09-01T12:00:00Z" changeset="1" uid="1" user="generator"/>
  <node id="1032" lat="49.1010080010" lon="31.2939517991" version="1" timestamp="2026-09-01T12:00:00Z" changeset="1" uid="1" user="generator"/>
  <node id="1033" lat="49.1012240012" lon="31.2936218973" version="1" timestamp="2026-09-01T12:00:00Z" changeset="1" uid="1" user="generator"/>
  <node id="1034" lat="49.1037800038" lon="31.3067080046" version="1" timestamp="2026-09-01T12:00:00Z" changeset="1" uid="1" user="generator"/>
  <node id="1035" lat="49.1041319401" lon="31.3073678083" version="1" timestamp="2026-09-01T12:00:00Z" changeset="1" uid="1" user="generator"/>
  <node id="1036" lat="49.1041319401" lon="31.3119314508" version="1" timestamp="2026-09-01T12:00:00Z" changeset="1" uid="1" user="generator"/>
  <node id="1037" lat="49.1003336033" lon="31.3119314508" version="1" timestamp="2026-09-01T12:00:00Z" changeset="1" uid="1" user="generator"/>
  <node id="1038" lat="49.1003336033" lon="31.3076977102" version="1" timestamp="2026-09-01T12:00:00Z" changeset="1" uid="1" user="generator"/>
  <node id="1039" lat="49.1011520012" lon="31.3073678083" version="1" timestamp="2026-09-01T12:00:00Z" changeset="1" uid="1" user="generator"/>
  <node id="1040" lat="49.1016560017" lon="31.3067080046" version="1" timestamp="2026-09-01T12:00:00Z" changeset="1" uid="1" user="generator"/>
  <node id="1041" lat="49.1068400068" lon="31.3120964017" version="1" timestamp="2026-09-01T12:00:00Z" changeset="1" uid="1" user="generator"/>
  <node id="1042" lat="49.1068400068" lon="31.3310657590" version="1" timestamp="2026-09-01T12:00:00Z" changeset="1" uid="1" user="generator"/>
  <node id="1043" lat="49.1007200007" lon="31.3310657590" version="1" timestamp="2026-09-01T12:00:00Z" changeset="1" uid="1" user="generator"/>
  <node id="1044" lat="49.1007200007" lon="31.3120964017" version="1" timestamp="2026-09-01T12:00:00Z" changeset="1" uid="1" user="generator"/>
  <node id="1045" lat="49.1041319401" lon="31.3312307100" version="1" timestamp="2026-09-01T12:00:00Z" changeset="1" uid="1" user="generator"/>
  <node id="1046" lat="49.1041319401" lon="31.3405229458" version="1" timestamp="2026-09-01T12:00:00Z" changeset="1" uid="1" user="generator"/>
  <node id="1047" lat="49.1003336033" lon="31.3405229458" version="1" timestamp="2026-09-01T12:00:00Z" changeset="1" uid="1" user="generator"/>
  <node id="1048" lat="49.1003336033" lon="31.3312307100" version="1" timestamp="2026-09-01T12:00:00Z" changeset="1" uid="1" user="generator"/>
  <node id="1049" lat="49.1041319401" lon="31.3411827496" version="1" timestamp="2026-09-01T12:00:00Z" changeset="1" uid="1" user="generator"/>
  <node id="1050" lat="49.1041319401" lon="31.3552035789" version="1" timestamp="2026-09-01T12:00:00Z" changeset="1" uid="1" user="generator"/>
  <node id="1051" lat="49.1003336033" lon="31.3552035789" version="1" timestamp="2026-09-01T12:00:00Z" changeset="1" uid="1" user="generator"/>
  <node id="1052" lat="49.1003336033" lon="31.3411827496" version="1" timestamp="2026-09-01T12:00:00Z" changeset="1" uid="1" user="generator"/>
  <node id="1053" lat="49.1041319401" lon="31.2627760728" version="1" timestamp="2026-09-01T12:00:00Z" changeset="1" uid="1" user="generator"/>
  <node id="1054" lat="49.1041319401" lon="31.2848794978" version="1" timestamp="2026-09-01T12:00:00Z" changeset="1" uid="1" user="generator"/>
  <node id="1055" lat="49.1035280035" lon="31.2852093997" version="1" timestamp="2026-09-01T12:00:00Z" changeset="1" uid="1" user="generator"/>
  <node id="1056" lat="49.1027000027" lon="31.2854293343" version="1" timestamp="2026-09-01T12:00:00Z" changeset="1" uid="1" user="generator"/>
  <node id="1057" lat="49.1006120006" lon="31.2854293343" version="1" timestamp="2026-09-01T12:00:00Z" changeset="1" uid="1" user="generator"/>
  <node id="1058" lat="49.1004320004" lon="31.2848794978" version="1" timestamp="2026-09-01T12:00:00Z" changeset="1" uid="1" user="generator"/>
  <node id="1059" lat="49.1004680005" lon="31.2845495960" version="1" timestamp="2026-09-01T12:00:00Z" changeset="1" uid="1" user="generator"/>
  <node id="1060" lat="49.1013680014" lon="31.2832299885" version="1" timestamp="2026-09-01T12:00:00Z" changeset="1" uid="1" user="generator"/>
  <node id="1061" lat="49.1014400014" lon="31.2822402829" version="1" timestamp="2026-09-01T12:00:00Z" changeset="1" uid="1" user="generator"/>
  <node id="1062" lat="49.1012600013" lon="31.2819103810" version="1" timestamp="2026-09-01T12:00:00Z" changeset="1" uid="1" user="generator"/>
  <node id="1063" lat="49.1016200016" lon="31.2815804792" version="1" timestamp="2026-09-01T12:00:00Z" changeset="1" uid="1" user="generator"/>
  <node id="1064" lat="49.1018000018" lon="31.2809206754" version="1" timestamp="2026-09-01T12:00:00Z" changeset="1" uid="1" user="generator"/>
  <node id="1065" lat="49.1018000018" lon="31.2772917549" version="1" timestamp="2026-09-01T12:00:00Z" changeset="1" uid="1" user="generator"/>
  <node id="1066" lat="49.1010440010" lon="31.2756422456" version="1" timestamp="2026-09-01T12:00:00Z" changeset="1" uid="1" user="generator"/>
  <node id="1067" lat="49.1005040005" lon="31.2753123437" version="1" timestamp="2026-09-01T12:00:00Z" changeset="1" uid="1" user="generator"/>
  <node id="1068" lat="49.1003600004" lon="31.2749824419" version="1" timestamp="2026-09-01T12:00:00Z" changeset="1" uid="1" user="generator"/>
  <node id="1069" lat="49.1014760015" lon="31.2733329325" version="1" timestamp="2026-09-01T12:00:00Z" changeset="1" uid="1" user="generator"/>
  <node id="1070" lat="49.1015120015" lon="31.2726731288" version="1" timestamp="2026-09-01T12:00:00Z" changeset="1" uid="1" user="generator"/>
  <node id="1071" lat="49.1014760015" lon="31.2723432269" version="1" timestamp="2026-09-01T12:00:00Z" changeset="1" uid="1" user="generator"/>
  <node id="1072" lat="49.1004320004" lon="31.2706937176" version="1" timestamp="2026-09-01T12:00:00Z" changeset="1" uid="1" user="generator"/>
  <node id="1073" lat="49.1003336033" lon="31.2703638157" version="1" timestamp="2026-09-01T12:00:00Z" changeset="1" uid="1" user="generator"/>
  <node id="1074" lat="49.1003336033" lon="31.2631059747" version="1" timestamp="2026-09-01T12:00:00Z" changeset="1" uid="1" user="generator"/>
  <node id="1075" lat="49.1018720019" lon="31.2627760728" version="1" timestamp="2026-09-01T12:00:00Z" changeset="1" uid="1" user="generator"/>
  <node id="1076" lat="49.1000816031" lon="31.2448514048" version="1" timestamp="2026-09-01T12:00:00Z" changeset="1" uid="1" user="generator"/>
  <node id="1077" lat="49.1000816031" lon="31.2580474794" version="1" timestamp="2026-09-01T12:00:00Z" changeset="1" uid="1" user="generator"/>
  <node id="1078" lat="49.0998199998" lon="31.2584323649" version="1" timestamp="2026-09-01T12:00:00Z" changeset="1" uid="1" user="generator"/>
  <node id="1079" lat="49.0974079974" lon="31.2584323649" version="1" timestamp="2026-09-01T12:00:00Z" changeset="1" uid="1" user="generator"/>
  <node id="1080" lat="49.0974079974" lon="31.2577175775" version="1" timestamp="2026-09-01T12:00:00Z" changeset="1" uid="1" user="generator"/>
  <node id="1081" lat="49.0969759970" lon="31.2570577738" version="1" timestamp="2026-09-01T12:00:00Z" changeset="1" uid="1" user="generator"/>
  <node id="1082" lat="49.0959186759" lon="31.2567278719" version="1" timestamp="2026-09-01T12:00:00Z" changeset="1" uid="1" user="generator"/>
  <node id="1083" lat="49.0959186759" lon="31.2448514048" version="1" timestamp="2026-09-01T12:00:00Z" changeset="1" uid="1" user="generator"/>
  <node id="1084" lat="49.0993519994" lon="31.2612365308" version="1" timestamp="2026-09-01T12:00:00Z" changeset="1" uid="1" user="generator"/>
  <node id="1085" lat="49.0993519994" lon="31.2615664326" version="1" timestamp="2026-09-01T12:00:00Z" changeset="1" uid="1" user="generator"/>
  <node id="1086" lat="49.0999640000" lon="31.2622262364" version="1" timestamp="2026-09-01T12:00:00Z" changeset="1" uid="1" user="generator"/>
  <node id="1087" lat="49.1000816031" lon="31.2625561382" version="1" timestamp="2026-09-01T12:00:00Z" changeset="1" uid="1" user="generator"/>
  <node id="1088" lat="49.1000816031" lon="31.2655252550" version="1" timestamp="2026-09-01T12:00:00Z" changeset="1" uid="1" user="generator"/>
  <node id="1089" lat="49.0979839980" lon="31.2655252550" version="1" timestamp="2026-09-01T12:00:00Z" changeset="1" uid="1" user="generator"/>
  <node id="1090" lat="49.0975879976" lon="31.2648654513" version="1" timestamp="2026-09-01T12:00:00Z" changeset="1" uid="1" user="generator"/>
  <node id="1091" lat="49.0959186759" lon="31.2645355494" version="1" timestamp="2026-09-01T12:00:00Z" changeset="1" uid="1" user="generator"/>
  <node id="1092" lat="49.0959186759" lon="31.2612365308" version="1" timestamp="2026-09-01T12:00:00Z" changeset="1" uid="1" user="generator"/>
  <node id="1093" lat="49.0983799984" lon="31.2916974697" version="1" timestamp="2026-09-01T12:00:00Z" changeset="1" uid="1" user="generator"/>
  <node id="1094" lat="49.0984519985" lon="31.2926871753" version="1" timestamp="2026-09-01T12:00:00Z" changeset="1" uid="1" user="generator"/>
  <node id="1095" lat="49.0994599995" lon="31.2943366846" version="1" timestamp="2026-09-01T12:00:00Z" changeset="1" uid="1" user="generator"/>
  <node id="1096" lat="49.1000816031" lon="31.2946665865" version="1" timestamp="2026-09-01T12:00:00Z" changeset="1" uid="1" user="generator"/>
  <node id="1097" lat="49.1000816031" lon="31.2966459977" version="1" timestamp="2026-09-01T12:00:00Z" changeset="1" uid="1" user="generator"/>
  <node id="1098" lat="49.0984159984" lon="31.2966459977" version="1" timestamp="2026-09-01T12:00:00Z" changeset="1" uid="1" user="generator"/>
  <node id="1099" lat="49.0959319959" lon="31.2926871753" version="1" timestamp="2026-09-01T12:00:00Z" changeset="1" uid="1" user="generator"/>
  <node id="1100" lat="49.0959186759" lon="31.2916974697" version="1" timestamp="2026-09-01T12:00:00Z" changeset="1" uid="1" user="generator"/>
  <node id="1101" lat="49.0976959977" lon="31.2969298370" version="1" timestamp="2026-09-01T12:00:00Z" changeset="1" uid="1" user="generator"/>
  <node id="1102" lat="49.0999640000" lon="31.3005587575" version="1" timestamp="2026-09-01T12:00:00Z" changeset="1" uid="1" user="generator"/>
  <node id="1103" lat="49.1000816031" lon="31.3008886594" version="1" timestamp="2026-09-01T12:00:00Z" changeset="1" uid="1" user="generator"/>
  <node id="1104" lat="49.1000816031" lon="31.3012185613" version="1" timestamp="2026-09-01T12:00:00Z" changeset="1" uid="1" user="generator"/>
  <node id="1105" lat="49.0993159993" lon="31.3022751682" version="1" timestamp="2026-09-01T12:00:00Z" changeset="1" uid="1" user="generator"/>
  <node id="1106" lat="49.0959186759" lon="31.3022751682" version="1" timestamp="2026-09-01T12:00:00Z" changeset="1" uid="1" user="generator"/>
  <node id="1107" lat="49.0959186759" lon="31.2969298370" version="1" timestamp="2026-09-01T12:00:00Z" changeset="1" uid="1" user="generator"/>
  <node id="1108" lat="49.0990639991" lon="31.3026050701" version="1" timestamp="2026-09-01T12:00:00Z" changeset="1" uid="1" user="generator"/>
  <node id="1109" lat="49.0988119988" lon="31.3029349719" version="1" timestamp="2026-09-01T12:00:00Z" changeset="1" uid="1" user="generator"/>
  <node id="1110" lat="49.0987039987" lon="31.3032648738" version="1" timestamp="2026-09-01T12:00:00Z" changeset="1" uid="1" user="generator"/>
  <node id="1111" lat="49.0986679987" lon="31.3039246775" version="1" timestamp="2026-09-01T12:00:00Z" changeset="1" uid="1" user="generator"/>
  <node id="1112" lat="49.0993519994" lon="31.3052442850" version="1" timestamp="2026-09-01T12:00:00Z" changeset="1" uid="1" user="generator"/>
  <node id="1113" lat="49.0992079992" lon="31.3055741869" version="1" timestamp="2026-09-01T12:00:00Z" changeset="1" uid="1" user="generator"/>
  <node id="1114" lat="49.0978039978" lon="31.3073002747" version="1" timestamp="2026-09-01T12:00:00Z" changeset="1" uid="1" user="generator"/>
  <node id="1115" lat="49.0959186759" lon="31.3073002747" version="1" timestamp="2026-09-01T12:00:00Z" changeset="1" uid="1" user="generator"/>
  <node id="1116" lat="49.0959186759" lon="31.3026050701" version="1" timestamp="2026-09-01T12:00:00Z" changeset="1" uid="1" user="generator"/>
  <node id="1117" lat="49.1000816031" lon="31.3073002747" version="1" timestamp="2026-09-01T12:00:00Z" changeset="1" uid="1" user="generator"/>
  <node id="1118" lat="49.1000816031" lon="31.3128025429" version="1" timestamp="2026-09-01T12:00:00Z" changeset="1" uid="1" user="generator"/>
  <node id="1119" lat="49.0959186759" lon="31.3128025429" version="1" timestamp="2026-09-01T12:00:00Z" changeset="1" uid="1" user="generator"/>
  <node id="1120" lat="49.0959186759" lon="31.3105992933" version="1" timestamp="2026-09-01T12:00:00Z" changeset="1" uid="1" user="generator"/>
  <node id="1121" lat="49.0960759961" lon="31.3102693915" version="1" timestamp="2026-09-01T12:00:00Z" changeset="1" uid="1" user="generator"/>
  <node id="1122" lat="49.0985959986" lon="31.3073002747" version="1" timestamp="2026-09-01T12:00:00Z" changeset="1" uid="1" user="generator"/>
  <node id="1123" lat="49.1000816031" lon="31.3131324448" version="1" timestamp="2026-09-01T12:00:00Z" changeset="1" uid="1" user="generator"/>
  <node id="1124" lat="49.1000816031" lon="31.3180810278" version="1" timestamp="2026-09-01T12:00:00Z" changeset="1" uid="1" user="generator"/>
  <node id="1125" lat="49.0959186759" lon="31.3180810278" version="1" timestamp="2026-09-01T12:00:00Z" changeset="1" uid="1" user="generator"/>
  <node id="1126" lat="49.0959186759" lon="31.3131324448" version="1" timestamp="2026-09-01T12:00:00Z" changeset="1" uid="1" user="generator"/>
  <node id="1127" lat="49.1000816031" lon="31.3184109296" version="1" timestamp="2026-09-01T12:00:00Z" changeset="1" uid="1" user="generator"/>
  <node id="1128" lat="49.1000816031" lon="31.3232825493" version="1" timestamp="2026-09-01T12:00:00Z" changeset="1" uid="1" user="generator"/>
  <node id="1129" lat="49.0980919981" lon="31.3232825493" version="1" timestamp="2026-09-01T12:00:00Z" changeset="1" uid="1" user="generator"/>
  <node id="1130" lat="49.0959186759" lon="31.3197305371" version="1" timestamp="2026-09-01T12:00:00Z" changeset="1" uid="1" user="generator"/>
  <node id="1131" lat="49.0959186759" lon="31.3184109296" version="1" timestamp="2026-09-01T12:00:00Z" changeset="1" uid="1" user="generator"/>
  <node id="1132" lat="49.0983439983" lon="31.3280416586" version="1" timestamp="2026-09-01T12:00:00Z" changeset="1" uid="1" user="generator"/>
  <node id="1133" lat="49.1000816031" lon="31.3283715605" version="1" timestamp="2026-09-01T12:00:00Z" changeset="1" uid="1" user="generator"/>
  <node id="1134" lat="49.1000816031" lon="31.3405229458" version="1" timestamp="2026-09-01T12:00:00Z" changeset="1" uid="1" user="generator"/>
  <node id="1135" lat="49.0959186759" lon="31.3405229458" version="1" timestamp="2026-09-01T12:00:00Z" changeset="1" uid="1" user="generator"/>
  <node id="1136" lat="49.0959186759" lon="31.3280416586" version="1" timestamp="2026-09-01T12:00:00Z" changeset="1" uid="1" user="generator"/>
  <node id="1137" lat="49.1000816031" lon="31.3411827496" version="1" timestamp="2026-09-01T12:00:00Z" changeset="1" uid="1" user="generator"/>
  <node id="1138" lat="49.1000816031" lon="31.3552035789" version="1" timestamp="2026-09-01T12:00:00Z" changeset="1" uid="1" user="generator"/>
  <node id="1139" lat="49.0969759970" lon="31.3552035789" version="1" timestamp="2026-09-01T12:00:00Z" changeset="1" uid="1" user="generator"/>
  <node id="1140" lat="49.0970479970" lon="31.3543788242" version="1" timestamp="2026-09-01T12:00:00Z" changeset="1" uid="1" user="generator"/>
  <node id="1141" lat="49.0960759961" lon="31.3533891186" version="1" timestamp="2026-09-01T12:00:00Z" changeset="1" uid="1" user="generator"/>
  <node id="1142" lat="49.0959186759" lon="31.3530592167" version="1" timestamp="2026-09-01T12:00:00Z" changeset="1" uid="1" user="generator"/>
  <node id="1143" lat="49.0959186759" lon="31.3451415720" version="1" timestamp="2026-09-01T12:00:00Z" changeset="1" uid="1" user="generator"/>
  <node id="1144" lat="49.0963279963" lon="31.3448116701" version="1" timestamp="2026-09-01T12:00:00Z" changeset="1" uid="1" user="generator"/>
  <node id="1145" lat="49.0967599968" lon="31.3441518664" version="1" timestamp="2026-09-01T12:00:00Z" changeset="1" uid="1" user="generator"/>
  <node id="1146" lat="49.0967599968" lon="31.3415126514" version="1" timestamp="2026-09-01T12:00:00Z" changeset="1" uid="1" user="generator"/>
  <node id="1147" lat="49.0966159966" lon="31.3411827496" version="1" timestamp="2026-09-01T12:00:00Z" changeset="1" uid="1" user="generator"/>
  <node id="1148" lat="49.0956666757" lon="31.2448514048" version="1" timestamp="2026-09-01T12:00:00Z" changeset="1" uid="1" user="generator"/>
  <node id="1149" lat="49.0956666757" lon="31.2567278719" version="1" timestamp="2026-09-01T12:00:00Z" changeset="1" uid="1" user="generator"/>
  <node id="1150" lat="49.0951039951" lon="31.2570577738" version="1" timestamp="2026-09-01T12:00:00Z" changeset="1" uid="1" user="generator"/>
  <node id="1151" lat="49.0946719947" lon="31.2577175775" version="1" timestamp="2026-09-01T12:00:00Z" changeset="1" uid="1" user="generator"/>
  <node id="1152" lat="49.0946719947" lon="31.2603567925" version="1" timestamp="2026-09-01T12:00:00Z" changeset="1" uid="1" user="generator"/>
  <node id="1153" lat="49.0947799948" lon="31.2606866943" version="1" timestamp="2026-09-01T12:00:00Z" changeset="1" uid="1" user="generator"/>
  <node id="1154" lat="49.0952839953" lon="31.2613464981" version="1" timestamp="2026-09-01T12:00:00Z" changeset="1" uid="1" user="generator"/>
  <node id="1155" lat="49.0952839953" lon="31.2643156149" version="1" timestamp="2026-09-01T12:00:00Z" changeset="1" uid="1" user="generator"/>
  <node id="1156" lat="49.0936639937" lon="31.2643156149" version="1" timestamp="2026-09-01T12:00:00Z" changeset="1" uid="1" user="generator"/>
  <node id="1157" lat="49.0929556480" lon="31.2639857130" version="1" timestamp="2026-09-01T12:00:00Z" changeset="1" uid="1" user="generator"/>
  <node id="1158" lat="49.0929556480" lon="31.2448514048" version="1" timestamp="2026-09-01T12:00:00Z" changeset="1" uid="1" user="generator"/>
  <node id="1159" lat="49.0950679951" lon="31.2839997595" version="1" timestamp="2026-09-01T12:00:00Z" changeset="1" uid="1" user="generator"/>
  <node id="1160" lat="49.0956079956" lon="31.2843296614" version="1" timestamp="2026-09-01T12:00:00Z" changeset="1" uid="1" user="generator"/>
  <node id="1161" lat="49.0956666757" lon="31.2846595632" version="1" timestamp="2026-09-01T12:00:00Z" changeset="1" uid="1" user="generator"/>
  <node id="1162" lat="49.0956666757" lon="31.2859791707" version="1" timestamp="2026-09-01T12:00:00Z" changeset="1" uid="1" user="generator"/>
  <node id="1163" lat="49.0952479952" lon="31.2866389744" version="1" timestamp="2026-09-01T12:00:00Z" changeset="1" uid="1" user="generator"/>
  <node id="1164" lat="49.0952119952" lon="31.2869688763" version="1" timestamp="2026-09-01T12:00:00Z" changeset="1" uid="1" user="generator"/>
  <node id="1165" lat="49.0952119952" lon="31.2876286800" version="1" timestamp="2026-09-01T12:00:00Z" changeset="1" uid="1" user="generator"/>
  <node id="1166" lat="49.0956439956" lon="31.2882884838" version="1" timestamp="2026-09-01T12:00:00Z" changeset="1" uid="1" user="generator"/>
  <node id="1167" lat="49.0956666757" lon="31.2905977968" version="1" timestamp="2026-09-01T12:00:00Z" changeset="1" uid="1" user="generator"/>
  <node id="1168" lat="49.0945999946" lon="31.2905977968" version="1" timestamp="2026-09-01T12:00:00Z" changeset="1" uid="1" user="generator"/>
  <node id="1169" lat="49.0929556480" lon="31.2879585819" version="1" timestamp="2026-09-01T12:00:00Z" changeset="1" uid="1" user="generator"/>
  <node id="1170" lat="49.0929556480" lon="31.2839997595" version="1" timestamp="2026-09-01T12:00:00Z" changeset="1" uid="1" user="generator"/>
  <node id="1171" lat="49.0939879940" lon="31.2909276987" version="1" timestamp="2026-09-01T12:00:00Z" changeset="1" uid="1" user="generator"/>
  <node id="1172" lat="49.0952479952" lon="31.2929071099" version="1" timestamp="2026-09-01T12:00:00Z" changeset="1" uid="1" user="generator"/>
  <node id="1173" lat="49.0956079956" lon="31.2935669136" version="1" timestamp="2026-09-01T12:00:00Z" changeset="1" uid="1" user="generator"/>
  <node id="1174" lat="49.0956666757" lon="31.2938968155" version="1" timestamp="2026-09-01T12:00:00Z" changeset="1" uid="1" user="generator"/>
  <node id="1175" lat="49.0956666757" lon="31.3097321050" version="1" timestamp="2026-09-01T12:00:00Z" changeset="1" uid="1" user="generator"/>
  <node id="1176" lat="49.0943839944" lon="31.3113152079" version="1" timestamp="2026-09-01T12:00:00Z" changeset="1" uid="1" user="generator"/>
  <node id="1177" lat="49.0929556480" lon="31.3113152079" version="1" timestamp="2026-09-01T12:00:00Z" changeset="1" uid="1" user="generator"/>
  <node id="1178" lat="49.0929556480" lon="31.2909276987" version="1" timestamp="2026-09-01T12:00:00Z" changeset="1" uid="1" user="generator"/>
  <node id="1179" lat="49.0956666757" lon="31.3119750116" version="1" timestamp="2026-09-01T12:00:00Z" changeset="1" uid="1" user="generator"/>
  <node id="1180" lat="49.0956666757" lon="31.3175833433" version="1" timestamp="2026-09-01T12:00:00Z" changeset="1" uid="1" user="generator"/>
  <node id="1181" lat="49.0945279945" lon="31.3175833433" version="1" timestamp="2026-09-01T12:00:00Z" changeset="1" uid="1" user="generator"/>
  <node id="1182" lat="49.0930519931" lon="31.3152740303" version="1" timestamp="2026-09-01T12:00:00Z" changeset="1" uid="1" user="generator"/>
  <node id="1183" lat="49.0929556480" lon="31.3149441284" version="1" timestamp="2026-09-01T12:00:00Z" changeset="1" uid="1" user="generator"/>
  <node id="1184" lat="49.0930159930" lon="31.3139544228" version="1" timestamp="2026-09-01T12:00:00Z" changeset="1" uid="1" user="generator"/>
  <node id="1185" lat="49.0931959932" lon="31.3136245209" version="1" timestamp="2026-09-01T12:00:00Z" changeset="1" uid="1" user="generator"/>
  <node id="1186" lat="49.0946359946" lon="31.3119750116" version="1" timestamp="2026-09-01T12:00:00Z" changeset="1" uid="1" user="generator"/>
  <node id="1187" lat="49.0941679942" lon="31.3179132452" version="1" timestamp="2026-09-01T12:00:00Z" changeset="1" uid="1" user="generator"/>
  <node id="1188" lat="49.0956079956" lon="31.3202225582" version="1" timestamp="2026-09-01T12:00:00Z" changeset="1" uid="1" user="generator"/>
  <node id="1189" lat="49.0956666757" lon="31.3205524601" version="1" timestamp="2026-09-01T12:00:00Z" changeset="1" uid="1" user="generator"/>
  <node id="1190" lat="49.0956666757" lon="31.3395475635" version="1" timestamp="2026-09-01T12:00:00Z" changeset="1" uid="1" user="generator"/>
  <node id="1191" lat="49.0936279936" lon="31.3395475635" version="1" timestamp="2026-09-01T12:00:00Z" changeset="1" uid="1" user="generator"/>
  <node id="1192" lat="49.0930519931" lon="31.3386970627" version="1" timestamp="2026-09-01T12:00:00Z" changeset="1" uid="1" user="generator"/>
  <node id="1193" lat="49.0929556480" lon="31.3383671609" version="1" timestamp="2026-09-01T12:00:00Z" changeset="1" uid="1" user="generator"/>
  <node id="1194" lat="49.0929556480" lon="31.3179132452" version="1" timestamp="2026-09-01T12:00:00Z" changeset="1" uid="1" user="generator"/>
  <node id="1195" lat="49.0956666757" lon="31.3448666537" version="1" timestamp="2026-09-01T12:00:00Z" changeset="1" uid="1" user="generator"/>
  <node id="1196" lat="49.0956666757" lon="31.3514097074" version="1" timestamp="2026-09-01T12:00:00Z" changeset="1" uid="1" user="generator"/>
  <node id="1197" lat="49.0940959941" lon="31.3514097074" version="1" timestamp="2026-09-01T12:00:00Z" changeset="1" uid="1" user="generator"/>
  <node id="1198" lat="49.0929556480" lon="31.3494852799" version="1" timestamp="2026-09-01T12:00:00Z" changeset="1" uid="1" user="generator"/>
  <node id="1199" lat="49.0929556480" lon="31.3448666537" version="1" timestamp="2026-09-01T12:00:00Z" changeset="1" uid="1" user="generator"/>
  <node id="1200" lat="49.0927036477" lon="31.2448514048" version="1" timestamp="2026-09-01T12:00:00Z" changeset="1" uid="1" user="generator"/>
  <node id="1201" lat="49.0927036477" lon="31.2621712527" version="1" timestamp="2026-09-01T12:00:00Z" changeset="1" uid="1" user="generator"/>
  <node id="1202" lat="49.0911439911" lon="31.2621712527" version="1" timestamp="2026-09-01T12:00:00Z" changeset="1" uid="1" user="generator"/>
  <node id="1203" lat="49.0908559909" lon="31.2610165962" version="1" timestamp="2026-09-01T12:00:00Z" changeset="1" uid="1" user="generator"/>
  <node id="1204" lat="49.0900639901" lon="31.2600268906" version="1" timestamp="2026-09-01T12:00:00Z" changeset="1" uid="1" user="generator"/>
  <node id="1205" lat="49.0899926200" lon="31.2596969887" version="1" timestamp="2026-09-01T12:00:00Z" changeset="1" uid="1" user="generator"/>
  <node id="1206" lat="49.0899926200" lon="31.2448514048" version="1" timestamp="2026-09-01T12:00:00Z" changeset="1" uid="1" user="generator"/>
  <node id="1207" lat="49.0909999910" lon="31.2863090726" version="1" timestamp="2026-09-01T12:00:00Z" changeset="1" uid="1" user="generator"/>
  <node id="1208" lat="49.0927036477" lon="31.2889482875" version="1" timestamp="2026-09-01T12:00:00Z" changeset="1" uid="1" user="generator"/>
  <node id="1209" lat="49.0927036477" lon="31.3130311237" version="1" timestamp="2026-09-01T12:00:00Z" changeset="1" uid="1" user="generator"/>
  <node id="1210" lat="49.0926199926" lon="31.3133610256" version="1" timestamp="2026-09-01T12:00:00Z" changeset="1" uid="1" user="generator"/>
  <node id="1211" lat="49.0915759916" lon="31.3147356167" version="1" timestamp="2026-09-01T12:00:00Z" changeset="1" uid="1" user="generator"/>
  <node id="1212" lat="49.0899926200" lon="31.3147356167" version="1" timestamp="2026-09-01T12:00:00Z" changeset="1" uid="1" user="generator"/>
  <node id="1213" lat="49.0899926200" lon="31.2863090726" version="1" timestamp="2026-09-01T12:00:00Z" changeset="1" uid="1" user="generator"/>
  <node id="1214" lat="49.0927036477" lon="31.3156153550" version="1" timestamp="2026-09-01T12:00:00Z" changeset="1" uid="1" user="generator"/>
  <node id="1215" lat="49.0927036477" lon="31.3357943524" version="1" timestamp="2026-09-01T12:00:00Z" changeset="1" uid="1" user="generator"/>
  <node id="1216" lat="49.0911439911" lon="31.3357943524" version="1" timestamp="2026-09-01T12:00:00Z" changeset="1" uid="1" user="generator"/>
  <node id="1217" lat="49.0907119907" lon="31.3350795651" version="1" timestamp="2026-09-01T12:00:00Z" changeset="1" uid="1" user="generator"/>
  <node id="1218" lat="49.0899926200" lon="31.3347496632" version="1" timestamp="2026-09-01T12:00:00Z" changeset="1" uid="1" user="generator"/>
  <node id="1219" lat="49.0899926200" lon="31.3179246680" version="1" timestamp="2026-09-01T12:00:00Z" changeset="1" uid="1" user="generator"/>
  <node id="1220" lat="49.0900999901" lon="31.3175947662" version="1" timestamp="2026-09-01T12:00:00Z" changeset="1" uid="1" user="generator"/>
  <node id="1221" lat="49.0916119916" lon="31.3156153550" version="1" timestamp="2026-09-01T12:00:00Z" changeset="1" uid="1" user="generator"/>
  <node id="1222" lat="49.0924039924" lon="31.3385985183" version="1" timestamp="2026-09-01T12:00:00Z" changeset="1" uid="1" user="generator"/>
  <node id="1223" lat="49.0926199926" lon="31.3389284202" version="1" timestamp="2026-09-01T12:00:00Z" changeset="1" uid="1" user="generator"/>
  <node id="1224" lat="49.0927036477" lon="31.3392583220" version="1" timestamp="2026-09-01T12:00:00Z" changeset="1" uid="1" user="generator"/>
  <node id="1225" lat="49.0927036477" lon="31.3456364248" version="1" timestamp="2026-09-01T12:00:00Z" changeset="1" uid="1" user="generator"/>
  <node id="1226" lat="49.0911439911" lon="31.3456364248" version="1" timestamp="2026-09-01T12:00:00Z" changeset="1" uid="1" user="generator"/>
  <node id="1227" lat="49.0905319905" lon="31.3442068500" version="1" timestamp="2026-09-01T12:00:00Z" changeset="1" uid="1" user="generator"/>
  <node id="1228" lat="49.0900999901" lon="31.3438769481" version="1" timestamp="2026-09-01T12:00:00Z" changeset="1" uid="1" user="generator"/>
  <node id="1229" lat="49.0899926200" lon="31.3435470463" version="1" timestamp="2026-09-01T12:00:00Z" changeset="1" uid="1" user="generator"/>
  <node id="1230" lat="49.0899926200" lon="31.3412377332" version="1" timestamp="2026-09-01T12:00:00Z" changeset="1" uid="1" user="generator"/>
  <node id="1231" lat="49.0906039906" lon="31.3409078313" version="1" timestamp="2026-09-01T12:00:00Z" changeset="1" uid="1" user="generator"/>
  <node id="1232" lat="49.0908199908" lon="31.3405779295" version="1" timestamp="2026-09-01T12:00:00Z" changeset="1" uid="1" user="generator"/>
  <node id="1233" lat="49.0908559909" lon="31.3385985183" version="1" timestamp="2026-09-01T12:00:00Z" changeset="1" uid="1" user="generator"/>
  <node id="1234" lat="49.0897406197" lon="31.2448514048" version="1" timestamp="2026-09-01T12:00:00Z" changeset="1" uid="1" user="generator"/>
  <node id="1235" lat="49.0897406197" lon="31.2584323649" version="1" timestamp="2026-09-01T12:00:00Z" changeset="1" uid="1" user="generator"/>
  <node id="1236" lat="49.0876519877" lon="31.2584323649" version="1" timestamp="2026-09-01T12:00:00Z" changeset="1" uid="1" user="generator"/>
  <node id="1237" lat="49.0870039870" lon="31.2580474794" version="1" timestamp="2026-09-01T12:00:00Z" changeset="1" uid="1" user="generator"/>
  <node id="1238" lat="49.0866079866" lon="31.2573876757" version="1" timestamp="2026-09-01T12:00:00Z" changeset="1" uid="1" user="generator"/>
  <node id="1239" lat="49.0862839863" lon="31.2563979701" version="1" timestamp="2026-09-01T12:00:00Z" changeset="1" uid="1" user="generator"/>
  <node id="1240" lat="49.0862629803" lon="31.2448514048" version="1" timestamp="2026-09-01T12:00:00Z" changeset="1" uid="1" user="generator"/>
  <node id="1241" lat="49.0884079884" lon="31.2774567058" version="1" timestamp="2026-09-01T12:00:00Z" changeset="1" uid="1" user="generator"/>
  <node id="1242" lat="49.0897406197" lon="31.2777866077" version="1" timestamp="2026-09-01T12:00:00Z" changeset="1" uid="1" user="generator"/>
  <node id="1243" lat="49.0897406197" lon="31.2810856264" version="1" timestamp="2026-09-01T12:00:00Z" changeset="1" uid="1" user="generator"/>
  <node id="1244" lat="49.0884439884" lon="31.2810856264" version="1" timestamp="2026-09-01T12:00:00Z" changeset="1" uid="1" user="generator"/>
  <node id="1245" lat="49.0867159867" lon="31.2784464114" version="1" timestamp="2026-09-01T12:00:00Z" changeset="1" uid="1" user="generator"/>
  <node id="1246" lat="49.0863199863" lon="31.2777866077" version="1" timestamp="2026-09-01T12:00:00Z" changeset="1" uid="1" user="generator"/>
  <node id="1247" lat="49.0862629803" lon="31.2774567058" version="1" timestamp="2026-09-01T12:00:00Z" changeset="1" uid="1" user="generator"/>
  <node id="1248" lat="49.0878679879" lon="31.2814155282" version="1" timestamp="2026-09-01T12:00:00Z" changeset="1" uid="1" user="generator"/>
  <node id="1249" lat="49.0897399897" lon="31.2843846450" version="1" timestamp="2026-09-01T12:00:00Z" changeset="1" uid="1" user="generator"/>
  <node id="1250" lat="49.0897406197" lon="31.3037388878" version="1" timestamp="2026-09-01T12:00:00Z" changeset="1" uid="1" user="generator"/>
  <node id="1251" lat="49.0877239877" lon="31.3037388878" version="1" timestamp="2026-09-01T12:00:00Z" changeset="1" uid="1" user="generator"/>
  <node id="1252" lat="49.0872559873" lon="31.2992302290" version="1" timestamp="2026-09-01T12:00:00Z" changeset="1" uid="1" user="generator"/>
  <node id="1253" lat="49.0862629803" lon="31.2959312103" version="1" timestamp="2026-09-01T12:00:00Z" changeset="1" uid="1" user="generator"/>
  <node id="1254" lat="49.0862629803" lon="31.2942817010" version="1" timestamp="2026-09-01T12:00:00Z" changeset="1" uid="1" user="generator"/>
  <node id="1255" lat="49.0863919864" lon="31.2932919954" version="1" timestamp="2026-09-01T12:00:00Z" changeset="1" uid="1" user="generator"/>
  <node id="1256" lat="49.0863919864" lon="31.2857042525" version="1" timestamp="2026-09-01T12:00:00Z" changeset="1" uid="1" user="generator"/>
  <node id="1257" lat="49.0862629803" lon="31.2850444488" version="1" timestamp="2026-09-01T12:00:00Z" changeset="1" uid="1" user="generator"/>
  <node id="1258" lat="49.0862629803" lon="31.2814155282" version="1" timestamp="2026-09-01T12:00:00Z" changeset="1" uid="1" user="generator"/>
  <node id="1259" lat="49.0897406197" lon="31.3053883971" version="1" timestamp="2026-09-01T12:00:00Z" changeset="1" uid="1" user="generator"/>
  <node id="1260" lat="49.0897406197" lon="31.3169349624" version="1" timestamp="2026-09-01T12:00:00Z" changeset="1" uid="1" user="generator"/>
  <node id="1261" lat="49.0878319878" lon="31.3199040792" version="1" timestamp="2026-09-01T12:00:00Z" changeset="1" uid="1" user="generator"/>
  <node id="1262" lat="49.0862629803" lon="31.3199040792" version="1" timestamp="2026-09-01T12:00:00Z" changeset="1" uid="1" user="generator"/>
  <node id="1263" lat="49.0862839863" lon="31.3136359438" version="1" timestamp="2026-09-01T12:00:00Z" changeset="1" uid="1" user="generator"/>
  <node id="1264" lat="49.0875439875" lon="31.3080276121" version="1" timestamp="2026-09-01T12:00:00Z" changeset="1" uid="1" user="generator"/>
  <node id="1265" lat="49.0877239877" lon="31.3053883971" version="1" timestamp="2026-09-01T12:00:00Z" changeset="1" uid="1" user="generator"/>
  <node id="1266" lat="49.0897406197" lon="31.3202339811" version="1" timestamp="2026-09-01T12:00:00Z" changeset="1" uid="1" user="generator"/>
  <node id="1267" lat="49.0897406197" lon="31.3349146141" version="1" timestamp="2026-09-01T12:00:00Z" changeset="1" uid="1" user="generator"/>
  <node id="1268" lat="49.0862629803" lon="31.3349146141" version="1" timestamp="2026-09-01T12:00:00Z" changeset="1" uid="1" user="generator"/>
  <node id="1269" lat="49.0862629803" lon="31.3245227054" version="1" timestamp="2026-09-01T12:00:00Z" changeset="1" uid="1" user="generator"/>
  <node id="1270" lat="49.0863919864" lon="31.3238629016" version="1" timestamp="2026-09-01T12:00:00Z" changeset="1" uid="1" user="generator"/>
  <node id="1271" lat="49.0873639874" lon="31.3218834904" version="1" timestamp="2026-09-01T12:00:00Z" changeset="1" uid="1" user="generator"/>
  <node id="1272" lat="49.0883359883" lon="31.3202339811" version="1" timestamp="2026-09-01T12:00:00Z" changeset="1" uid="1" user="generator"/>
  <node id="1273" lat="49.0860109800" lon="31.2490851454" version="1" timestamp="2026-09-01T12:00:00Z" changeset="1" uid="1" user="generator"/>
  <node id="1274" lat="49.0860109800" lon="31.2541436407" version="1" timestamp="2026-09-01T12:00:00Z" changeset="1" uid="1" user="generator"/>
  <node id="1275" lat="49.0825333405" lon="31.2540336734" version="1" timestamp="2026-09-01T12:00:00Z" changeset="1" uid="1" user="generator"/>
  <node id="1276" lat="49.0825759826" lon="31.2507346547" version="1" timestamp="2026-09-01T12:00:00Z" changeset="1" uid="1" user="generator"/>
  <node id="1277" lat="49.0838719839" lon="31.2494150473" version="1" timestamp="2026-09-01T12:00:00Z" changeset="1" uid="1" user="generator"/>
  <node id="1278" lat="49.0839799840" lon="31.2490851454" version="1" timestamp="2026-09-01T12:00:00Z" changeset="1" uid="1" user="generator"/>
  <node id="1279" lat="49.0846639847" lon="31.2650853859" version="1" timestamp="2026-09-01T12:00:00Z" changeset="1" uid="1" user="generator"/>
  <node id="1280" lat="49.0859959860" lon="31.2654152877" version="1" timestamp="2026-09-01T12:00:00Z" changeset="1" uid="1" user="generator"/>
  <node id="1281" lat="49.0860109800" lon="31.2753123437" version="1" timestamp="2026-09-01T12:00:00Z" changeset="1" uid="1" user="generator"/>
  <node id="1282" lat="49.0846999847" lon="31.2753123437" version="1" timestamp="2026-09-01T12:00:00Z" changeset="1" uid="1" user="generator"/>
  <node id="1283" lat="49.0825333405" lon="31.2720133251" version="1" timestamp="2026-09-01T12:00:00Z" changeset="1" uid="1" user="generator"/>
  <node id="1284" lat="49.0825333405" lon="31.2650853859" version="1" timestamp="2026-09-01T12:00:00Z" changeset="1" uid="1" user="generator"/>
  <node id="1285" lat="49.0853119853" lon="31.2775116895" version="1" timestamp="2026-09-01T12:00:00Z" changeset="1" uid="1" user="generator"/>
  <node id="1286" lat="49.0860109800" lon="31.2788312970" version="1" timestamp="2026-09-01T12:00:00Z" changeset="1" uid="1" user="generator"/>
  <node id="1287" lat="49.0860109800" lon="31.2807007409" version="1" timestamp="2026-09-01T12:00:00Z" changeset="1" uid="1" user="generator"/>
  <node id="1288" lat="49.0839439839" lon="31.2807007409" version="1" timestamp="2026-09-01T12:00:00Z" changeset="1" uid="1" user="generator"/>
  <node id="1289" lat="49.0836199836" lon="31.2801509044" version="1" timestamp="2026-09-01T12:00:00Z" changeset="1" uid="1" user="generator"/>
  <node id="1290" lat="49.0835119835" lon="31.2781714932" version="1" timestamp="2026-09-01T12:00:00Z" changeset="1" uid="1" user="generator"/>
  <node id="1291" lat="49.0832959833" lon="31.2775116895" version="1" timestamp="2026-09-01T12:00:00Z" changeset="1" uid="1" user="generator"/>
  <node id="1292" lat="49.0860109800" lon="31.3186394554" version="1" timestamp="2026-09-01T12:00:00Z" changeset="1" uid="1" user="generator"/>
  <node id="1293" lat="49.0859599860" lon="31.3235879834" version="1" timestamp="2026-09-01T12:00:00Z" changeset="1" uid="1" user="generator"/>
  <node id="1294" lat="49.0856359856" lon="31.3242477871" version="1" timestamp="2026-09-01T12:00:00Z" changeset="1" uid="1" user="generator"/>
  <node id="1295" lat="49.0846639847" lon="31.3268870021" version="1" timestamp="2026-09-01T12:00:00Z" changeset="1" uid="1" user="generator"/>
  <node id="1296" lat="49.0840879841" lon="31.3288664132" version="1" timestamp="2026-09-01T12:00:00Z" changeset="1" uid="1" user="generator"/>
  <node id="1297" lat="49.0825333405" lon="31.3288664132" version="1" timestamp="2026-09-01T12:00:00Z" changeset="1" uid="1" user="generator"/>
  <node id="1298" lat="49.0825333405" lon="31.3206188666" version="1" timestamp="2026-09-01T12:00:00Z" changeset="1" uid="1" user="generator"/>
  <node id="1299" lat="49.0839799840" lon="31.3186394554" version="1" timestamp="2026-09-01T12:00:00Z" changeset="1" uid="1" user="generator"/>
  <node id="1300" lat="49.0845559846" lon="31.3492103616" version="1" timestamp="2026-09-01T12:00:00Z" changeset="1" uid="1" user="generator"/>
  <node id="1301" lat="49.0851319851" lon="31.3515196747" version="1" timestamp="2026-09-01T12:00:00Z" changeset="1" uid="1" user="generator"/>
  <node id="1302" lat="49.0859599860" lon="31.3528392822" version="1" timestamp="2026-09-01T12:00:00Z" changeset="1" uid="1" user="generator"/>
  <node id="1303" lat="49.0860109800" lon="31.3552035789" version="1" timestamp="2026-09-01T12:00:00Z" changeset="1" uid="1" user="generator"/>
  <node id="1304" lat="49.0825333405" lon="31.3552035789" version="1" timestamp="2026-09-01T12:00:00Z" changeset="1" uid="1" user="generator"/>
  <node id="1305" lat="49.0825333405" lon="31.3492103616" version="1" timestamp="2026-09-01T12:00:00Z" changeset="1" uid="1" user="generator"/>
  <node id="1306" lat="49.0854919855" lon="31.3364541562" version="1" timestamp="2026-09-01T12:00:00Z" changeset="1" uid="1" user="generator"/>
  <node id="1307" lat="49.0854919855" lon="31.3404129785" version="1" timestamp="2026-09-01T12:00:00Z" changeset="1" uid="1" user="generator"/>
  <node id="1308" lat="49.0834759835" lon="31.3404129785" version="1" timestamp="2026-09-01T12:00:00Z" changeset="1" uid="1" user="generator"/>
  <node id="1309" lat="49.0831519832" lon="31.3397531748" version="1" timestamp="2026-09-01T12:00:00Z" changeset="1" uid="1" user="generator"/>
  <node id="1310" lat="49.0825333405" lon="31.3394232730" version="1" timestamp="2026-09-01T12:00:00Z" changeset="1" uid="1" user="generator"/>
  <node id="1311" lat="49.0825333405" lon="31.3371139599" version="1" timestamp="2026-09-01T12:00:00Z" changeset="1" uid="1" user="generator"/>
  <node id="1312" lat="49.0833319833" lon="31.3367840580" version="1" timestamp="2026-09-01T12:00:00Z" changeset="1" uid="1" user="generator"/>
  <node id="1313" lat="49.0834759835" lon="31.3364541562" version="1" timestamp="2026-09-01T12:00:00Z" changeset="1" uid="1" user="generator"/>
  <node id="1314" lat="49.0809199809" lon="31.2621162691" version="1" timestamp="2026-09-01T12:00:00Z" changeset="1" uid="1" user="generator"/>
  <node id="1315" lat="49.0822813403" lon="31.2624461710" version="1" timestamp="2026-09-01T12:00:00Z" changeset="1" uid="1" user="generator"/>
  <node id="1316" lat="49.0822813403" lon="31.2695390611" version="1" timestamp="2026-09-01T12:00:00Z" changeset="1" uid="1" user="generator"/>
  <node id="1317" lat="49.0808479808" lon="31.2695390611" version="1" timestamp="2026-09-01T12:00:00Z" changeset="1" uid="1" user="generator"/>
  <node id="1318" lat="49.0789759790" lon="31.2667348952" version="1" timestamp="2026-09-01T12:00:00Z" changeset="1" uid="1" user="generator"/>
  <node id="1319" lat="49.0789740350" lon="31.2621162691" version="1" timestamp="2026-09-01T12:00:00Z" changeset="1" uid="1" user="generator"/>
  <node id="1320" lat="49.0809199809" lon="31.2970858669" version="1" timestamp="2026-09-01T12:00:00Z" changeset="1" uid="1" user="generator"/>
  <node id="1321" lat="49.0811719812" lon="31.2974157687" version="1" timestamp="2026-09-01T12:00:00Z" changeset="1" uid="1" user="generator"/>
  <node id="1322" lat="49.0822813403" lon="31.2980755725" version="1" timestamp="2026-09-01T12:00:00Z" changeset="1" uid="1" user="generator"/>
  <node id="1323" lat="49.0822813403" lon="31.3125912545" version="1" timestamp="2026-09-01T12:00:00Z" changeset="1" uid="1" user="generator"/>
  <node id="1324" lat="49.0809199809" lon="31.3143507312" version="1" timestamp="2026-09-01T12:00:00Z" changeset="1" uid="1" user="generator"/>
  <node id="1325" lat="49.0789740350" lon="31.3143507312" version="1" timestamp="2026-09-01T12:00:00Z" changeset="1" uid="1" user="generator"/>
  <node id="1326" lat="49.0789740350" lon="31.2970858669" version="1" timestamp="2026-09-01T12:00:00Z" changeset="1" uid="1" user="generator"/>
  <node id="1327" lat="49.0822813403" lon="31.3239728689" version="1" timestamp="2026-09-01T12:00:00Z" changeset="1" uid="1" user="generator"/>
  <node id="1328" lat="49.0822813403" lon="31.3305709062" version="1" timestamp="2026-09-01T12:00:00Z" changeset="1" uid="1" user="generator"/>
  <node id="1329" lat="49.0822159822" lon="31.3308458244" version="1" timestamp="2026-09-01T12:00:00Z" changeset="1" uid="1" user="generator"/>
  <node id="1330" lat="49.0803079803" lon="31.3308458244" version="1" timestamp="2026-09-01T12:00:00Z" changeset="1" uid="1" user="generator"/>
  <node id="1331" lat="49.0799479799" lon="31.3285914950" version="1" timestamp="2026-09-01T12:00:00Z" changeset="1" uid="1" user="generator"/>
  <node id="1332" lat="49.0800559801" lon="31.3249625745" version="1" timestamp="2026-09-01T12:00:00Z" changeset="1" uid="1" user="generator"/>
  <node id="1333" lat="49.0801279801" lon="31.3246326726" version="1" timestamp="2026-09-01T12:00:00Z" changeset="1" uid="1" user="generator"/>
  <node id="1334" lat="49.0803439803" lon="31.3239728689" version="1" timestamp="2026-09-01T12:00:00Z" changeset="1" uid="1" user="generator"/>
  <node id="1335" lat="49.0809919810" lon="31.3445917355" version="1" timestamp="2026-09-01T12:00:00Z" changeset="1" uid="1" user="generator"/>
  <node id="1336" lat="49.0820719821" lon="31.3455814411" version="1" timestamp="2026-09-01T12:00:00Z" changeset="1" uid="1" user="generator"/>
  <node id="1337" lat="49.0822813403" lon="31.3459113430" version="1" timestamp="2026-09-01T12:00:00Z" changeset="1" uid="1" user="generator"/>
  <node id="1338" lat="49.0822813403" lon="31.3538839714" version="1" timestamp="2026-09-01T12:00:00Z" changeset="1" uid="1" user="generator"/>
  <node id="1339" lat="49.0803439803" lon="31.3538839714" version="1" timestamp="2026-09-01T12:00:00Z" changeset="1" uid="1" user="generator"/>
  <node id="1340" lat="49.0792999793" lon="31.3525093803" version="1" timestamp="2026-09-01T12:00:00Z" changeset="1" uid="1" user="generator"/>
  <node id="1341" lat="49.0789740350" lon="31.3515196747" version="1" timestamp="2026-09-01T12:00:00Z" changeset="1" uid="1" user="generator"/>
  <node id="1342" lat="49.0789740350" lon="31.3449216374" version="1" timestamp="2026-09-01T12:00:00Z" changeset="1" uid="1" user="generator"/>
  <node id="1343" lat="49.0790479790" lon="31.3445917355" version="1" timestamp="2026-09-01T12:00:00Z" changeset="1" uid="1" user="generator"/>
  <node id="1344" lat="49.0773199773" lon="31.2742676545" version="1" timestamp="2026-09-01T12:00:00Z" changeset="1" uid="1" user="generator"/>
  <node id="1345" lat="49.0783639784" lon="31.2762470657" version="1" timestamp="2026-09-01T12:00:00Z" changeset="1" uid="1" user="generator"/>
  <node id="1346" lat="49.0787220347" lon="31.2772367713" version="1" timestamp="2026-09-01T12:00:00Z" changeset="1" uid="1" user="generator"/>
  <node id="1347" lat="49.0787220347" lon="31.2828451030" version="1" timestamp="2026-09-01T12:00:00Z" changeset="1" uid="1" user="generator"/>
  <node id="1348" lat="49.0754147204" lon="31.2828451030" version="1" timestamp="2026-09-01T12:00:00Z" changeset="1" uid="1" user="generator"/>
  <node id="1349" lat="49.0754147204" lon="31.2742676545" version="1" timestamp="2026-09-01T12:00:00Z" changeset="1" uid="1" user="generator"/>
  <node id="1350" lat="49.0787220347" lon="31.3013196075" version="1" timestamp="2026-09-01T12:00:00Z" changeset="1" uid="1" user="generator"/>
  <node id="1351" lat="49.0787220347" lon="31.3178147007" version="1" timestamp="2026-09-01T12:00:00Z" changeset="1" uid="1" user="generator"/>
  <node id="1352" lat="49.0785799786" lon="31.3181446026" version="1" timestamp="2026-09-01T12:00:00Z" changeset="1" uid="1" user="generator"/>
  <node id="1353" lat="49.0782559783" lon="31.3184745045" version="1" timestamp="2026-09-01T12:00:00Z" changeset="1" uid="1" user="generator"/>
  <node id="1354" lat="49.0773199773" lon="31.3202889647" version="1" timestamp="2026-09-01T12:00:00Z" changeset="1" uid="1" user="generator"/>
  <node id="1355" lat="49.0754147204" lon="31.3202889647" version="1" timestamp="2026-09-01T12:00:00Z" changeset="1" uid="1" user="generator"/>
  <node id="1356" lat="49.0754147204" lon="31.3013196075" version="1" timestamp="2026-09-01T12:00:00Z" changeset="1" uid="1" user="generator"/>
  <node id="1357" lat="49.0776799777" lon="31.2830100539" version="1" timestamp="2026-09-01T12:00:00Z" changeset="1" uid="1" user="generator"/>
  <node id="1358" lat="49.0776799777" lon="31.3011546565" version="1" timestamp="2026-09-01T12:00:00Z" changeset="1" uid="1" user="generator"/>
  <node id="1359" lat="49.0715599716" lon="31.3011546565" version="1" timestamp="2026-09-01T12:00:00Z" changeset="1" uid="1" user="generator"/>
  <node id="1360" lat="49.0715599716" lon="31.2830100539" version="1" timestamp="2026-09-01T12:00:00Z" changeset="1" uid="1" user="generator"/>
  <node id="1361" lat="49.0746919747" lon="31.3485505579" version="1" timestamp="2026-09-01T12:00:00Z" changeset="1" uid="1" user="generator"/>
  <node id="1362" lat="49.0745839746" lon="31.3502000672" version="1" timestamp="2026-09-01T12:00:00Z" changeset="1" uid="1" user="generator"/>
  <node id="1363" lat="49.0748359748" lon="31.3521794784" version="1" timestamp="2026-09-01T12:00:00Z" changeset="1" uid="1" user="generator"/>
  <node id="1364" lat="49.0751599752" lon="31.3531691840" version="1" timestamp="2026-09-01T12:00:00Z" changeset="1" uid="1" user="generator"/>
  <node id="1365" lat="49.0751627202" lon="31.3552035789" version="1" timestamp="2026-09-01T12:00:00Z" changeset="1" uid="1" user="generator"/>
  <node id="1366" lat="49.0698331668" lon="31.3552035789" version="1" timestamp="2026-09-01T12:00:00Z" changeset="1" uid="1" user="generator"/>
  <node id="1367" lat="49.0698331668" lon="31.3515196747" version="1" timestamp="2026-09-01T12:00:00Z" changeset="1" uid="1" user="generator"/>
  <node id="1368" lat="49.0708759709" lon="31.3508598710" version="1" timestamp="2026-09-01T12:00:00Z" changeset="1" uid="1" user="generator"/>
  <node id="1369" lat="49.0713079713" lon="31.3502000672" version="1" timestamp="2026-09-01T12:00:00Z" changeset="1" uid="1" user="generator"/>
  <node id="1370" lat="49.0716319716" lon="31.3485505579" version="1" timestamp="2026-09-01T12:00:00Z" changeset="1" uid="1" user="generator"/>
  <node id="1371" lat="49.0751627202" lon="31.2448514048" version="1" timestamp="2026-09-01T12:00:00Z" changeset="1" uid="1" user="generator"/>
  <node id="1372" lat="49.0751239751" lon="31.2537587552" version="1" timestamp="2026-09-01T12:00:00Z" changeset="1" uid="1" user="generator"/>
  <node id="1373" lat="49.0743679744" lon="31.2557931500" version="1" timestamp="2026-09-01T12:00:00Z" changeset="1" uid="1" user="generator"/>
  <node id="1374" lat="49.0716679717" lon="31.2557931500" version="1" timestamp="2026-09-01T12:00:00Z" changeset="1" uid="1" user="generator"/>
  <node id="1375" lat="49.0698331668" lon="31.2527690496" version="1" timestamp="2026-09-01T12:00:00Z" changeset="1" uid="1" user="generator"/>
  <node id="1376" lat="49.0698331668" lon="31.2448514048" version="1" timestamp="2026-09-01T12:00:00Z" changeset="1" uid="1" user="generator"/>
  <node id="1377" lat="49.0735039735" lon="31.2666799116" version="1" timestamp="2026-09-01T12:00:00Z" changeset="1" uid="1" user="generator"/>
  <node id="1378" lat="49.0737559738" lon="31.2679995190" version="1" timestamp="2026-09-01T12:00:00Z" changeset="1" uid="1" user="generator"/>
  <node id="1379" lat="49.0750879751" lon="31.2709686358" version="1" timestamp="2026-09-01T12:00:00Z" changeset="1" uid="1" user="generator"/>
  <node id="1380" lat="49.0751627202" lon="31.2712985377" version="1" timestamp="2026-09-01T12:00:00Z" changeset="1" uid="1" user="generator"/>
  <node id="1381" lat="49.0751627202" lon="31.2828451030" version="1" timestamp="2026-09-01T12:00:00Z" changeset="1" uid="1" user="generator"/>
  <node id="1382" lat="49.0698331668" lon="31.2828451030" version="1" timestamp="2026-09-01T12:00:00Z" changeset="1" uid="1" user="generator"/>
  <node id="1383" lat="49.0698331668" lon="31.2759171638" version="1" timestamp="2026-09-01T12:00:00Z" changeset="1" uid="1" user="generator"/>
  <node id="1384" lat="49.0704439704" lon="31.2755872619" version="1" timestamp="2026-09-01T12:00:00Z" changeset="1" uid="1" user="generator"/>
  <node id="1385" lat="49.0704439704" lon="31.2666799116" version="1" timestamp="2026-09-01T12:00:00Z" changeset="1" uid="1" user="generator"/>
  <node id="1386" lat="49.0751627202" lon="31.3013196075" version="1" timestamp="2026-09-01T12:00:00Z" changeset="1" uid="1" user="generator"/>
  <node id="1387" lat="49.0751627202" lon="31.3143507312" version="1" timestamp="2026-09-01T12:00:00Z" changeset="1" uid="1" user="generator"/>
  <node id="1388" lat="49.0726039726" lon="31.3143507312" version="1" timestamp="2026-09-01T12:00:00Z" changeset="1" uid="1" user="generator"/>
  <node id="1389" lat="49.0725319725" lon="31.3141857802" version="1" timestamp="2026-09-01T12:00:00Z" changeset="1" uid="1" user="generator"/>
  <node id="1390" lat="49.0699759700" lon="31.3138558784" version="1" timestamp="2026-09-01T12:00:00Z" changeset="1" uid="1" user="generator"/>
  <node id="1391" lat="49.0698331668" lon="31.3125362709" version="1" timestamp="2026-09-01T12:00:00Z" changeset="1" uid="1" user="generator"/>
  <node id="1392" lat="49.0701919702" lon="31.3115465653" version="1" timestamp="2026-09-01T12:00:00Z" changeset="1" uid="1" user="generator"/>
  <node id="1393" lat="49.0702279702" lon="31.3112166634" version="1" timestamp="2026-09-01T12:00:00Z" changeset="1" uid="1" user="generator"/>
  <node id="1394" lat="49.0702279702" lon="31.3013196075" version="1" timestamp="2026-09-01T12:00:00Z" changeset="1" uid="1" user="generator"/>
  <node id="1395" lat="49.0730719731" lon="31.3211137194" version="1" timestamp="2026-09-01T12:00:00Z" changeset="1" uid="1" user="generator"/>
  <node id="1396" lat="49.0738999739" lon="31.3243027708" version="1" timestamp="2026-09-01T12:00:00Z" changeset="1" uid="1" user="generator"/>
  <node id="1397" lat="49.0713079713" lon="31.3243027708" version="1" timestamp="2026-09-01T12:00:00Z" changeset="1" uid="1" user="generator"/>
  <node id="1398" lat="49.0713079713" lon="31.3211137194" version="1" timestamp="2026-09-01T12:00:00Z" changeset="1" uid="1" user="generator"/>
  <node id="1399" lat="49.0738279738" lon="31.3332651048" version="1" timestamp="2026-09-01T12:00:00Z" changeset="1" uid="1" user="generator"/>
  <node id="1400" lat="49.0740799741" lon="31.3335950067" version="1" timestamp="2026-09-01T12:00:00Z" changeset="1" uid="1" user="generator"/>
  <node id="1401" lat="49.0741519742" lon="31.3342548104" version="1" timestamp="2026-09-01T12:00:00Z" changeset="1" uid="1" user="generator"/>
  <node id="1402" lat="49.0742599743" lon="31.3385435346" version="1" timestamp="2026-09-01T12:00:00Z" changeset="1" uid="1" user="generator"/>
  <node id="1403" lat="49.0723519724" lon="31.3389284202" version="1" timestamp="2026-09-01T12:00:00Z" changeset="1" uid="1" user="generator"/>
  <node id="1404" lat="49.0698331668" lon="31.3389284202" version="1" timestamp="2026-09-01T12:00:00Z" changeset="1" uid="1" user="generator"/>
  <node id="1405" lat="49.0698331668" lon="31.3375538290" version="1" timestamp="2026-09-01T12:00:00Z" changeset="1" uid="1" user="generator"/>
  <node id="1406" lat="49.0713079713" lon="31.3372239272" version="1" timestamp="2026-09-01T12:00:00Z" changeset="1" uid="1" user="generator"/>
  <node id="1407" lat="49.0713079713" lon="31.3332651048" version="1" timestamp="2026-09-01T12:00:00Z" changeset="1" uid="1" user="generator"/>
  <node id="1408" lat="49.0691839692" lon="31.3123713200" version="1" timestamp="2026-09-01T12:00:00Z" changeset="1" uid="1" user="generator"/>
  <node id="1409" lat="49.0693999694" lon="31.3127012218" version="1" timestamp="2026-09-01T12:00:00Z" changeset="1" uid="1" user="generator"/>
  <node id="1410" lat="49.0695799696" lon="31.3140208293" version="1" timestamp="2026-09-01T12:00:00Z" changeset="1" uid="1" user="generator"/>
  <node id="1411" lat="49.0695811666" lon="31.3199040792" version="1" timestamp="2026-09-01T12:00:00Z" changeset="1" uid="1" user="generator"/>
  <node id="1412" lat="49.0659916120" lon="31.3199040792" version="1" timestamp="2026-09-01T12:00:00Z" changeset="1" uid="1" user="generator"/>
  <node id="1413" lat="49.0659916120" lon="31.3123713200" version="1" timestamp="2026-09-01T12:00:00Z" changeset="1" uid="1" user="generator"/>
  <node id="1414" lat="49.0695811666" lon="31.2448514048" version="1" timestamp="2026-09-01T12:00:00Z" changeset="1" uid="1" user="generator"/>
  <node id="1415" lat="49.0695811666" lon="31.2497999328" version="1" timestamp="2026-09-01T12:00:00Z" changeset="1" uid="1" user="generator"/>
  <node id="1416" lat="49.0681399681" lon="31.2497999328" version="1" timestamp="2026-09-01T12:00:00Z" changeset="1" uid="1" user="generator"/>
  <node id="1417" lat="49.0660879661" lon="31.2461710122" version="1" timestamp="2026-09-01T12:00:00Z" changeset="1" uid="1" user="generator"/>
  <node id="1418" lat="49.0659916120" lon="31.2458411104" version="1" timestamp="2026-09-01T12:00:00Z" changeset="1" uid="1" user="generator"/>
  <node id="1419" lat="49.0659916120" lon="31.2448514048" version="1" timestamp="2026-09-01T12:00:00Z" changeset="1" uid="1" user="generator"/>
  <node id="1420" lat="49.0674559675" lon="31.2501298346" version="1" timestamp="2026-09-01T12:00:00Z" changeset="1" uid="1" user="generator"/>
  <node id="1421" lat="49.0695811666" lon="31.2537587552" version="1" timestamp="2026-09-01T12:00:00Z" changeset="1" uid="1" user="generator"/>
  <node id="1422" lat="49.0695811666" lon="31.2556281991" version="1" timestamp="2026-09-01T12:00:00Z" changeset="1" uid="1" user="generator"/>
  <node id="1423" lat="49.0659916120" lon="31.2556281991" version="1" timestamp="2026-09-01T12:00:00Z" changeset="1" uid="1" user="generator"/>
  <node id="1424" lat="49.0659916120" lon="31.2501298346" version="1" timestamp="2026-09-01T12:00:00Z" changeset="1" uid="1" user="generator"/>
  <node id="1425" lat="49.0703359703" lon="31.2557931500" version="1" timestamp="2026-09-01T12:00:00Z" changeset="1" uid="1" user="generator"/>
  <node id="1426" lat="49.0703359703" lon="31.2755872619" version="1" timestamp="2026-09-01T12:00:00Z" changeset="1" uid="1" user="generator"/>
  <node id="1427" lat="49.0642159642" lon="31.2755872619" version="1" timestamp="2026-09-01T12:00:00Z" changeset="1" uid="1" user="generator"/>
  <node id="1428" lat="49.0642159642" lon="31.2557931500" version="1" timestamp="2026-09-01T12:00:00Z" changeset="1" uid="1" user="generator"/>
  <node id="1429" lat="49.0695811666" lon="31.2757522129" version="1" timestamp="2026-09-01T12:00:00Z" changeset="1" uid="1" user="generator"/>
  <node id="1430" lat="49.0695811666" lon="31.2876286800" version="1" timestamp="2026-09-01T12:00:00Z" changeset="1" uid="1" user="generator"/>
  <node id="1431" lat="49.0686799687" lon="31.2879585819" version="1" timestamp="2026-09-01T12:00:00Z" changeset="1" uid="1" user="generator"/>
  <node id="1432" lat="49.0684279684" lon="31.2882884838" version="1" timestamp="2026-09-01T12:00:00Z" changeset="1" uid="1" user="generator"/>
  <node id="1433" lat="49.0683919684" lon="31.2907494830" version="1" timestamp="2026-09-01T12:00:00Z" changeset="1" uid="1" user="generator"/>
  <node id="1434" lat="49.0659916120" lon="31.2907494830" version="1" timestamp="2026-09-01T12:00:00Z" changeset="1" uid="1" user="generator"/>
  <node id="1435" lat="49.0659916120" lon="31.2757522129" version="1" timestamp="2026-09-01T12:00:00Z" changeset="1" uid="1" user="generator"/>
  <node id="1436" lat="49.0683919684" lon="31.2910793848" version="1" timestamp="2026-09-01T12:00:00Z" changeset="1" uid="1" user="generator"/>
  <node id="1437" lat="49.0687519688" lon="31.2917391886" version="1" timestamp="2026-09-01T12:00:00Z" changeset="1" uid="1" user="generator"/>
  <node id="1438" lat="49.0695811666" lon="31.2920690904" version="1" timestamp="2026-09-01T12:00:00Z" changeset="1" uid="1" user="generator"/>
  <node id="1439" lat="49.0695811666" lon="31.3072028574" version="1" timestamp="2026-09-01T12:00:00Z" changeset="1" uid="1" user="generator"/>
  <node id="1440" lat="49.0659916120" lon="31.3072028574" version="1" timestamp="2026-09-01T12:00:00Z" changeset="1" uid="1" user="generator"/>
  <node id="1441" lat="49.0659916120" lon="31.2910793848" version="1" timestamp="2026-09-01T12:00:00Z" changeset="1" uid="1" user="generator"/>
  <node id="1442" lat="49.0711999712" lon="31.3200690302" version="1" timestamp="2026-09-01T12:00:00Z" changeset="1" uid="1" user="generator"/>
  <node id="1443" lat="49.0711999712" lon="31.3373888781" version="1" timestamp="2026-09-01T12:00:00Z" changeset="1" uid="1" user="generator"/>
  <node id="1444" lat="49.0639999640" lon="31.3373888781" version="1" timestamp="2026-09-01T12:00:00Z" changeset="1" uid="1" user="generator"/>
  <node id="1445" lat="49.0639999640" lon="31.3200690302" version="1" timestamp="2026-09-01T12:00:00Z" changeset="1" uid="1" user="generator"/>
  <node id="1446" lat="49.0695811666" lon="31.3519045602" version="1" timestamp="2026-09-01T12:00:00Z" changeset="1" uid="1" user="generator"/>
  <node id="1447" lat="49.0695811666" lon="31.3552035789" version="1" timestamp="2026-09-01T12:00:00Z" changeset="1" uid="1" user="generator"/>
  <node id="1448" lat="49.0659916120" lon="31.3552035789" version="1" timestamp="2026-09-01T12:00:00Z" changeset="1" uid="1" user="generator"/>
  <node id="1449" lat="49.0659916120" lon="31.3535540695" version="1" timestamp="2026-09-01T12:00:00Z" changeset="1" uid="1" user="generator"/>
  <node id="1450" lat="49.0668799669" lon="31.3525643639" version="1" timestamp="2026-09-01T12:00:00Z" changeset="1" uid="1" user="generator"/>
  <node id="1451" lat="49.0676359676" lon="31.3519045602" version="1" timestamp="2026-09-01T12:00:00Z" changeset="1" uid="1" user="generator"/>
  <node id="1452" lat="49.0972639973" lon="31.2734703916" version="1" timestamp="2026-09-01T12:00:00Z" changeset="1" uid="1" user="generator"/>
  <node id="1453" lat="49.0972549973" lon="31.2740064822" version="1" timestamp="2026-09-01T12:00:00Z" changeset="1" uid="1" user="generator"/>
  <node id="1454" lat="49.0958329958" lon="31.2760683688" version="1" timestamp="2026-09-01T12:00:00Z" changeset="1" uid="1" user="generator"/>
  <node id="1455" lat="49.0958149958" lon="31.2770855662" version="1" timestamp="2026-09-01T12:00:00Z" changeset="1" uid="1" user="generator"/>
  <node id="1456" lat="49.0951939952" lon="31.2780065423" version="1" timestamp="2026-09-01T12:00:00Z" changeset="1" uid="1" user="generator"/>
  <node id="1457" lat="49.0948249948" lon="31.2779653046" version="1" timestamp="2026-09-01T12:00:00Z" changeset="1" uid="1" user="generator"/>
  <node id="1458" lat="49.0948159948" lon="31.2761096066" version="1" timestamp="2026-09-01T12:00:00Z" changeset="1" uid="1" user="generator"/>
  <node id="1459" lat="49.0943299943" lon="31.2753673274" version="1" timestamp="2026-09-01T12:00:00Z" changeset="1" uid="1" user="generator"/>
  <node id="1460" lat="49.0910989911" lon="31.2753810733" version="1" timestamp="2026-09-01T12:00:00Z" changeset="1" uid="1" user="generator"/>
  <node id="1461" lat="49.0907839908" lon="31.2758896720" version="1" timestamp="2026-09-01T12:00:00Z" changeset="1" uid="1" user="generator"/>
  <node id="1462" lat="49.0907299907" lon="31.2775666731" version="1" timestamp="2026-09-01T12:00:00Z" changeset="1" uid="1" user="generator"/>
  <node id="1463" lat="49.0883629884" lon="31.2771130581" version="1" timestamp="2026-09-01T12:00:00Z" changeset="1" uid="1" user="generator"/>
  <node id="1464" lat="49.0876159876" lon="31.2752848519" version="1" timestamp="2026-09-01T12:00:00Z" changeset="1" uid="1" user="generator"/>
  <node id="1465" lat="49.0879039879" lon="31.2677520926" version="1" timestamp="2026-09-01T12:00:00Z" changeset="1" uid="1" user="generator"/>
  <node id="1466" lat="49.0876069876" lon="31.2668311166" version="1" timestamp="2026-09-01T12:00:00Z" changeset="1" uid="1" user="generator"/>
  <node id="1467" lat="49.0860049860" lon="31.2650441481" version="1" timestamp="2026-09-01T12:00:00Z" changeset="1" uid="1" user="generator"/>
  <node id="1468" lat="49.0837819838" lon="31.2645905331" version="1" timestamp="2026-09-01T12:00:00Z" changeset="1" uid="1" user="generator"/>
  <node id="1469" lat="49.0833049833" lon="31.2638894916" version="1" timestamp="2026-09-01T12:00:00Z" changeset="1" uid="1" user="generator"/>
  <node id="1470" lat="49.0828549829" lon="31.2622124905" version="1" timestamp="2026-09-01T12:00:00Z" changeset="1" uid="1" user="generator"/>
  <node id="1471" lat="49.0815769816" lon="31.2601506038" version="1" timestamp="2026-09-01T12:00:00Z" changeset="1" uid="1" user="generator"/>
  <node id="1472" lat="49.0808569809" lon="31.2581711926" version="1" timestamp="2026-09-01T12:00:00Z" changeset="1" uid="1" user="generator"/>
  <node id="1473" lat="49.0805599806" lon="31.2565904128" version="1" timestamp="2026-09-01T12:00:00Z" changeset="1" uid="1" user="generator"/>
  <node id="1474" lat="49.0807129807" lon="31.2551745840" version="1" timestamp="2026-09-01T12:00:00Z" changeset="1" uid="1" user="generator"/>
  <node id="1475" lat="49.0819099819" lon="31.2544735425" version="1" timestamp="2026-09-01T12:00:00Z" changeset="1" uid="1" user="generator"/>
  <node id="1476" lat="49.0852849853" lon="31.2544872884" version="1" timestamp="2026-09-01T12:00:00Z" changeset="1" uid="1" user="generator"/>
  <node id="1477" lat="49.0857349857" lon="31.2551745840" version="1" timestamp="2026-09-01T12:00:00Z" changeset="1" uid="1" user="generator"/>
  <node id="1478" lat="49.0863289863" lon="31.2575113889" version="1" timestamp="2026-09-01T12:00:00Z" changeset="1" uid="1" user="generator"/>
  <node id="1479" lat="49.0869229869" lon="31.2584186190" version="1" timestamp="2026-09-01T12:00:00Z" changeset="1" uid="1" user="generator"/>
  <node id="1480" lat="49.0891729892" lon="31.2595457837" version="1" timestamp="2026-09-01T12:00:00Z" changeset="1" uid="1" user="generator"/>
  <node id="1481" lat="49.0906309906" lon="31.2611128176" version="1" timestamp="2026-09-01T12:00:00Z" changeset="1" uid="1" user="generator"/>
  <node id="1482" lat="49.0918009918" lon="31.2654290337" version="1" timestamp="2026-09-01T12:00:00Z" changeset="1" uid="1" user="generator"/>
  <node id="1483" lat="49.0939429939" lon="31.2683706586" version="1" timestamp="2026-09-01T12:00:00Z" changeset="1" uid="1" user="generator"/>
  <node id="1484" lat="49.0939429939" lon="31.2691679215" version="1" timestamp="2026-09-01T12:00:00Z" changeset="1" uid="1" user="generator"/>
  <node id="1485" lat="49.0929529930" lon="31.2705700044" version="1" timestamp="2026-09-01T12:00:00Z" changeset="1" uid="1" user="generator"/>
  <node id="1486" lat="49.0929529930" lon="31.2718071364" version="1" timestamp="2026-09-01T12:00:00Z" changeset="1" uid="1" user="generator"/>
  <node id="1487" lat="49.0941499941" lon="31.2736078507" version="1" timestamp="2026-09-01T12:00:00Z" changeset="1" uid="1" user="generator"/>
  <node id="1488" lat="49.0947889948" lon="31.2735941048" version="1" timestamp="2026-09-01T12:00:00Z" changeset="1" uid="1" user="generator"/>
  <node id="1489" lat="49.0955899956" lon="31.2722882433" version="1" timestamp="2026-09-01T12:00:00Z" changeset="1" uid="1" user="generator"/>
  <node id="1490" lat="49.0960849961" lon="31.2723019892" version="1" timestamp="2026-09-01T12:00:00Z" changeset="1" uid="1" user="generator"/>
  <node id="1491" lat="49.0972639973" lon="31.2734291539" version="1" timestamp="2026-09-01T12:00:00Z" changeset="1" uid="1" user="generator"/>
  <node id="1492" lat="49.0853119853" lon="31.3036014287" version="1" timestamp="2026-09-01T12:00:00Z" changeset="1" uid="1" user="generator"/>
  <node id="1493" lat="49.0851679852" lon="31.3078351693" version="1" timestamp="2026-09-01T12:00:00Z" changeset="1" uid="1" user="generator"/>
  <node id="1494" lat="49.0842949843" lon="31.3118352294" version="1" timestamp="2026-09-01T12:00:00Z" changeset="1" uid="1" user="generator"/>
  <node id="1495" lat="49.0791289791" lon="31.3202752188" version="1" timestamp="2026-09-01T12:00:00Z" changeset="1" uid="1" user="generator"/>
  <node id="1496" lat="49.0781209781" lon="31.3224745646" version="1" timestamp="2026-09-01T12:00:00Z" changeset="1" uid="1" user="generator"/>
  <node id="1497" lat="49.0776889777" lon="31.3242340412" version="1" timestamp="2026-09-01T12:00:00Z" changeset="1" uid="1" user="generator"/>
  <node id="1498" lat="49.0773919774" lon="31.3293887579" version="1" timestamp="2026-09-01T12:00:00Z" changeset="1" uid="1" user="generator"/>
  <node id="1499" lat="49.0779679780" lon="31.3328527275" version="1" timestamp="2026-09-01T12:00:00Z" changeset="1" uid="1" user="generator"/>
  <node id="1500" lat="49.0778239778" lon="31.3364266643" version="1" timestamp="2026-09-01T12:00:00Z" changeset="1" uid="1" user="generator"/>
  <node id="1501" lat="49.0766629767" lon="31.3435058085" version="1" timestamp="2026-09-01T12:00:00Z" changeset="1" uid="1" user="generator"/>
  <node id="1502" lat="49.0752589753" lon="31.3448529078" version="1" timestamp="2026-09-01T12:00:00Z" changeset="1" uid="1" user="generator"/>
  <node id="1503" lat="49.0752319752" lon="31.3436295217" version="1" timestamp="2026-09-01T12:00:00Z" changeset="1" uid="1" user="generator"/>
  <node id="1504" lat="49.0765279765" lon="31.3384060755" version="1" timestamp="2026-09-01T12:00:00Z" changeset="1" uid="1" user="generator"/>
  <node id="1505" lat="49.0766629767" lon="31.3328114897" version="1" timestamp="2026-09-01T12:00:00Z" changeset="1" uid="1" user="generator"/>
  <node id="1506" lat="49.0763299763" lon="31.3323303828" version="1" timestamp="2026-09-01T12:00:00Z" changeset="1" uid="1" user="generator"/>
  <node id="1507" lat="49.0741699742" lon="31.3329901866" version="1" timestamp="2026-09-01T12:00:00Z" changeset="1" uid="1" user="generator"/>
  <node id="1508" lat="49.0731259731" lon="31.3327702520" version="1" timestamp="2026-09-01T12:00:00Z" changeset="1" uid="1" user="generator"/>
  <node id="1509" lat="49.0722169722" lon="31.3318492760" version="1" timestamp="2026-09-01T12:00:00Z" changeset="1" uid="1" user="generator"/>
  <node id="1510" lat="49.0722079722" lon="31.3313131854" version="1" timestamp="2026-09-01T12:00:00Z" changeset="1" uid="1" user="generator"/>
  <node id="1511" lat="49.0738819739" lon="31.3312307100" version="1" timestamp="2026-09-01T12:00:00Z" changeset="1" uid="1" user="generator"/>
  <node id="1512" lat="49.0742149742" lon="31.3307496031" version="1" timestamp="2026-09-01T12:00:00Z" changeset="1" uid="1" user="generator"/>
  <node id="1513" lat="49.0742329742" lon="31.3246739104" version="1" timestamp="2026-09-01T12:00:00Z" changeset="1" uid="1" user="generator"/>
  <node id="1514" lat="49.0762129762" lon="31.3252787305" version="1" timestamp="2026-09-01T12:00:00Z" changeset="1" uid="1" user="generator"/>
  <node id="1515" lat="49.0774009774" lon="31.3207150880" version="1" timestamp="2026-09-01T12:00:00Z" changeset="1" uid="1" user="generator"/>
  <node id="1516" lat="49.0784089784" lon="31.3187356768" version="1" timestamp="2026-09-01T12:00:00Z" changeset="1" uid="1" user="generator"/>
  <node id="1517" lat="49.0789669790" lon="31.3182133322" version="1" timestamp="2026-09-01T12:00:00Z" changeset="1" uid="1" user="generator"/>
  <node id="1518" lat="49.0801549802" lon="31.3156291009" version="1" timestamp="2026-09-01T12:00:00Z" changeset="1" uid="1" user="generator"/>
  <node id="1519" lat="49.0829989830" lon="31.3122750986" version="1" timestamp="2026-09-01T12:00:00Z" changeset="1" uid="1" user="generator"/>
  <node id="1520" lat="49.0835839836" lon="31.3106943188" version="1" timestamp="2026-09-01T12:00:00Z" changeset="1" uid="1" user="generator"/>
  <node id="1521" lat="49.0841599842" lon="31.3040412979" version="1" timestamp="2026-09-01T12:00:00Z" changeset="1" uid="1" user="generator"/>
  <node id="1522" lat="49.0831429831" lon="31.2985016957" version="1" timestamp="2026-09-01T12:00:00Z" changeset="1" uid="1" user="generator"/>
  <node id="1523" lat="49.0824049824" lon="31.2975944656" version="1" timestamp="2026-09-01T12:00:00Z" changeset="1" uid="1" user="generator"/>
  <node id="1524" lat="49.0814509815" lon="31.2973470392" version="1" timestamp="2026-09-01T12:00:00Z" changeset="1" uid="1" user="generator"/>
  <node id="1525" lat="49.0805689806" lon="31.2962198745" version="1" timestamp="2026-09-01T12:00:00Z" changeset="1" uid="1" user="generator"/>
  <node id="1526" lat="49.0785529786" lon="31.2911613792" version="1" timestamp="2026-09-01T12:00:00Z" changeset="1" uid="1" user="generator"/>
  <node id="1527" lat="49.0781119781" lon="31.2889207957" version="1" timestamp="2026-09-01T12:00:00Z" changeset="1" uid="1" user="generator"/>
  <node id="1528" lat="49.0781119781" lon="31.2866664663" version="1" timestamp="2026-09-01T12:00:00Z" changeset="1" uid="1" user="generator"/>
  <node id="1529" lat="49.0786969787" lon="31.2842059482" version="1" timestamp="2026-09-01T12:00:00Z" changeset="1" uid="1" user="generator"/>
  <node id="1530" lat="49.0801189801" lon="31.2819241269" version="1" timestamp="2026-09-01T12:00:00Z" changeset="1" uid="1" user="generator"/>
  <node id="1531" lat="49.0798399798" lon="31.2794086252" version="1" timestamp="2026-09-01T12:00:00Z" changeset="1" uid="1" user="generator"/>
  <node id="1532" lat="49.0786789787" lon="31.2762883034" version="1" timestamp="2026-09-01T12:00:00Z" changeset="1" uid="1" user="generator"/>
  <node id="1533" lat="49.0766629767" lon="31.2725494156" version="1" timestamp="2026-09-01T12:00:00Z" changeset="1" uid="1" user="generator"/>
  <node id="1534" lat="49.0752409752" lon="31.2707074635" version="1" timestamp="2026-09-01T12:00:00Z" changeset="1" uid="1" user="generator"/>
  <node id="1535" lat="49.0739449739" lon="31.2678483140" version="1" timestamp="2026-09-01T12:00:00Z" changeset="1" uid="1" user="generator"/>
  <node id="1536" lat="49.0732159732" lon="31.2640681885" version="1" timestamp="2026-09-01T12:00:00Z" changeset="1" uid="1" user="generator"/>
  <node id="1537" lat="49.0735309735" lon="31.2606454566" version="1" timestamp="2026-09-01T12:00:00Z" changeset="1" uid="1" user="generator"/>
  <node id="1538" lat="49.0739089739" lon="31.2606454566" version="1" timestamp="2026-09-01T12:00:00Z" changeset="1" uid="1" user="generator"/>
  <node id="1539" lat="49.0745029745" lon="31.2615526867" version="1" timestamp="2026-09-01T12:00:00Z" changeset="1" uid="1" user="generator"/>
  <node id="1540" lat="49.0746559747" lon="31.2649479268" version="1" timestamp="2026-09-01T12:00:00Z" changeset="1" uid="1" user="generator"/>
  <node id="1541" lat="49.0758169758" lon="31.2693878560" version="1" timestamp="2026-09-01T12:00:00Z" changeset="1" uid="1" user="generator"/>
  <node id="1542" lat="49.0789669790" lon="31.2743088922" version="1" timestamp="2026-09-01T12:00:00Z" changeset="1" uid="1" user="generator"/>
  <node id="1543" lat="49.0808389808" lon="31.2784876492" version="1" timestamp="2026-09-01T12:00:00Z" changeset="1" uid="1" user="generator"/>
  <node id="1544" lat="49.0812799813" lon="31.2807282327" version="1" timestamp="2026-09-01T12:00:00Z" changeset="1" uid="1" user="generator"/>
  <node id="1545" lat="49.0812799813" lon="31.2823227584" version="1" timestamp="2026-09-01T12:00:00Z" changeset="1" uid="1" user="generator"/>
  <node id="1546" lat="49.0792729793" lon="31.2857454902" version="1" timestamp="2026-09-01T12:00:00Z" changeset="1" uid="1" user="generator"/>
  <node id="1547" lat="49.0789759790" lon="31.2877661391" version="1" timestamp="2026-09-01T12:00:00Z" changeset="1" uid="1" user="generator"/>
  <node id="1548" lat="49.0792639793" lon="31.2902404031" version="1" timestamp="2026-09-01T12:00:00Z" changeset="1" uid="1" user="generator"/>
  <node id="1549" lat="49.0815949816" lon="31.2958074971" version="1" timestamp="2026-09-01T12:00:00Z" changeset="1" uid="1" user="generator"/>
  <node id="1550" lat="49.0835749836" lon="31.2965222845" version="1" timestamp="2026-09-01T12:00:00Z" changeset="1" uid="1" user="generator"/>
  <node id="1551" lat="49.0848709849" lon="31.3004811069" version="1" timestamp="2026-09-01T12:00:00Z" changeset="1" uid="1" user="generator"/>
  <node id="1552" lat="49.0853119853" lon="31.3035601910" version="1" timestamp="2026-09-01T12:00:00Z" changeset="1" uid="1" user="generator"/>
  <node id="1553" lat="49.0876159876" lon="31.3044811670" version="1" timestamp="2026-09-01T12:00:00Z" changeset="1" uid="1" user="generator"/>
  <node id="1554" lat="49.0873279873" lon="31.3080551039" version="1" timestamp="2026-09-01T12:00:00Z" changeset="1" uid="1" user="generator"/>
  <node id="1555" lat="49.0858789859" lon="31.3142545098" version="1" timestamp="2026-09-01T12:00:00Z" changeset="1" uid="1" user="generator"/>
  <node id="1556" lat="49.0842949843" lon="31.3177734630" version="1" timestamp="2026-09-01T12:00:00Z" changeset="1" uid="1" user="generator"/>
  <node id="1557" lat="49.0805689806" lon="31.3226944992" version="1" timestamp="2026-09-01T12:00:00Z" changeset="1" uid="1" user="generator"/>
  <node id="1558" lat="49.0798489798" lon="31.3246739104" version="1" timestamp="2026-09-01T12:00:00Z" changeset="1" uid="1" user="generator"/>
  <node id="1559" lat="49.0796959797" lon="31.3287289541" version="1" timestamp="2026-09-01T12:00:00Z" changeset="1" uid="1" user="generator"/>
  <node id="1560" lat="49.0802719803" lon="31.3317530546" version="1" timestamp="2026-09-01T12:00:00Z" changeset="1" uid="1" user="generator"/>
  <node id="1561" lat="49.0802719803" lon="31.3344472531" version="1" timestamp="2026-09-01T12:00:00Z" changeset="1" uid="1" user="generator"/>
  <node id="1562" lat="49.0796869797" lon="31.3399868553" version="1" timestamp="2026-09-01T12:00:00Z" changeset="1" uid="1" user="generator"/>
  <node id="1563" lat="49.0785169785" lon="31.3415538892" version="1" timestamp="2026-09-01T12:00:00Z" changeset="1" uid="1" user="generator"/>
  <node id="1564" lat="49.0781389781" lon="31.3415538892" version="1" timestamp="2026-09-01T12:00:00Z" changeset="1" uid="1" user="generator"/>
  <node id="1565" lat="49.0789759790" lon="31.3353269915" version="1" timestamp="2026-09-01T12:00:00Z" changeset="1" uid="1" user="generator"/>
  <node id="1566" lat="49.0789759790" lon="31.3326327929" version="1" timestamp="2026-09-01T12:00:00Z" changeset="1" uid="1" user="generator"/>
  <node id="1567" lat="49.0783999784" lon="31.3287289541" version="1" timestamp="2026-09-01T12:00:00Z" changeset="1" uid="1" user="generator"/>
  <node id="1568" lat="49.0786879787" lon="31.3247151481" version="1" timestamp="2026-09-01T12:00:00Z" changeset="1" uid="1" user="generator"/>
  <node id="1569" lat="49.0794169794" lon="31.3222546300" version="1" timestamp="2026-09-01T12:00:00Z" changeset="1" uid="1" user="generator"/>
  <node id="1570" lat="49.0834309834" lon="31.3160139864" version="1" timestamp="2026-09-01T12:00:00Z" changeset="1" uid="1" user="generator"/>
  <node id="1571" lat="49.0851589852" lon="31.3127149677" version="1" timestamp="2026-09-01T12:00:00Z" changeset="1" uid="1" user="generator"/>
  <node id="1572" lat="49.0861759862" lon="31.3080551039" version="1" timestamp="2026-09-01T12:00:00Z" changeset="1" uid="1" user="generator"/>
  <node id="1573" lat="49.0863199863" lon="31.3033814941" version="1" timestamp="2026-09-01T12:00:00Z" changeset="1" uid="1" user="generator"/>
  <node id="1574" lat="49.0857349857" lon="31.2996013686" version="1" timestamp="2026-09-01T12:00:00Z" changeset="1" uid="1" user="generator"/>
  <node id="1575" lat="49.0844479844" lon="31.2959587021" version="1" timestamp="2026-09-01T12:00:00Z" changeset="1" uid="1" user="generator"/>
  <node id="1576" lat="49.0851679852" lon="31.2933194872" version="1" timestamp="2026-09-01T12:00:00Z" changeset="1" uid="1" user="generator"/>
  <node id="1577" lat="49.0851679852" lon="31.2862265971" version="1" timestamp="2026-09-01T12:00:00Z" changeset="1" uid="1" user="generator"/>
  <node id="1578" lat="49.0848709849" lon="31.2848657519" version="1" timestamp="2026-09-01T12:00:00Z" changeset="1" uid="1" user="generator"/>
  <node id="1579" lat="49.0839889840" lon="31.2828588489" version="1" timestamp="2026-09-01T12:00:00Z" changeset="1" uid="1" user="generator"/>
  <node id="1580" lat="49.0824409824" lon="31.2821440615" version="1" timestamp="2026-09-01T12:00:00Z" changeset="1" uid="1" user="generator"/>
  <node id="1581" lat="49.0815589816" lon="31.2771680417" version="1" timestamp="2026-09-01T12:00:00Z" changeset="1" uid="1" user="generator"/>
  <node id="1582" lat="49.0791109791" lon="31.2721095464" version="1" timestamp="2026-09-01T12:00:00Z" changeset="1" uid="1" user="generator"/>
  <node id="1583" lat="49.0766809767" lon="31.2685081177" version="1" timestamp="2026-09-01T12:00:00Z" changeset="1" uid="1" user="generator"/>
  <node id="1584" lat="49.0758079758" lon="31.2656077305" version="1" timestamp="2026-09-01T12:00:00Z" changeset="1" uid="1" user="generator"/>
  <node id="1585" lat="49.0756909757" lon="31.2639444753" version="1" timestamp="2026-09-01T12:00:00Z" changeset="1" uid="1" user="generator"/>
  <node id="1586" lat="49.0763569764" lon="31.2641644098" version="1" timestamp="2026-09-01T12:00:00Z" changeset="1" uid="1" user="generator"/>
  <node id="1587" lat="49.0769509770" lon="31.2650716400" version="1" timestamp="2026-09-01T12:00:00Z" changeset="1" uid="1" user="generator"/>
  <node id="1588" lat="49.0771129771" lon="31.2667486411" version="1" timestamp="2026-09-01T12:00:00Z" changeset="1" uid="1" user="generator"/>
  <node id="1589" lat="49.0802629803" lon="31.2710098736" version="1" timestamp="2026-09-01T12:00:00Z" changeset="1" uid="1" user="generator"/>
  <node id="1590" lat="49.0825669826" lon="31.2758484342" version="1" timestamp="2026-09-01T12:00:00Z" changeset="1" uid="1" user="generator"/>
  <node id="1591" lat="49.0832959833" lon="31.2783089523" version="1" timestamp="2026-09-01T12:00:00Z" changeset="1" uid="1" user="generator"/>
  <node id="1592" lat="49.0834489834" lon="31.2806045195" version="1" timestamp="2026-09-01T12:00:00Z" changeset="1" uid="1" user="generator"/>
  <node id="1593" lat="49.0848529849" lon="31.2819791106" version="1" timestamp="2026-09-01T12:00:00Z" changeset="1" uid="1" user="generator"/>
  <node id="1594" lat="49.0857349857" lon="31.2837660790" version="1" timestamp="2026-09-01T12:00:00Z" changeset="1" uid="1" user="generator"/>
  <node id="1595" lat="49.0861759862" lon="31.2857867280" version="1" timestamp="2026-09-01T12:00:00Z" changeset="1" uid="1" user="generator"/>
  <node id="1596" lat="49.0861759862" lon="31.2935394218" version="1" timestamp="2026-09-01T12:00:00Z" changeset="1" uid="1" user="generator"/>
  <node id="1597" lat="49.0857439857" lon="31.2952988984" version="1" timestamp="2026-09-01T12:00:00Z" changeset="1" uid="1" user="generator"/>
  <node id="1598" lat="49.0870399870" lon="31.2992027372" version="1" timestamp="2026-09-01T12:00:00Z" changeset="1" uid="1" user="generator"/>
  <node id="1599" lat="49.0876159876" lon="31.3044399293" version="1" timestamp="2026-09-01T12:00:00Z" changeset="1" uid="1" user="generator"/>
  <node id="1600" lat="49.0968319968" lon="31.3546262506" version="1" timestamp="2026-09-01T12:00:00Z" changeset="1" uid="1" user="generator"/>
  <node id="1601" lat="49.0967779968" lon="31.3552035789" version="1" timestamp="2026-09-01T12:00:00Z" changeset="1" uid="1" user="generator"/>
  <node id="1602" lat="49.0896859897" lon="31.3552035789" version="1" timestamp="2026-09-01T12:00:00Z" changeset="1" uid="1" user="generator"/>
  <node id="1603" lat="49.0867789868" lon="31.3536502909" version="1" timestamp="2026-09-01T12:00:00Z" changeset="1" uid="1" user="generator"/>
  <node id="1604" lat="49.0853209853" lon="31.3514234533" version="1" timestamp="2026-09-01T12:00:00Z" changeset="1" uid="1" user="generator"/>
  <node id="1605" lat="49.0841509842" lon="31.3466673681" version="1" timestamp="2026-09-01T12:00:00Z" changeset="1" uid="1" user="generator"/>
  <node id="1606" lat="49.0837009837" lon="31.3459800725" version="1" timestamp="2026-09-01T12:00:00Z" changeset="1" uid="1" user="generator"/>
  <node id="1607" lat="49.0821709822" lon="31.3452927770" version="1" timestamp="2026-09-01T12:00:00Z" changeset="1" uid="1" user="generator"/>
  <node id="1608" lat="49.0807129807" lon="31.3439456777" version="1" timestamp="2026-09-01T12:00:00Z" changeset="1" uid="1" user="generator"/>
  <node id="1609" lat="49.0802719803" lon="31.3428047671" version="1" timestamp="2026-09-01T12:00:00Z" changeset="1" uid="1" user="generator"/>
  <node id="1610" lat="49.0805689806" lon="31.3407291345" version="1" timestamp="2026-09-01T12:00:00Z" changeset="1" uid="1" user="generator"/>
  <node id="1611" lat="49.0817659818" lon="31.3395882239" version="1" timestamp="2026-09-01T12:00:00Z" changeset="1" uid="1" user="generator"/>
  <node id="1612" lat="49.0829809830" lon="31.3400418390" version="1" timestamp="2026-09-01T12:00:00Z" changeset="1" uid="1" user="generator"/>
  <node id="1613" lat="49.0838629839" lon="31.3416088728" version="1" timestamp="2026-09-01T12:00:00Z" changeset="1" uid="1" user="generator"/>
  <node id="1614" lat="49.0844569845" lon="31.3437257431" version="1" timestamp="2026-09-01T12:00:00Z" changeset="1" uid="1" user="generator"/>
  <node id="1615" lat="49.0852219852" lon="31.3448666537" version="1" timestamp="2026-09-01T12:00:00Z" changeset="1" uid="1" user="generator"/>
  <node id="1616" lat="49.0868419868" lon="31.3448666537" version="1" timestamp="2026-09-01T12:00:00Z" changeset="1" uid="1" user="generator"/>
  <node id="1617" lat="49.0883899884" lon="31.3439869154" version="1" timestamp="2026-09-01T12:00:00Z" changeset="1" uid="1" user="generator"/>
  <node id="1618" lat="49.0897219897" lon="31.3439869154" version="1" timestamp="2026-09-01T12:00:00Z" changeset="1" uid="1" user="generator"/>
  <node id="1619" lat="49.0903249903" lon="31.3444405305" version="1" timestamp="2026-09-01T12:00:00Z" changeset="1" uid="1" user="generator"/>
  <node id="1620" lat="49.0929529930" lon="31.3501038459" version="1" timestamp="2026-09-01T12:00:00Z" changeset="1" uid="1" user="generator"/>
  <node id="1621" lat="49.0941229941" lon="31.3518908143" version="1" timestamp="2026-09-01T12:00:00Z" changeset="1" uid="1" user="generator"/>
  <node id="1622" lat="49.0968319968" lon="31.3545850129" version="1" timestamp="2026-09-01T12:00:00Z" changeset="1" uid="1" user="generator"/>
  <node id="1623" lat="49.1360000360" lon="31.3330726620" version="1" timestamp="2026-09-01T12:00:00Z" changeset="1" uid="1" user="generator"/>
  <node id="1624" lat="49.1359460359" lon="31.3338699249" version="1" timestamp="2026-09-01T12:00:00Z" changeset="1" uid="1" user="generator"/>
  <node id="1625" lat="49.1331740332" lon="31.3332101211" version="1" timestamp="2026-09-01T12:00:00Z" changeset="1" uid="1" user="generator"/>
  <node id="1626" lat="49.1295470295" lon="31.3347359173" version="1" timestamp="2026-09-01T12:00:00Z" changeset="1" uid="1" user="generator"/>
  <node id="1627" lat="49.1289350289" lon="31.3303922094" version="1" timestamp="2026-09-01T12:00:00Z" changeset="1" uid="1" user="generator"/>
  <node id="1628" lat="49.1280530281" lon="31.3286052409" version="1" timestamp="2026-09-01T12:00:00Z" changeset="1" uid="1" user="generator"/>
  <node id="1629" lat="49.1268740269" lon="31.3277117567" version="1" timestamp="2026-09-01T12:00:00Z" changeset="1" uid="1" user="generator"/>
  <node id="1630" lat="49.1247950248" lon="31.3270382071" version="1" timestamp="2026-09-01T12:00:00Z" changeset="1" uid="1" user="generator"/>
  <node id="1631" lat="49.1236430236" lon="31.3261584688" version="1" timestamp="2026-09-01T12:00:00Z" changeset="1" uid="1" user="generator"/>
  <node id="1632" lat="49.1227610228" lon="31.3248113695" version="1" timestamp="2026-09-01T12:00:00Z" changeset="1" uid="1" user="generator"/>
  <node id="1633" lat="49.1223200223" lon="31.3232305897" version="1" timestamp="2026-09-01T12:00:00Z" changeset="1" uid="1" user="generator"/>
  <node id="1634" lat="49.1226170226" lon="31.3209350226" version="1" timestamp="2026-09-01T12:00:00Z" changeset="1" uid="1" user="generator"/>
  <node id="1635" lat="49.1241020241" lon="31.3195741774" version="1" timestamp="2026-09-01T12:00:00Z" changeset="1" uid="1" user="generator"/>
  <node id="1636" lat="49.1257220257" lon="31.3195741774" version="1" timestamp="2026-09-01T12:00:00Z" changeset="1" uid="1" user="generator"/>
  <node id="1637" lat="49.1263250263" lon="31.3200277924" version="1" timestamp="2026-09-01T12:00:00Z" changeset="1" uid="1" user="generator"/>
  <node id="1638" lat="49.1267750268" lon="31.3207150880" version="1" timestamp="2026-09-01T12:00:00Z" changeset="1" uid="1" user="generator"/>
  <node id="1639" lat="49.1267840268" lon="31.3232305897" version="1" timestamp="2026-09-01T12:00:00Z" changeset="1" uid="1" user="generator"/>
  <node id="1640" lat="49.1272430272" lon="31.3239591230" version="1" timestamp="2026-09-01T12:00:00Z" changeset="1" uid="1" user="generator"/>
  <node id="1641" lat="49.1287460287" lon="31.3239728689" version="1" timestamp="2026-09-01T12:00:00Z" changeset="1" uid="1" user="generator"/>
  <node id="1642" lat="49.1292590293" lon="31.3246189267" version="1" timestamp="2026-09-01T12:00:00Z" changeset="1" uid="1" user="generator"/>
  <node id="1643" lat="49.1314820315" lon="31.3252924764" version="1" timestamp="2026-09-01T12:00:00Z" changeset="1" uid="1" user="generator"/>
  <node id="1644" lat="49.1326610327" lon="31.3261859606" version="1" timestamp="2026-09-01T12:00:00Z" changeset="1" uid="1" user="generator"/>
  <node id="1645" lat="49.1339750340" lon="31.3284127982" version="1" timestamp="2026-09-01T12:00:00Z" changeset="1" uid="1" user="generator"/>
  <node id="1646" lat="49.1360000360" lon="31.3330314243" version="1" timestamp="2026-09-01T12:00:00Z" changeset="1" uid="1" user="generator"/>
  <node id="1647" lat="49.0713439713" lon="31.3471484750" version="1" timestamp="2026-09-01T12:00:00Z" changeset="1" uid="1" user="generator"/>
  <node id="1648" lat="49.0710289710" lon="31.3483718611" version="1" timestamp="2026-09-01T12:00:00Z" changeset="1" uid="1" user="generator"/>
  <node id="1649" lat="49.0684099684" lon="31.3503650182" version="1" timestamp="2026-09-01T12:00:00Z" changeset="1" uid="1" user="generator"/>
  <node id="1650" lat="49.0676089676" lon="31.3501038459" version="1" timestamp="2026-09-01T12:00:00Z" changeset="1" uid="1" user="generator"/>
  <node id="1651" lat="49.0663129663" lon="31.3470247618" version="1" timestamp="2026-09-01T12:00:00Z" changeset="1" uid="1" user="generator"/>
  <node id="1652" lat="49.0655839656" lon="31.3432446362" version="1" timestamp="2026-09-01T12:00:00Z" changeset="1" uid="1" user="generator"/>
  <node id="1653" lat="49.0655839656" lon="31.3403305031" version="1" timestamp="2026-09-01T12:00:00Z" changeset="1" uid="1" user="generator"/>
  <node id="1654" lat="49.0663309663" lon="31.3385022969" version="1" timestamp="2026-09-01T12:00:00Z" changeset="1" uid="1" user="generator"/>
  <node id="1655" lat="49.0676899677" lon="31.3382686164" version="1" timestamp="2026-09-01T12:00:00Z" changeset="1" uid="1" user="generator"/>
  <node id="1656" lat="49.0687249687" lon="31.3389421661" version="1" timestamp="2026-09-01T12:00:00Z" changeset="1" uid="1" user="generator"/>
  <node id="1657" lat="49.0694629695" lon="31.3400693308" version="1" timestamp="2026-09-01T12:00:00Z" changeset="1" uid="1" user="generator"/>
  <node id="1658" lat="49.0703269703" lon="31.3422686765" version="1" timestamp="2026-09-01T12:00:00Z" changeset="1" uid="1" user="generator"/>
  <node id="1659" lat="49.0713439713" lon="31.3471072372" version="1" timestamp="2026-09-01T12:00:00Z" changeset="1" uid="1" user="generator"/>
  <node id="1660" lat="49.0824319824" lon="31.2450988312" version="1" timestamp="2026-09-01T12:00:00Z" changeset="1" uid="1" user="generator"/>
  <node id="1661" lat="49.0814149814" lon="31.2476143329" version="1" timestamp="2026-09-01T12:00:00Z" changeset="1" uid="1" user="generator"/>
  <node id="1662" lat="49.0763929764" lon="31.2545147803" version="1" timestamp="2026-09-01T12:00:00Z" changeset="1" uid="1" user="generator"/>
  <node id="1663" lat="49.0750969751" lon="31.2580337335" version="1" timestamp="2026-09-01T12:00:00Z" changeset="1" uid="1" user="generator"/>
  <node id="1664" lat="49.0747909748" lon="31.2601506038" version="1" timestamp="2026-09-01T12:00:00Z" changeset="1" uid="1" user="generator"/>
  <node id="1665" lat="49.0743949744" lon="31.2601780956" version="1" timestamp="2026-09-01T12:00:00Z" changeset="1" uid="1" user="generator"/>
  <node id="1666" lat="49.0739449739" lon="31.2594908001" version="1" timestamp="2026-09-01T12:00:00Z" changeset="1" uid="1" user="generator"/>
  <node id="1667" lat="49.0739359739" lon="31.2582949058" version="1" timestamp="2026-09-01T12:00:00Z" changeset="1" uid="1" user="generator"/>
  <node id="1668" lat="49.0745209745" lon="31.2560543223" version="1" timestamp="2026-09-01T12:00:00Z" changeset="1" uid="1" user="generator"/>
  <node id="1669" lat="49.0752409752" lon="31.2540749111" version="1" timestamp="2026-09-01T12:00:00Z" changeset="1" uid="1" user="generator"/>
  <node id="1670" lat="49.0769599770" lon="31.2515319176" version="1" timestamp="2026-09-01T12:00:00Z" changeset="1" uid="1" user="generator"/>
  <node id="1671" lat="49.0760959761" lon="31.2484528335" version="1" timestamp="2026-09-01T12:00:00Z" changeset="1" uid="1" user="generator"/>
  <node id="1672" lat="49.0761049761" lon="31.2452775280" version="1" timestamp="2026-09-01T12:00:00Z" changeset="1" uid="1" user="generator"/>
  <node id="1673" lat="49.0785169785" lon="31.2450301016" version="1" timestamp="2026-09-01T12:00:00Z" changeset="1" uid="1" user="generator"/>
  <node id="1674" lat="49.0796419796" lon="31.2472157015" version="1" timestamp="2026-09-01T12:00:00Z" changeset="1" uid="1" user="generator"/>
  <node id="1675" lat="49.0813069813" lon="31.2450301016" version="1" timestamp="2026-09-01T12:00:00Z" changeset="1" uid="1" user="generator"/>
  <node id="1676" lat="49.0824319824" lon="31.2450575934" version="1" timestamp="2026-09-01T12:00:00Z" changeset="1" uid="1" user="generator"/>
  <node id="1677" lat="49.1080640081" lon="31.2910651578" version="1" timestamp="2026-09-01T12:00:00Z" changeset="1" uid="1" user="generator"/>
  <node id="1678" lat="49.1080640081" lon="31.2930995526" version="1" timestamp="2026-09-01T12:00:00Z" changeset="1" uid="1" user="generator"/>
  <node id="1679" lat="49.1071730072" lon="31.2951476934" version="1" timestamp="2026-09-01T12:00:00Z" changeset="1" uid="1" user="generator"/>
  <node id="1680" lat="49.1053820054" lon="31.2953813739" version="1" timestamp="2026-09-01T12:00:00Z" changeset="1" uid="1" user="generator"/>
  <node id="1681" lat="49.1040590041" lon="31.2942679551" version="1" timestamp="2026-09-01T12:00:00Z" changeset="1" uid="1" user="generator"/>
  <node id="1682" lat="49.1031770032" lon="31.2927009212" version="1" timestamp="2026-09-01T12:00:00Z" changeset="1" uid="1" user="generator"/>
  <node id="1683" lat="49.1025920026" lon="31.2906802723" version="1" timestamp="2026-09-01T12:00:00Z" changeset="1" uid="1" user="generator"/>
  <node id="1684" lat="49.1026190026" lon="31.2901166899" version="1" timestamp="2026-09-01T12:00:00Z" changeset="1" uid="1" user="generator"/>
  <node id="1685" lat="49.1032850033" lon="31.2900891981" version="1" timestamp="2026-09-01T12:00:00Z" changeset="1" uid="1" user="generator"/>
  <node id="1686" lat="49.1044550045" lon="31.2883022297" version="1" timestamp="2026-09-01T12:00:00Z" changeset="1" uid="1" user="generator"/>
  <node id="1687" lat="49.1044550045" lon="31.2872850323" version="1" timestamp="2026-09-01T12:00:00Z" changeset="1" uid="1" user="generator"/>
  <node id="1688" lat="49.1037530038" lon="31.2861028839" version="1" timestamp="2026-09-01T12:00:00Z" changeset="1" uid="1" user="generator"/>
  <node id="1689" lat="49.1037530038" lon="31.2855255556" version="1" timestamp="2026-09-01T12:00:00Z" changeset="1" uid="1" user="generator"/>
  <node id="1690" lat="49.1051300051" lon="31.2854843179" version="1" timestamp="2026-09-01T12:00:00Z" changeset="1" uid="1" user="generator"/>
  <node id="1691" lat="49.1064530065" lon="31.2863778021" version="1" timestamp="2026-09-01T12:00:00Z" changeset="1" uid="1" user="generator"/>
  <node id="1692" lat="49.1074790075" lon="31.2883847051" version="1" timestamp="2026-09-01T12:00:00Z" changeset="1" uid="1" user="generator"/>
  <node id="1693" lat="49.1080640081" lon="31.2910239201" version="1" timestamp="2026-09-01T12:00:00Z" changeset="1" uid="1" user="generator"/>
  <node id="1694" lat="49.1207360207" lon="31.3082200548" version="1" timestamp="2026-09-01T12:00:00Z" changeset="1" uid="1" user="generator"/>
  <node id="1695" lat="49.1207360207" lon="31.3098145805" version="1" timestamp="2026-09-01T12:00:00Z" changeset="1" uid="1" user="generator"/>
  <node id="1696" lat="49.1204390204" lon="31.3107355565" version="1" timestamp="2026-09-01T12:00:00Z" changeset="1" uid="1" user="generator"/>
  <node id="1697" lat="49.1191250191" lon="31.3127424596" version="1" timestamp="2026-09-01T12:00:00Z" changeset="1" uid="1" user="generator"/>
  <node id="1698" lat="49.1181980182" lon="31.3131960746" version="1" timestamp="2026-09-01T12:00:00Z" changeset="1" uid="1" user="generator"/>
  <node id="1699" lat="49.1176580177" lon="31.3118764672" version="1" timestamp="2026-09-01T12:00:00Z" changeset="1" uid="1" user="generator"/>
  <node id="1700" lat="49.1154350154" lon="31.3118627213" version="1" timestamp="2026-09-01T12:00:00Z" changeset="1" uid="1" user="generator"/>
  <node id="1701" lat="49.1139770140" lon="31.3087561454" version="1" timestamp="2026-09-01T12:00:00Z" changeset="1" uid="1" user="generator"/>
  <node id="1702" lat="49.1138240138" lon="31.3066805128" version="1" timestamp="2026-09-01T12:00:00Z" changeset="1" uid="1" user="generator"/>
  <node id="1703" lat="49.1144540145" lon="31.3059382336" version="1" timestamp="2026-09-01T12:00:00Z" changeset="1" uid="1" user="generator"/>
  <node id="1704" lat="49.1190980191" lon="31.3063781027" version="1" timestamp="2026-09-01T12:00:00Z" changeset="1" uid="1" user="generator"/>
  <node id="1705" lat="49.1201330201" lon="31.3070516524" version="1" timestamp="2026-09-01T12:00:00Z" changeset="1" uid="1" user="generator"/>
  <node id="1706" lat="49.1207360207" lon="31.3081788171" version="1" timestamp="2026-09-01T12:00:00Z" changeset="1" uid="1" user="generator"/>
  <node id="1707" lat="49.1141120141" lon="31.2987628680" version="1" timestamp="2026-09-01T12:00:00Z" changeset="1" uid="1" user="generator"/>
  <node id="1708" lat="49.1138150138" lon="31.3014983043" version="1" timestamp="2026-09-01T12:00:00Z" changeset="1" uid="1" user="generator"/>
  <node id="1709" lat="49.1129060129" lon="31.3035189532" version="1" timestamp="2026-09-01T12:00:00Z" changeset="1" uid="1" user="generator"/>
  <node id="1710" lat="49.1117180117" lon="31.3035189532" version="1" timestamp="2026-09-01T12:00:00Z" changeset="1" uid="1" user="generator"/>
  <node id="1711" lat="49.1095940096" lon="31.3021993458" version="1" timestamp="2026-09-01T12:00:00Z" changeset="1" uid="1" user="generator"/>
  <node id="1712" lat="49.1080910081" lon="31.3019656653" version="1" timestamp="2026-09-01T12:00:00Z" changeset="1" uid="1" user="generator"/>
  <node id="1713" lat="49.1074880075" lon="31.3012371320" version="1" timestamp="2026-09-01T12:00:00Z" changeset="1" uid="1" user="generator"/>
  <node id="1714" lat="49.1079470079" lon="31.3000137459" version="1" timestamp="2026-09-01T12:00:00Z" changeset="1" uid="1" user="generator"/>
  <node id="1715" lat="49.1090450090" lon="31.2993264504" version="1" timestamp="2026-09-01T12:00:00Z" changeset="1" uid="1" user="generator"/>
  <node id="1716" lat="49.1102510103" lon="31.2973745310" version="1" timestamp="2026-09-01T12:00:00Z" changeset="1" uid="1" user="generator"/>
  <node id="1717" lat="49.1114300114" lon="31.2964810468" version="1" timestamp="2026-09-01T12:00:00Z" changeset="1" uid="1" user="generator"/>
  <node id="1718" lat="49.1133650134" lon="31.2967147273" version="1" timestamp="2026-09-01T12:00:00Z" changeset="1" uid="1" user="generator"/>
  <node id="1719" lat="49.1141120141" lon="31.2987216303" version="1" timestamp="2026-09-01T12:00:00Z" changeset="1" uid="1" user="generator"/>
  <node id="1720" lat="49.0847359847" lon="31.2450988312" version="1" timestamp="2026-09-01T12:00:00Z" changeset="1" uid="1" user="generator"/>
  <node id="1721" lat="49.0847269847" lon="31.2462947254" version="1" timestamp="2026-09-01T12:00:00Z" changeset="1" uid="1" user="generator"/>
  <node id="1722" lat="49.0837189837" lon="31.2491538749" version="1" timestamp="2026-09-01T12:00:00Z" changeset="1" uid="1" user="generator"/>
  <node id="1723" lat="49.0811629812" lon="31.2518480735" version="1" timestamp="2026-09-01T12:00:00Z" changeset="1" uid="1" user="generator"/>
  <node id="1724" lat="49.0778329778" lon="31.2573739298" version="1" timestamp="2026-09-01T12:00:00Z" changeset="1" uid="1" user="generator"/>
  <node id="1725" lat="49.0771039771" lon="31.2602743170" version="1" timestamp="2026-09-01T12:00:00Z" changeset="1" uid="1" user="generator"/>
  <node id="1726" lat="49.0769599770" lon="31.2634083847" version="1" timestamp="2026-09-01T12:00:00Z" changeset="1" uid="1" user="generator"/>
  <node id="1727" lat="49.0765549766" lon="31.2634771143" version="1" timestamp="2026-09-01T12:00:00Z" changeset="1" uid="1" user="generator"/>
  <node id="1728" lat="49.0756729757" lon="31.2621300150" version="1" timestamp="2026-09-01T12:00:00Z" changeset="1" uid="1" user="generator"/>
  <node id="1729" lat="49.0756639757" lon="31.2607141862" version="1" timestamp="2026-09-01T12:00:00Z" changeset="1" uid="1" user="generator"/>
  <node id="1730" lat="49.0768249768" lon="31.2562742569" version="1" timestamp="2026-09-01T12:00:00Z" changeset="1" uid="1" user="generator"/>
  <node id="1731" lat="49.0827109827" lon="31.2478342675" version="1" timestamp="2026-09-01T12:00:00Z" changeset="1" uid="1" user="generator"/>
  <node id="1732" lat="49.0836109836" lon="31.2450301016" version="1" timestamp="2026-09-01T12:00:00Z" changeset="1" uid="1" user="generator"/>
  <node id="1733" lat="49.0847359847" lon="31.2450575934" version="1" timestamp="2026-09-01T12:00:00Z" changeset="1" uid="1" user="generator"/>
  <node id="1734" lat="49.1174240174" lon="31.2602743170" version="1" timestamp="2026-09-01T12:00:00Z" changeset="1" uid="1" user="generator"/>
  <node id="1735" lat="49.1172710173" lon="31.2621300150" version="1" timestamp="2026-09-01T12:00:00Z" changeset="1" uid="1" user="generator"/>
  <node id="1736" lat="49.1160740161" lon="31.2632709256" version="1" timestamp="2026-09-01T12:00:00Z" changeset="1" uid="1" user="generator"/>
  <node id="1737" lat="49.1148860149" lon="31.2632709256" version="1" timestamp="2026-09-01T12:00:00Z" changeset="1" uid="1" user="generator"/>
  <node id="1738" lat="49.1134190134" lon="31.2625973760" version="1" timestamp="2026-09-01T12:00:00Z" changeset="1" uid="1" user="generator"/>
  <node id="1739" lat="49.1125280125" lon="31.2614289735" version="1" timestamp="2026-09-01T12:00:00Z" changeset="1" uid="1" user="generator"/>
  <node id="1740" lat="49.1125550126" lon="31.2597657183" version="1" timestamp="2026-09-01T12:00:00Z" changeset="1" uid="1" user="generator"/>
  <node id="1741" lat="49.1150300150" lon="31.2586522995" version="1" timestamp="2026-09-01T12:00:00Z" changeset="1" uid="1" user="generator"/>
  <node id="1742" lat="49.1165330165" lon="31.2586660454" version="1" timestamp="2026-09-01T12:00:00Z" changeset="1" uid="1" user="generator"/>
  <node id="1743" lat="49.1174240174" lon="31.2602330793" version="1" timestamp="2026-09-01T12:00:00Z" changeset="1" uid="1" user="generator"/>
  <node id="1744" lat="49.0805599806" lon="31.3546262506" version="1" timestamp="2026-09-01T12:00:00Z" changeset="1" uid="1" user="generator"/>
  <node id="1745" lat="49.0805059805" lon="31.3552035789" version="1" timestamp="2026-09-01T12:00:00Z" changeset="1" uid="1" user="generator"/>
  <node id="1746" lat="49.0788589789" lon="31.3551898330" version="1" timestamp="2026-09-01T12:00:00Z" changeset="1" uid="1" user="generator"/>
  <node id="1747" lat="49.0774009774" lon="31.3523031916" version="1" timestamp="2026-09-01T12:00:00Z" changeset="1" uid="1" user="generator"/>
  <node id="1748" lat="49.0769599770" lon="31.3507224119" version="1" timestamp="2026-09-01T12:00:00Z" changeset="1" uid="1" user="generator"/>
  <node id="1749" lat="49.0769599770" lon="31.3480282133" version="1" timestamp="2026-09-01T12:00:00Z" changeset="1" uid="1" user="generator"/>
  <node id="1750" lat="49.0775449775" lon="31.3438082186" version="1" timestamp="2026-09-01T12:00:00Z" changeset="1" uid="1" user="generator"/>
  <node id="1751" lat="49.0788859789" lon="31.3420075042" version="1" timestamp="2026-09-01T12:00:00Z" changeset="1" uid="1" user="generator"/>
  <node id="1752" lat="49.0792549793" lon="31.3420487420" version="1" timestamp="2026-09-01T12:00:00Z" changeset="1" uid="1" user="generator"/>
  <node id="1753" lat="49.0792639793" lon="31.3428047671" version="1" timestamp="2026-09-01T12:00:00Z" changeset="1" uid="1" user="generator"/>
  <node id="1754" lat="49.0782559783" lon="31.3467086058" version="1" timestamp="2026-09-01T12:00:00Z" changeset="1" uid="1" user="generator"/>
  <node id="1755" lat="49.0781119781" lon="31.3500626081" version="1" timestamp="2026-09-01T12:00:00Z" changeset="1" uid="1" user="generator"/>
  <node id="1756" lat="49.0791289791" lon="31.3527430608" version="1" timestamp="2026-09-01T12:00:00Z" changeset="1" uid="1" user="generator"/>
  <node id="1757" lat="49.0805599806" lon="31.3545850129" version="1" timestamp="2026-09-01T12:00:00Z" changeset="1" uid="1" user="generator"/>
  <node id="1758" lat="49.1341280341" lon="31.2466383732" version="1" timestamp="2026-09-01T12:00:00Z" changeset="1" uid="1" user="generator"/>
  <node id="1759" lat="49.1341010341" lon="31.2472019556" version="1" timestamp="2026-09-01T12:00:00Z" changeset="1" uid="1" user="generator"/>
  <node id="1760" lat="49.1311940312" lon="31.2505147201" version="1" timestamp="2026-09-01T12:00:00Z" changeset="1" uid="1" user="generator"/>
  <node id="1761" lat="49.1304110304" lon="31.2502810397" version="1" timestamp="2026-09-01T12:00:00Z" changeset="1" uid="1" user="generator"/>
  <node id="1762" lat="49.1295200295" lon="31.2480129643" version="1" timestamp="2026-09-01T12:00:00Z" changeset="1" uid="1" user="generator"/>
  <node id="1763" lat="49.1298170298" lon="31.2463772009" version="1" timestamp="2026-09-01T12:00:00Z" changeset="1" uid="1" user="generator"/>
  <node id="1764" lat="49.1311580312" lon="31.2452362903" version="1" timestamp="2026-09-01T12:00:00Z" changeset="1" uid="1" user="generator"/>
  <node id="1765" lat="49.1326340326" lon="31.2454562249" version="1" timestamp="2026-09-01T12:00:00Z" changeset="1" uid="1" user="generator"/>
  <node id="1766" lat="49.1341280341" lon="31.2465971355" version="1" timestamp="2026-09-01T12:00:00Z" changeset="1" uid="1" user="generator"/>
  <node id="1767" lat="49.1360000360" lon="31.2488377190" version="1" timestamp="2026-09-01T12:00:00Z" changeset="1" uid="1" user="generator"/>
  <node id="1768" lat="49.1359910360" lon="31.2513532207" version="1" timestamp="2026-09-01T12:00:00Z" changeset="1" uid="1" user="generator"/>
  <node id="1769" lat="49.1351090351" lon="31.2522604508" version="1" timestamp="2026-09-01T12:00:00Z" changeset="1" uid="1" user="generator"/>
  <node id="1770" lat="49.1331740332" lon="31.2527140659" version="1" timestamp="2026-09-01T12:00:00Z" changeset="1" uid="1" user="generator"/>
  <node id="1771" lat="49.1316890317" lon="31.2515731553" version="1" timestamp="2026-09-01T12:00:00Z" changeset="1" uid="1" user="generator"/>
  <node id="1772" lat="49.1318510319" lon="31.2505284661" version="1" timestamp="2026-09-01T12:00:00Z" changeset="1" uid="1" user="generator"/>
  <node id="1773" lat="49.1345870346" lon="31.2474493820" version="1" timestamp="2026-09-01T12:00:00Z" changeset="1" uid="1" user="generator"/>
  <node id="1774" lat="49.1349650350" lon="31.2474493820" version="1" timestamp="2026-09-01T12:00:00Z" changeset="1" uid="1" user="generator"/>
  <node id="1775" lat="49.1360000360" lon="31.2487964813" version="1" timestamp="2026-09-01T12:00:00Z" changeset="1" uid="1" user="generator"/>
  <node id="1776" lat="49.1005760006" lon="31.2875462046" version="1" timestamp="2026-09-01T12:00:00Z" changeset="1" uid="1" user="generator"/>
  <node id="1777" lat="49.1005490005" lon="31.2898692635" version="1" timestamp="2026-09-01T12:00:00Z" changeset="1" uid="1" user="generator"/>
  <node id="1778" lat="49.0995949996" lon="31.2898967554" version="1" timestamp="2026-09-01T12:00:00Z" changeset="1" uid="1" user="generator"/>
  <node id="1779" lat="49.0986499987" lon="31.2914225515" version="1" timestamp="2026-09-01T12:00:00Z" changeset="1" uid="1" user="generator"/>
  <node id="1780" lat="49.0980109980" lon="31.2911888710" version="1" timestamp="2026-09-01T12:00:00Z" changeset="1" uid="1" user="generator"/>
  <node id="1781" lat="49.0974169974" lon="31.2902816409" version="1" timestamp="2026-09-01T12:00:00Z" changeset="1" uid="1" user="generator"/>
  <node id="1782" lat="49.0972729973" lon="31.2892644435" version="1" timestamp="2026-09-01T12:00:00Z" changeset="1" uid="1" user="generator"/>
  <node id="1783" lat="49.0982719983" lon="31.2878211228" version="1" timestamp="2026-09-01T12:00:00Z" changeset="1" uid="1" user="generator"/>
  <node id="1784" lat="49.0982629983" lon="31.2868451631" version="1" timestamp="2026-09-01T12:00:00Z" changeset="1" uid="1" user="generator"/>
  <node id="1785" lat="49.0975609976" lon="31.2858829493" version="1" timestamp="2026-09-01T12:00:00Z" changeset="1" uid="1" user="generator"/>
  <node id="1786" lat="49.0975789976" lon="31.2852781292" version="1" timestamp="2026-09-01T12:00:00Z" changeset="1" uid="1" user="generator"/>
  <node id="1787" lat="49.0991089991" lon="31.2848382601" version="1" timestamp="2026-09-01T12:00:00Z" changeset="1" uid="1" user="generator"/>
  <node id="1788" lat="49.1001350001" lon="31.2859654248" version="1" timestamp="2026-09-01T12:00:00Z" changeset="1" uid="1" user="generator"/>
  <node id="1789" lat="49.1005760006" lon="31.2875049668" version="1" timestamp="2026-09-01T12:00:00Z" changeset="1" uid="1" user="generator"/>
  <node id="1790" lat="49.1015840016" lon="31.2774292140" version="1" timestamp="2026-09-01T12:00:00Z" changeset="1" uid="1" user="generator"/>
  <node id="1791" lat="49.1015840016" lon="31.2810031509" version="1" timestamp="2026-09-01T12:00:00Z" changeset="1" uid="1" user="generator"/>
  <node id="1792" lat="49.1014130014" lon="31.2815117496" version="1" timestamp="2026-09-01T12:00:00Z" changeset="1" uid="1" user="generator"/>
  <node id="1793" lat="49.1009180009" lon="31.2815254955" version="1" timestamp="2026-09-01T12:00:00Z" changeset="1" uid="1" user="generator"/>
  <node id="1794" lat="49.1002610003" lon="31.2804395685" version="1" timestamp="2026-09-01T12:00:00Z" changeset="1" uid="1" user="generator"/>
  <node id="1795" lat="49.0995769996" lon="31.2801646503" version="1" timestamp="2026-09-01T12:00:00Z" changeset="1" uid="1" user="generator"/>
  <node id="1796" lat="49.0988479988" lon="31.2779240668" version="1" timestamp="2026-09-01T12:00:00Z" changeset="1" uid="1" user="generator"/>
  <node id="1797" lat="49.0989829990" lon="31.2760683688" version="1" timestamp="2026-09-01T12:00:00Z" changeset="1" uid="1" user="generator"/>
  <node id="1798" lat="49.0982809983" lon="31.2751061551" version="1" timestamp="2026-09-01T12:00:00Z" changeset="1" uid="1" user="generator"/>
  <node id="1799" lat="49.0982809983" lon="31.2745288268" version="1" timestamp="2026-09-01T12:00:00Z" changeset="1" uid="1" user="generator"/>
  <node id="1800" lat="49.0987939988" lon="31.2744875891" version="1" timestamp="2026-09-01T12:00:00Z" changeset="1" uid="1" user="generator"/>
  <node id="1801" lat="49.0994509995" lon="31.2753535814" version="1" timestamp="2026-09-01T12:00:00Z" changeset="1" uid="1" user="generator"/>
  <node id="1802" lat="49.1008370008" lon="31.2758209424" version="1" timestamp="2026-09-01T12:00:00Z" changeset="1" uid="1" user="generator"/>
  <node id="1803" lat="49.1015840016" lon="31.2773879763" version="1" timestamp="2026-09-01T12:00:00Z" changeset="1" uid="1" user="generator"/>
  <node id="1804" lat="49.0772479772" lon="31.3544063160" version="1" timestamp="2026-09-01T12:00:00Z" changeset="1" uid="1" user="generator"/>
  <node id="1805" lat="49.0771939772" lon="31.3552035789" version="1" timestamp="2026-09-01T12:00:00Z" changeset="1" uid="1" user="generator"/>
  <node id="1806" lat="49.0762939763" lon="31.3552035789" version="1" timestamp="2026-09-01T12:00:00Z" changeset="1" uid="1" user="generator"/>
  <node id="1807" lat="49.0759609760" lon="31.3547224720" version="1" timestamp="2026-09-01T12:00:00Z" changeset="1" uid="1" user="generator"/>
  <node id="1808" lat="49.0750969751" lon="31.3523031916" version="1" timestamp="2026-09-01T12:00:00Z" changeset="1" uid="1" user="generator"/>
  <node id="1809" lat="49.0747999748" lon="31.3502825427" version="1" timestamp="2026-09-01T12:00:00Z" changeset="1" uid="1" user="generator"/>
  <node id="1810" lat="49.0750969751" lon="31.3457876298" version="1" timestamp="2026-09-01T12:00:00Z" changeset="1" uid="1" user="generator"/>
  <node id="1811" lat="49.0762939763" lon="31.3446467192" version="1" timestamp="2026-09-01T12:00:00Z" changeset="1" uid="1" user="generator"/>
  <node id="1812" lat="49.0765279765" lon="31.3447841783" version="1" timestamp="2026-09-01T12:00:00Z" changeset="1" uid="1" user="generator"/>
  <node id="1813" lat="49.0759519760" lon="31.3475883441" version="1" timestamp="2026-09-01T12:00:00Z" changeset="1" uid="1" user="generator"/>
  <node id="1814" lat="49.0758079758" lon="31.3502825427" version="1" timestamp="2026-09-01T12:00:00Z" changeset="1" uid="1" user="generator"/>
  <node id="1815" lat="49.0765369765" lon="31.3531829299" version="1" timestamp="2026-09-01T12:00:00Z" changeset="1" uid="1" user="generator"/>
  <node id="1816" lat="49.0772479772" lon="31.3543650783" version="1" timestamp="2026-09-01T12:00:00Z" changeset="1" uid="1" user="generator"/>
  <node id="1817" lat="49.1027360027" lon="31.2609341207" version="1" timestamp="2026-09-01T12:00:00Z" changeset="1" uid="1" user="generator"/>
  <node id="1818" lat="49.1027270027" lon="31.2616901458" version="1" timestamp="2026-09-01T12:00:00Z" changeset="1" uid="1" user="generator"/>
  <node id="1819" lat="49.1022770023" lon="31.2623774414" version="1" timestamp="2026-09-01T12:00:00Z" changeset="1" uid="1" user="generator"/>
  <node id="1820" lat="49.1007740008" lon="31.2626111219" version="1" timestamp="2026-09-01T12:00:00Z" changeset="1" uid="1" user="generator"/>
  <node id="1821" lat="49.0995769996" lon="31.2614702113" version="1" timestamp="2026-09-01T12:00:00Z" changeset="1" uid="1" user="generator"/>
  <node id="1822" lat="49.0994239994" lon="31.2593945787" version="1" timestamp="2026-09-01T12:00:00Z" changeset="1" uid="1" user="generator"/>
  <node id="1823" lat="49.1001980002" lon="31.2584323649" version="1" timestamp="2026-09-01T12:00:00Z" changeset="1" uid="1" user="generator"/>
  <node id="1824" lat="49.1013860014" lon="31.2586522995" version="1" timestamp="2026-09-01T12:00:00Z" changeset="1" uid="1" user="generator"/>
  <node id="1825" lat="49.1027360027" lon="31.2608928830" version="1" timestamp="2026-09-01T12:00:00Z" changeset="1" uid="1" user="generator"/>
  <node id="1826" lat="49.1270720271" lon="31.3506674282" version="1" timestamp="2026-09-01T12:00:00Z" changeset="1" uid="1" user="generator"/>
  <node id="1827" lat="49.1270630271" lon="31.3520832570" version="1" timestamp="2026-09-01T12:00:00Z" changeset="1" uid="1" user="generator"/>
  <node id="1828" lat="49.1261180261" lon="31.3525643639" version="1" timestamp="2026-09-01T12:00:00Z" changeset="1" uid="1" user="generator"/>
  <node id="1829" lat="49.1250650251" lon="31.3514234533" version="1" timestamp="2026-09-01T12:00:00Z" changeset="1" uid="1" user="generator"/>
  <node id="1830" lat="49.1249120249" lon="31.3497876899" version="1" timestamp="2026-09-01T12:00:00Z" changeset="1" uid="1" user="generator"/>
  <node id="1831" lat="49.1252270252" lon="31.3492790912" version="1" timestamp="2026-09-01T12:00:00Z" changeset="1" uid="1" user="generator"/>
  <node id="1832" lat="49.1258660259" lon="31.3492653453" version="1" timestamp="2026-09-01T12:00:00Z" changeset="1" uid="1" user="generator"/>
  <node id="1833" lat="49.1270720271" lon="31.3506261905" version="1" timestamp="2026-09-01T12:00:00Z" changeset="1" uid="1" user="generator"/>
  <node id="1834" lat="49.0654399654" lon="31.2906252886" version="1" timestamp="2026-09-01T12:00:00Z" changeset="1" uid="1" user="generator"/>
  <node id="1835" lat="49.0651249651" lon="31.2922885439" version="1" timestamp="2026-09-01T12:00:00Z" changeset="1" uid="1" user="generator"/>
  <node id="1836" lat="49.0638829639" lon="31.2927284130" version="1" timestamp="2026-09-01T12:00:00Z" changeset="1" uid="1" user="generator"/>
  <node id="1837" lat="49.0638649639" lon="31.2883847051" version="1" timestamp="2026-09-01T12:00:00Z" changeset="1" uid="1" user="generator"/>
  <node id="1838" lat="49.0645489645" lon="31.2885771479" version="1" timestamp="2026-09-01T12:00:00Z" changeset="1" uid="1" user="generator"/>
  <node id="1839" lat="49.0654399654" lon="31.2905840509" version="1" timestamp="2026-09-01T12:00:00Z" changeset="1" uid="1" user="generator"/>
  <node id="1840" lat="49.1061920062" lon="31.2472981770" version="1" timestamp="2026-09-01T12:00:00Z" changeset="1" uid="1" user="generator"/>
  <node id="1841" lat="49.1060210060" lon="31.2494013013" version="1" timestamp="2026-09-01T12:00:00Z" changeset="1" uid="1" user="generator"/>
  <node id="1842" lat="49.1052380052" lon="31.2496349818" version="1" timestamp="2026-09-01T12:00:00Z" changeset="1" uid="1" user="generator"/>
  <node id="1843" lat="49.1046170046" lon="31.2489339404" version="1" timestamp="2026-09-01T12:00:00Z" changeset="1" uid="1" user="generator"/>
  <node id="1844" lat="49.1046080046" lon="31.2475181115" version="1" timestamp="2026-09-01T12:00:00Z" changeset="1" uid="1" user="generator"/>
  <node id="1845" lat="49.1049230049" lon="31.2467895782" version="1" timestamp="2026-09-01T12:00:00Z" changeset="1" uid="1" user="generator"/>
  <node id="1846" lat="49.1057060057" lon="31.2465558978" version="1" timestamp="2026-09-01T12:00:00Z" changeset="1" uid="1" user="generator"/>
  <node id="1847" lat="49.1061920062" lon="31.2472569392" version="1" timestamp="2026-09-01T12:00:00Z" changeset="1" uid="1" user="generator"/>
  <node id="1848" lat="49.1131040131" lon="31.3258148210" version="1" timestamp="2026-09-01T12:00:00Z" changeset="1" uid="1" user="generator"/>
  <node id="1849" lat="49.1126450126" lon="31.3272581417" version="1" timestamp="2026-09-01T12:00:00Z" changeset="1" uid="1" user="generator"/>
  <node id="1850" lat="49.1122670123" lon="31.3272581417" version="1" timestamp="2026-09-01T12:00:00Z" changeset="1" uid="1" user="generator"/>
  <node id="1851" lat="49.1118170118" lon="31.3265708461" version="1" timestamp="2026-09-01T12:00:00Z" changeset="1" uid="1" user="generator"/>
  <node id="1852" lat="49.1118170118" lon="31.3257735833" version="1" timestamp="2026-09-01T12:00:00Z" changeset="1" uid="1" user="generator"/>
  <node id="1853" lat="49.1122670123" lon="31.3248663531" version="1" timestamp="2026-09-01T12:00:00Z" changeset="1" uid="1" user="generator"/>
  <node id="1854" lat="49.1127890128" lon="31.3248663531" version="1" timestamp="2026-09-01T12:00:00Z" changeset="1" uid="1" user="generator"/>
  <node id="1855" lat="49.1131040131" lon="31.3257735833" version="1" timestamp="2026-09-01T12:00:00Z" changeset="1" uid="1" user="generator"/>
  <node id="1856" lat="49.0713439713" lon="31.3489079516" version="1" timestamp="2026-09-01T12:00:00Z" changeset="1" uid="1" user="generator"/>
  <node id="1857" lat="49.0711909712" lon="31.3498839113" version="1" timestamp="2026-09-01T12:00:00Z" changeset="1" uid="1" user="generator"/>
  <node id="1858" lat="49.0705969706" lon="31.3507911414" version="1" timestamp="2026-09-01T12:00:00Z" changeset="1" uid="1" user="generator"/>
  <node id="1859" lat="49.0689049689" lon="31.3512035187" version="1" timestamp="2026-09-01T12:00:00Z" changeset="1" uid="1" user="generator"/>
  <node id="1860" lat="49.0696429696" lon="31.3499388949" version="1" timestamp="2026-09-01T12:00:00Z" changeset="1" uid="1" user="generator"/>
  <node id="1861" lat="49.0698769699" lon="31.3501313377" version="1" timestamp="2026-09-01T12:00:00Z" changeset="1" uid="1" user="generator"/>
  <node id="1862" lat="49.0713439713" lon="31.3488667139" version="1" timestamp="2026-09-01T12:00:00Z" changeset="1" uid="1" user="generator"/>
  <node id="1863" lat="49.1237852868" lon="31.2448514048" version="1" timestamp="2026-09-01T12:00:00Z" changeset="1" uid="1" user="generator"/>
  <node id="1864" lat="49.1237852868" lon="31.2588172504" version="1" timestamp="2026-09-01T12:00:00Z" changeset="1" uid="1" user="generator"/>
  <node id="1865" lat="49.1235872866" lon="31.2588172504" version="1" timestamp="2026-09-01T12:00:00Z" changeset="1" uid="1" user="generator"/>
  <node id="1866" lat="49.1235872866" lon="31.2448514048" version="1" timestamp="2026-09-01T12:00:00Z" changeset="1" uid="1" user="generator"/>
  <node id="1867" lat="49.1237852868" lon="31.2600818742" version="1" timestamp="2026-09-01T12:00:00Z" changeset="1" uid="1" user="generator"/>
  <node id="1868" lat="49.1237852868" lon="31.2776766404" version="1" timestamp="2026-09-01T12:00:00Z" changeset="1" uid="1" user="generator"/>
  <node id="1869" lat="49.1235872866" lon="31.2776766404" version="1" timestamp="2026-09-01T12:00:00Z" changeset="1" uid="1" user="generator"/>
  <node id="1870" lat="49.1235872866" lon="31.2600818742" version="1" timestamp="2026-09-01T12:00:00Z" changeset="1" uid="1" user="generator"/>
  <node id="1871" lat="49.1237852868" lon="31.2986254089" version="1" timestamp="2026-09-01T12:00:00Z" changeset="1" uid="1" user="generator"/>
  <node id="1872" lat="49.1237852868" lon="31.3169899461" version="1" timestamp="2026-09-01T12:00:00Z" changeset="1" uid="1" user="generator"/>
  <node id="1873" lat="49.1235872866" lon="31.3169899461" version="1" timestamp="2026-09-01T12:00:00Z" changeset="1" uid="1" user="generator"/>
  <node id="1874" lat="49.1235872866" lon="31.2986254089" version="1" timestamp="2026-09-01T12:00:00Z" changeset="1" uid="1" user="generator"/>
  <node id="1875" lat="49.1237852868" lon="31.3266120838" version="1" timestamp="2026-09-01T12:00:00Z" changeset="1" uid="1" user="generator"/>
  <node id="1876" lat="49.1237852868" lon="31.3399181258" version="1" timestamp="2026-09-01T12:00:00Z" changeset="1" uid="1" user="generator"/>
  <node id="1877" lat="49.1235872866" lon="31.3399181258" version="1" timestamp="2026-09-01T12:00:00Z" changeset="1" uid="1" user="generator"/>
  <node id="1878" lat="49.1235872866" lon="31.3266120838" version="1" timestamp="2026-09-01T12:00:00Z" changeset="1" uid="1" user="generator"/>
  <node id="1879" lat="49.1237852868" lon="31.3415126514" version="1" timestamp="2026-09-01T12:00:00Z" changeset="1" uid="1" user="generator"/>
  <node id="1880" lat="49.1237852868" lon="31.3552035789" version="1" timestamp="2026-09-01T12:00:00Z" changeset="1" uid="1" user="generator"/>
  <node id="1881" lat="49.1235872866" lon="31.3552035789" version="1" timestamp="2026-09-01T12:00:00Z" changeset="1" uid="1" user="generator"/>
  <node id="1882" lat="49.1235872866" lon="31.3415126514" version="1" timestamp="2026-09-01T12:00:00Z" changeset="1" uid="1" user="generator"/>
  <node id="1883" lat="49.1163605494" lon="31.2448514048" version="1" timestamp="2026-09-01T12:00:00Z" changeset="1" uid="1" user="generator"/>
  <node id="1884" lat="49.1163605494" lon="31.2583223976" version="1" timestamp="2026-09-01T12:00:00Z" changeset="1" uid="1" user="generator"/>
  <node id="1885" lat="49.1161625492" lon="31.2583223976" version="1" timestamp="2026-09-01T12:00:00Z" changeset="1" uid="1" user="generator"/>
  <node id="1886" lat="49.1161625492" lon="31.2448514048" version="1" timestamp="2026-09-01T12:00:00Z" changeset="1" uid="1" user="generator"/>
  <node id="1887" lat="49.1163605494" lon="31.2872987782" version="1" timestamp="2026-09-01T12:00:00Z" changeset="1" uid="1" user="generator"/>
  <node id="1888" lat="49.1163605494" lon="31.3057182990" version="1" timestamp="2026-09-01T12:00:00Z" changeset="1" uid="1" user="generator"/>
  <node id="1889" lat="49.1161625492" lon="31.3057182990" version="1" timestamp="2026-09-01T12:00:00Z" changeset="1" uid="1" user="generator"/>
  <node id="1890" lat="49.1161625492" lon="31.2872987782" version="1" timestamp="2026-09-01T12:00:00Z" changeset="1" uid="1" user="generator"/>
  <node id="1891" lat="49.1163605494" lon="31.3283165768" version="1" timestamp="2026-09-01T12:00:00Z" changeset="1" uid="1" user="generator"/>
  <node id="1892" lat="49.1163605494" lon="31.3390383874" version="1" timestamp="2026-09-01T12:00:00Z" changeset="1" uid="1" user="generator"/>
  <node id="1893" lat="49.1161625492" lon="31.3390383874" version="1" timestamp="2026-09-01T12:00:00Z" changeset="1" uid="1" user="generator"/>
  <node id="1894" lat="49.1161625492" lon="31.3283165768" version="1" timestamp="2026-09-01T12:00:00Z" changeset="1" uid="1" user="generator"/>
  <node id="1895" lat="49.1108317088" lon="31.2448514048" version="1" timestamp="2026-09-01T12:00:00Z" changeset="1" uid="1" user="generator"/>
  <node id="1896" lat="49.1108317088" lon="31.2556831827" version="1" timestamp="2026-09-01T12:00:00Z" changeset="1" uid="1" user="generator"/>
  <node id="1897" lat="49.1106337086" lon="31.2556831827" version="1" timestamp="2026-09-01T12:00:00Z" changeset="1" uid="1" user="generator"/>
  <node id="1898" lat="49.1106337086" lon="31.2448514048" version="1" timestamp="2026-09-01T12:00:00Z" changeset="1" uid="1" user="generator"/>
  <node id="1899" lat="49.1108317088" lon="31.2794911007" version="1" timestamp="2026-09-01T12:00:00Z" changeset="1" uid="1" user="generator"/>
  <node id="1900" lat="49.1108317088" lon="31.2909826823" version="1" timestamp="2026-09-01T12:00:00Z" changeset="1" uid="1" user="generator"/>
  <node id="1901" lat="49.1106337086" lon="31.2909826823" version="1" timestamp="2026-09-01T12:00:00Z" changeset="1" uid="1" user="generator"/>
  <node id="1902" lat="49.1106337086" lon="31.2794911007" version="1" timestamp="2026-09-01T12:00:00Z" changeset="1" uid="1" user="generator"/>
  <node id="1903" lat="49.1108317088" lon="31.3032990187" version="1" timestamp="2026-09-01T12:00:00Z" changeset="1" uid="1" user="generator"/>
  <node id="1904" lat="49.1108317088" lon="31.3169349624" version="1" timestamp="2026-09-01T12:00:00Z" changeset="1" uid="1" user="generator"/>
  <node id="1905" lat="49.1106337086" lon="31.3169349624" version="1" timestamp="2026-09-01T12:00:00Z" changeset="1" uid="1" user="generator"/>
  <node id="1906" lat="49.1106337086" lon="31.3032990187" version="1" timestamp="2026-09-01T12:00:00Z" changeset="1" uid="1" user="generator"/>
  <node id="1907" lat="49.1108317088" lon="31.3184745045" version="1" timestamp="2026-09-01T12:00:00Z" changeset="1" uid="1" user="generator"/>
  <node id="1908" lat="49.1108317088" lon="31.3416776024" version="1" timestamp="2026-09-01T12:00:00Z" changeset="1" uid="1" user="generator"/>
  <node id="1909" lat="49.1106337086" lon="31.3416776024" version="1" timestamp="2026-09-01T12:00:00Z" changeset="1" uid="1" user="generator"/>
  <node id="1910" lat="49.1106337086" lon="31.3184745045" version="1" timestamp="2026-09-01T12:00:00Z" changeset="1" uid="1" user="generator"/>
  <node id="1911" lat="49.1108317088" lon="31.3428872425" version="1" timestamp="2026-09-01T12:00:00Z" changeset="1" uid="1" user="generator"/>
  <node id="1912" lat="49.1108317088" lon="31.3552035789" version="1" timestamp="2026-09-01T12:00:00Z" changeset="1" uid="1" user="generator"/>
  <node id="1913" lat="49.1106337086" lon="31.3552035789" version="1" timestamp="2026-09-01T12:00:00Z" changeset="1" uid="1" user="generator"/>
  <node id="1914" lat="49.1106337086" lon="31.3428872425" version="1" timestamp="2026-09-01T12:00:00Z" changeset="1" uid="1" user="generator"/>
  <node id="1915" lat="49.1043569404" lon="31.2448514048" version="1" timestamp="2026-09-01T12:00:00Z" changeset="1" uid="1" user="generator"/>
  <node id="1916" lat="49.1043569404" lon="31.2851544160" version="1" timestamp="2026-09-01T12:00:00Z" changeset="1" uid="1" user="generator"/>
  <node id="1917" lat="49.1041589402" lon="31.2851544160" version="1" timestamp="2026-09-01T12:00:00Z" changeset="1" uid="1" user="generator"/>
  <node id="1918" lat="49.1041589402" lon="31.2448514048" version="1" timestamp="2026-09-01T12:00:00Z" changeset="1" uid="1" user="generator"/>
  <node id="1919" lat="49.1043569404" lon="31.3312307100" version="1" timestamp="2026-09-01T12:00:00Z" changeset="1" uid="1" user="generator"/>
  <node id="1920" lat="49.1043569404" lon="31.3405229458" version="1" timestamp="2026-09-01T12:00:00Z" changeset="1" uid="1" user="generator"/>
  <node id="1921" lat="49.1041589402" lon="31.3405229458" version="1" timestamp="2026-09-01T12:00:00Z" changeset="1" uid="1" user="generator"/>
  <node id="1922" lat="49.1041589402" lon="31.3312307100" version="1" timestamp="2026-09-01T12:00:00Z" changeset="1" uid="1" user="generator"/>
  <node id="1923" lat="49.1043569404" lon="31.3411827496" version="1" timestamp="2026-09-01T12:00:00Z" changeset="1" uid="1" user="generator"/>
  <node id="1924" lat="49.1043569404" lon="31.3552035789" version="1" timestamp="2026-09-01T12:00:00Z" changeset="1" uid="1" user="generator"/>
  <node id="1925" lat="49.1041589402" lon="31.3552035789" version="1" timestamp="2026-09-01T12:00:00Z" changeset="1" uid="1" user="generator"/>
  <node id="1926" lat="49.1041589402" lon="31.3411827496" version="1" timestamp="2026-09-01T12:00:00Z" changeset="1" uid="1" user="generator"/>
  <node id="1927" lat="49.1003066033" lon="31.2448514048" version="1" timestamp="2026-09-01T12:00:00Z" changeset="1" uid="1" user="generator"/>
  <node id="1928" lat="49.1003066033" lon="31.2580474794" version="1" timestamp="2026-09-01T12:00:00Z" changeset="1" uid="1" user="generator"/>
  <node id="1929" lat="49.1001086031" lon="31.2580474794" version="1" timestamp="2026-09-01T12:00:00Z" changeset="1" uid="1" user="generator"/>
  <node id="1930" lat="49.1001086031" lon="31.2448514048" version="1" timestamp="2026-09-01T12:00:00Z" changeset="1" uid="1" user="generator"/>
  <node id="1931" lat="49.1003066033" lon="31.2625561382" version="1" timestamp="2026-09-01T12:00:00Z" changeset="1" uid="1" user="generator"/>
  <node id="1932" lat="49.1003066033" lon="31.2704187994" version="1" timestamp="2026-09-01T12:00:00Z" changeset="1" uid="1" user="generator"/>
  <node id="1933" lat="49.1001086031" lon="31.2704187994" version="1" timestamp="2026-09-01T12:00:00Z" changeset="1" uid="1" user="generator"/>
  <node id="1934" lat="49.1001086031" lon="31.2625561382" version="1" timestamp="2026-09-01T12:00:00Z" changeset="1" uid="1" user="generator"/>
  <node id="1935" lat="49.1003066033" lon="31.3068729555" version="1" timestamp="2026-09-01T12:00:00Z" changeset="1" uid="1" user="generator"/>
  <node id="1936" lat="49.1003066033" lon="31.3243027708" version="1" timestamp="2026-09-01T12:00:00Z" changeset="1" uid="1" user="generator"/>
  <node id="1937" lat="49.1001086031" lon="31.3243027708" version="1" timestamp="2026-09-01T12:00:00Z" changeset="1" uid="1" user="generator"/>
  <node id="1938" lat="49.1001086031" lon="31.3068729555" version="1" timestamp="2026-09-01T12:00:00Z" changeset="1" uid="1" user="generator"/>
  <node id="1939" lat="49.1003066033" lon="31.3279316913" version="1" timestamp="2026-09-01T12:00:00Z" changeset="1" uid="1" user="generator"/>
  <node id="1940" lat="49.1003066033" lon="31.3405229458" version="1" timestamp="2026-09-01T12:00:00Z" changeset="1" uid="1" user="generator"/>
  <node id="1941" lat="49.1001086031" lon="31.3405229458" version="1" timestamp="2026-09-01T12:00:00Z" changeset="1" uid="1" user="generator"/>
  <node id="1942" lat="49.1001086031" lon="31.3279316913" version="1" timestamp="2026-09-01T12:00:00Z" changeset="1" uid="1" user="generator"/>
  <node id="1943" lat="49.1003066033" lon="31.3411827496" version="1" timestamp="2026-09-01T12:00:00Z" changeset="1" uid="1" user="generator"/>
  <node id="1944" lat="49.1003066033" lon="31.3552035789" version="1" timestamp="2026-09-01T12:00:00Z" changeset="1" uid="1" user="generator"/>
  <node id="1945" lat="49.1001086031" lon="31.3552035789" version="1" timestamp="2026-09-01T12:00:00Z" changeset="1" uid="1" user="generator"/>
  <node id="1946" lat="49.1001086031" lon="31.3411827496" version="1" timestamp="2026-09-01T12:00:00Z" changeset="1" uid="1" user="generator"/>
  <node id="1947" lat="49.0899656200" lon="31.2448514048" version="1" timestamp="2026-09-01T12:00:00Z" changeset="1" uid="1" user="generator"/>
  <node id="1948" lat="49.0899656200" lon="31.2597519724" version="1" timestamp="2026-09-01T12:00:00Z" changeset="1" uid="1" user="generator"/>
  <node id="1949" lat="49.0897676198" lon="31.2597519724" version="1" timestamp="2026-09-01T12:00:00Z" changeset="1" uid="1" user="generator"/>
  <node id="1950" lat="49.0897676198" lon="31.2448514048" version="1" timestamp="2026-09-01T12:00:00Z" changeset="1" uid="1" user="generator"/>
  <node id="1951" lat="49.0899656200" lon="31.2847145469" version="1" timestamp="2026-09-01T12:00:00Z" changeset="1" uid="1" user="generator"/>
  <node id="1952" lat="49.0899656200" lon="31.3168249952" version="1" timestamp="2026-09-01T12:00:00Z" changeset="1" uid="1" user="generator"/>
  <node id="1953" lat="49.0897676198" lon="31.3168249952" version="1" timestamp="2026-09-01T12:00:00Z" changeset="1" uid="1" user="generator"/>
  <node id="1954" lat="49.0897676198" lon="31.2847145469" version="1" timestamp="2026-09-01T12:00:00Z" changeset="1" uid="1" user="generator"/>
  <node id="1955" lat="49.0899656200" lon="31.3180896190" version="1" timestamp="2026-09-01T12:00:00Z" changeset="1" uid="1" user="generator"/>
  <node id="1956" lat="49.0899656200" lon="31.3349146141" version="1" timestamp="2026-09-01T12:00:00Z" changeset="1" uid="1" user="generator"/>
  <node id="1957" lat="49.0897676198" lon="31.3349146141" version="1" timestamp="2026-09-01T12:00:00Z" changeset="1" uid="1" user="generator"/>
  <node id="1958" lat="49.0897676198" lon="31.3180896190" version="1" timestamp="2026-09-01T12:00:00Z" changeset="1" uid="1" user="generator"/>
  <node id="1959" lat="49.0825063405" lon="31.2625011546" version="1" timestamp="2026-09-01T12:00:00Z" changeset="1" uid="1" user="generator"/>
  <node id="1960" lat="49.0825063405" lon="31.2717933905" version="1" timestamp="2026-09-01T12:00:00Z" changeset="1" uid="1" user="generator"/>
  <node id="1961" lat="49.0823083403" lon="31.2717933905" version="1" timestamp="2026-09-01T12:00:00Z" changeset="1" uid="1" user="generator"/>
  <node id="1962" lat="49.0823083403" lon="31.2625011546" version="1" timestamp="2026-09-01T12:00:00Z" changeset="1" uid="1" user="generator"/>
  <node id="1963" lat="49.0825063405" lon="31.2981305561" version="1" timestamp="2026-09-01T12:00:00Z" changeset="1" uid="1" user="generator"/>
  <node id="1964" lat="49.0825063405" lon="31.3124812873" version="1" timestamp="2026-09-01T12:00:00Z" changeset="1" uid="1" user="generator"/>
  <node id="1965" lat="49.0823083403" lon="31.3124812873" version="1" timestamp="2026-09-01T12:00:00Z" changeset="1" uid="1" user="generator"/>
  <node id="1966" lat="49.0823083403" lon="31.2981305561" version="1" timestamp="2026-09-01T12:00:00Z" changeset="1" uid="1" user="generator"/>
  <node id="1967" lat="49.0825063405" lon="31.3207838175" version="1" timestamp="2026-09-01T12:00:00Z" changeset="1" uid="1" user="generator"/>
  <node id="1968" lat="49.0825063405" lon="31.3304609389" version="1" timestamp="2026-09-01T12:00:00Z" changeset="1" uid="1" user="generator"/>
  <node id="1969" lat="49.0823083403" lon="31.3304609389" version="1" timestamp="2026-09-01T12:00:00Z" changeset="1" uid="1" user="generator"/>
  <node id="1970" lat="49.0823083403" lon="31.3207838175" version="1" timestamp="2026-09-01T12:00:00Z" changeset="1" uid="1" user="generator"/>
  <node id="1971" lat="49.0825063405" lon="31.3458013757" version="1" timestamp="2026-09-01T12:00:00Z" changeset="1" uid="1" user="generator"/>
  <node id="1972" lat="49.0825063405" lon="31.3552035789" version="1" timestamp="2026-09-01T12:00:00Z" changeset="1" uid="1" user="generator"/>
  <node id="1973" lat="49.0823083403" lon="31.3552035789" version="1" timestamp="2026-09-01T12:00:00Z" changeset="1" uid="1" user="generator"/>
  <node id="1974" lat="49.0823083403" lon="31.3458013757" version="1" timestamp="2026-09-01T12:00:00Z" changeset="1" uid="1" user="generator"/>
  <node id="1975" lat="49.0753877204" lon="31.2448514048" version="1" timestamp="2026-09-01T12:00:00Z" changeset="1" uid="1" user="generator"/>
  <node id="1976" lat="49.0753877204" lon="31.2534288533" version="1" timestamp="2026-09-01T12:00:00Z" changeset="1" uid="1" user="generator"/>
  <node id="1977" lat="49.0751897202" lon="31.2534288533" version="1" timestamp="2026-09-01T12:00:00Z" changeset="1" uid="1" user="generator"/>
  <node id="1978" lat="49.0751897202" lon="31.2448514048" version="1" timestamp="2026-09-01T12:00:00Z" changeset="1" uid="1" user="generator"/>
  <node id="1979" lat="49.0753877204" lon="31.2713535213" version="1" timestamp="2026-09-01T12:00:00Z" changeset="1" uid="1" user="generator"/>
  <node id="1980" lat="49.0753877204" lon="31.2828451030" version="1" timestamp="2026-09-01T12:00:00Z" changeset="1" uid="1" user="generator"/>
  <node id="1981" lat="49.0751897202" lon="31.2828451030" version="1" timestamp="2026-09-01T12:00:00Z" changeset="1" uid="1" user="generator"/>
  <node id="1982" lat="49.0751897202" lon="31.2713535213" version="1" timestamp="2026-09-01T12:00:00Z" changeset="1" uid="1" user="generator"/>
  <node id="1983" lat="49.0753877204" lon="31.3013196075" version="1" timestamp="2026-09-01T12:00:00Z" changeset="1" uid="1" user="generator"/>
  <node id="1984" lat="49.0753877204" lon="31.3245776890" version="1" timestamp="2026-09-01T12:00:00Z" changeset="1" uid="1" user="generator"/>
  <node id="1985" lat="49.0751897202" lon="31.3245776890" version="1" timestamp="2026-09-01T12:00:00Z" changeset="1" uid="1" user="generator"/>
  <node id="1986" lat="49.0751897202" lon="31.3013196075" version="1" timestamp="2026-09-01T12:00:00Z" changeset="1" uid="1" user="generator"/>
  <node id="1987" lat="49.0753877204" lon="31.3330451702" version="1" timestamp="2026-09-01T12:00:00Z" changeset="1" uid="1" user="generator"/>
  <node id="1988" lat="49.0753877204" lon="31.3421174715" version="1" timestamp="2026-09-01T12:00:00Z" changeset="1" uid="1" user="generator"/>
  <node id="1989" lat="49.0751897202" lon="31.3421174715" version="1" timestamp="2026-09-01T12:00:00Z" changeset="1" uid="1" user="generator"/>
  <node id="1990" lat="49.0751897202" lon="31.3330451702" version="1" timestamp="2026-09-01T12:00:00Z" changeset="1" uid="1" user="generator"/>
  <node id="1991" lat="49.0698061668" lon="31.2448514048" version="1" timestamp="2026-09-01T12:00:00Z" changeset="1" uid="1" user="generator"/>
  <node id="1992" lat="49.0698061668" lon="31.2524941313" version="1" timestamp="2026-09-01T12:00:00Z" changeset="1" uid="1" user="generator"/>
  <node id="1993" lat="49.0696081666" lon="31.2524941313" version="1" timestamp="2026-09-01T12:00:00Z" changeset="1" uid="1" user="generator"/>
  <node id="1994" lat="49.0696081666" lon="31.2448514048" version="1" timestamp="2026-09-01T12:00:00Z" changeset="1" uid="1" user="generator"/>
  <node id="1995" lat="49.0698061668" lon="31.2757522129" version="1" timestamp="2026-09-01T12:00:00Z" changeset="1" uid="1" user="generator"/>
  <node id="1996" lat="49.0698061668" lon="31.2877386473" version="1" timestamp="2026-09-01T12:00:00Z" changeset="1" uid="1" user="generator"/>
  <node id="1997" lat="49.0696081666" lon="31.2877386473" version="1" timestamp="2026-09-01T12:00:00Z" changeset="1" uid="1" user="generator"/>
  <node id="1998" lat="49.0696081666" lon="31.2757522129" version="1" timestamp="2026-09-01T12:00:00Z" changeset="1" uid="1" user="generator"/>
  <node id="1999" lat="49.0698061668" lon="31.2918624206" version="1" timestamp="2026-09-01T12:00:00Z" changeset="1" uid="1" user="generator"/>
  <node id="2000" lat="49.0698061668" lon="31.3072578410" version="1" timestamp="2026-09-01T12:00:00Z" changeset="1" uid="1" user="generator"/>
  <node id="2001" lat="49.0696081666" lon="31.3072578410" version="1" timestamp="2026-09-01T12:00:00Z" changeset="1" uid="1" user="generator"/>
  <node id="2002" lat="49.0696081666" lon="31.2918624206" version="1" timestamp="2026-09-01T12:00:00Z" changeset="1" uid="1" user="generator"/>
  <node id="2003" lat="49.0659646120" lon="31.2473256688" version="1" timestamp="2026-09-01T12:00:00Z" changeset="1" uid="1" user="generator"/>
  <node id="2004" lat="49.0659646120" lon="31.2556281991" version="1" timestamp="2026-09-01T12:00:00Z" changeset="1" uid="1" user="generator"/>
  <node id="2005" lat="49.0657666118" lon="31.2556281991" version="1" timestamp="2026-09-01T12:00:00Z" changeset="1" uid="1" user="generator"/>
  <node id="2006" lat="49.0657666118" lon="31.2473256688" version="1" timestamp="2026-09-01T12:00:00Z" changeset="1" uid="1" user="generator"/>
  <node id="2007" lat="49.0659646120" lon="31.2757522129" version="1" timestamp="2026-09-01T12:00:00Z" changeset="1" uid="1" user="generator"/>
  <node id="2008" lat="49.0659646120" lon="31.3072028574" version="1" timestamp="2026-09-01T12:00:00Z" changeset="1" uid="1" user="generator"/>
  <node id="2009" lat="49.0657666118" lon="31.3072028574" version="1" timestamp="2026-09-01T12:00:00Z" changeset="1" uid="1" user="generator"/>
  <node id="2010" lat="49.0657666118" lon="31.2757522129" version="1" timestamp="2026-09-01T12:00:00Z" changeset="1" uid="1" user="generator"/>
  <node id="2011" lat="49.0659646120" lon="31.3123713200" version="1" timestamp="2026-09-01T12:00:00Z" changeset="1" uid="1" user="generator"/>
  <node id="2012" lat="49.0659646120" lon="31.3199040792" version="1" timestamp="2026-09-01T12:00:00Z" changeset="1" uid="1" user="generator"/>
  <node id="2013" lat="49.0657666118" lon="31.3199040792" version="1" timestamp="2026-09-01T12:00:00Z" changeset="1" uid="1" user="generator"/>
  <node id="2014" lat="49.0657666118" lon="31.3123713200" version="1" timestamp="2026-09-01T12:00:00Z" changeset="1" uid="1" user="generator"/>
  <node id="2015" lat="49.0659646120" lon="31.3462412448" version="1" timestamp="2026-09-01T12:00:00Z" changeset="1" uid="1" user="generator"/>
  <node id="2016" lat="49.0659646120" lon="31.3526193476" version="1" timestamp="2026-09-01T12:00:00Z" changeset="1" uid="1" user="generator"/>
  <node id="2017" lat="49.0657666118" lon="31.3526193476" version="1" timestamp="2026-09-01T12:00:00Z" changeset="1" uid="1" user="generator"/>
  <node id="2018" lat="49.0657666118" lon="31.3462412448" version="1" timestamp="2026-09-01T12:00:00Z" changeset="1" uid="1" user="generator"/>
  <node id="2019" lat="49.1163973324" lon="31.3266084549" version="1" timestamp="2026-09-01T12:00:00Z" changeset="1" uid="1" user="generator"/>
  <node id="2020" lat="49.1109564850" lon="31.3170521051" version="1" timestamp="2026-09-01T12:00:00Z" changeset="1" uid="1" user="generator"/>
  <node id="2021" lat="49.1108206568" lon="31.3172325064" version="1" timestamp="2026-09-01T12:00:00Z" changeset="1" uid="1" user="generator"/>
  <node id="2022" lat="49.1162615043" lon="31.3267888563" version="1" timestamp="2026-09-01T12:00:00Z" changeset="1" uid="1" user="generator"/>
  <node id="2023" lat="49.0929596710" lon="31.2877426886" version="1" timestamp="2026-09-01T12:00:00Z" changeset="1" uid="1" user="generator"/>
  <node id="2024" lat="49.0886590887" lon="31.2810785060" version="1" timestamp="2026-09-01T12:00:00Z" changeset="1" uid="1" user="generator"/>
  <node id="2025" lat="49.0885308925" lon="31.2812714848" version="1" timestamp="2026-09-01T12:00:00Z" changeset="1" uid="1" user="generator"/>
  <node id="2026" lat="49.0928314748" lon="31.2879356812" version="1" timestamp="2026-09-01T12:00:00Z" changeset="1" uid="1" user="generator"/>
  <node id="2027" lat="49.1202460512" lon="31.2671252928" version="1" timestamp="2026-09-01T12:00:00Z" changeset="1" uid="1" user="generator"/>
  <node id="2028" lat="49.1199114669" lon="31.2684680484" version="1" timestamp="2026-09-01T12:00:00Z" changeset="1" uid="1" user="generator"/>
  <node id="2029" lat="49.1196079686" lon="31.2698278489" version="1" timestamp="2026-09-01T12:00:00Z" changeset="1" uid="1" user="generator"/>
  <node id="2030" lat="49.1028227808" lon="31.3014378223" version="1" timestamp="2026-09-01T12:00:00Z" changeset="1" uid="1" user="generator"/>
  <node id="2031" lat="49.1007003987" lon="31.3041620282" version="1" timestamp="2026-09-01T12:00:00Z" changeset="1" uid="1" user="generator"/>
  <node id="2032" lat="49.0832329652" lon="31.3324607628" version="1" timestamp="2026-09-01T12:00:00Z" changeset="1" uid="1" user="generator"/>
  <node id="2033" lat="49.0828282438" lon="31.3336732071" version="1" timestamp="2026-09-01T12:00:00Z" changeset="1" uid="1" user="generator"/>
  <node id="2034" lat="49.0823993484" lon="31.3348663247" version="1" timestamp="2026-09-01T12:00:00Z" changeset="1" uid="1" user="generator"/>
  <node id="2035" lat="49.1023382473" lon="31.3037447711" version="1" timestamp="2026-09-01T12:00:00Z" changeset="1" uid="1" user="generator"/>
  <node id="2036" lat="49.1011855532" lon="31.3018691277" version="1" timestamp="2026-09-01T12:00:00Z" changeset="1" uid="1" user="generator"/>
  <node id="2037" lat="49.1208322758" lon="31.2674467822" version="1" timestamp="2026-09-01T12:00:00Z" changeset="1" uid="1" user="generator"/>
  <node id="2038" lat="49.1205144495" lon="31.2687987200" version="1" timestamp="2026-09-01T12:00:00Z" changeset="1" uid="1" user="generator"/>
  <node id="2039" lat="49.1201966232" lon="31.2701506579" version="1" timestamp="2026-09-01T12:00:00Z" changeset="1" uid="1" user="generator"/>
  <node id="2040" lat="49.1196209916" lon="31.2667825110" version="1" timestamp="2026-09-01T12:00:00Z" changeset="1" uid="1" user="generator"/>
  <node id="2041" lat="49.1193031653" lon="31.2681344626" version="1" timestamp="2026-09-01T12:00:00Z" changeset="1" uid="1" user="generator"/>
  <node id="2042" lat="49.1189853390" lon="31.2694864005" version="1" timestamp="2026-09-01T12:00:00Z" changeset="1" uid="1" user="generator"/>
  <node id="2043" lat="49.1033623764" lon="31.3023877747" version="1" timestamp="2026-09-01T12:00:00Z" changeset="1" uid="1" user="generator"/>
  <node id="2044" lat="49.1023154503" lon="31.3037749846" version="1" timestamp="2026-09-01T12:00:00Z" changeset="1" uid="1" user="generator"/>
  <node id="2045" lat="49.1012685153" lon="31.3051621944" version="1" timestamp="2026-09-01T12:00:00Z" changeset="1" uid="1" user="generator"/>
  <node id="2046" lat="49.1022594883" lon="31.3004461373" version="1" timestamp="2026-09-01T12:00:00Z" changeset="1" uid="1" user="generator"/>
  <node id="2047" lat="49.1012125532" lon="31.3018333471" version="1" timestamp="2026-09-01T12:00:00Z" changeset="1" uid="1" user="generator"/>
  <node id="2048" lat="49.1001656272" lon="31.3032205570" version="1" timestamp="2026-09-01T12:00:00Z" changeset="1" uid="1" user="generator"/>
  <node id="2049" lat="49.0837709318" lon="31.3328904462" version="1" timestamp="2026-09-01T12:00:00Z" changeset="1" uid="1" user="generator"/>
  <node id="2050" lat="49.0833580384" lon="31.3340963475" version="1" timestamp="2026-09-01T12:00:00Z" changeset="1" uid="1" user="generator"/>
  <node id="2051" lat="49.0829451449" lon="31.3353022626" version="1" timestamp="2026-09-01T12:00:00Z" changeset="1" uid="1" user="generator"/>
  <node id="2052" lat="49.0827181917" lon="31.3320496089" version="1" timestamp="2026-09-01T12:00:00Z" changeset="1" uid="1" user="generator"/>
  <node id="2053" lat="49.0823052983" lon="31.3332555239" version="1" timestamp="2026-09-01T12:00:00Z" changeset="1" uid="1" user="generator"/>
  <node id="2054" lat="49.0818924049" lon="31.3344614389" version="1" timestamp="2026-09-01T12:00:00Z" changeset="1" uid="1" user="generator"/>
  <way id="1" version="1" timestamp="2026-09-01T12:00:00Z" changeset="1" uid="1" user="generator">
    <nd ref="1"/>
    <nd ref="2"/>
    <nd ref="3"/>
    <nd ref="4"/>
    <nd ref="5"/>
    <nd ref="6"/>
    <nd ref="7"/>
    <nd ref="8"/>
    <nd ref="9"/>
    <nd ref="10"/>
    <nd ref="11"/>
    <nd ref="12"/>
    <nd ref="13"/>
    <nd ref="14"/>
    <nd ref="15"/>
    <nd ref="16"/>
    <nd ref="17"/>
    <nd ref="18"/>
    <nd ref="19"/>
    <nd ref="20"/>
    <nd ref="21"/>
    <nd ref="22"/>
    <nd ref="23"/>
    <nd ref="24"/>
    <nd ref="25"/>
    <nd ref="26"/>
    <nd ref="27"/>
    <nd ref="28"/>
    <nd ref="29"/>
    <nd ref="30"/>
    <nd ref="31"/>
    <nd ref="32"/>
    <nd ref="33"/>
    <nd ref="34"/>
    <nd ref="35"/>
    <nd ref="36"/>
    <nd ref="37"/>
    <nd ref="38"/>
    <nd ref="39"/>
    <nd ref="40"/>
    <nd ref="41"/>
    <nd ref="42"/>
    <nd ref="43"/>
    <nd ref="44"/>
    <nd ref="45"/>
    <nd ref="46"/>
    <nd ref="47"/>
    <nd ref="48"/>
    <nd ref="49"/>
    <nd ref="50"/>
    <nd ref="51"/>
    <nd ref="52"/>
    <nd ref="53"/>
    <nd ref="54"/>
    <nd ref="55"/>
    <nd ref="56"/>
    <nd ref="57"/>
    <nd ref="58"/>
    <nd ref="59"/>
    <nd ref="60"/>
    <nd ref="61"/>
    <nd ref="62"/>
    <nd ref="63"/>
    <nd ref="64"/>
    <nd ref="65"/>
    <nd ref="66"/>
    <nd ref="67"/>
    <nd ref="68"/>
    <nd ref="69"/>
    <nd ref="70"/>
    <nd ref="71"/>
    <nd ref="72"/>
    <nd ref="73"/>
    <nd ref="74"/>
    <nd ref="75"/>
    <nd ref="1"/>
    <tag k="natural" v="water"/>
    <tag k="waterway" v="riverbank"/>
    <tag k="name" v="Rio Bystra"/>
  </way>
  <way id="2" version="1" timestamp="2026-09-01T12:00:00Z" changeset="1" uid="1" user="generator">
    <nd ref="76"/>
    <nd ref="77"/>
    <nd ref="78"/>
    <nd ref="79"/>
    <nd ref="80"/>
    <nd ref="81"/>
    <nd ref="82"/>
    <nd ref="83"/>
    <nd ref="84"/>
    <nd ref="85"/>
    <nd ref="86"/>
    <nd ref="87"/>
    <nd ref="88"/>
    <nd ref="89"/>
    <nd ref="90"/>
    <nd ref="91"/>
    <nd ref="92"/>
    <nd ref="93"/>
    <nd ref="94"/>
    <nd ref="95"/>
    <nd ref="96"/>
    <nd ref="97"/>
    <nd ref="98"/>
    <nd ref="99"/>
    <nd ref="100"/>
    <nd ref="101"/>
    <nd ref="102"/>
    <nd ref="103"/>
    <nd ref="104"/>
    <nd ref="105"/>
    <nd ref="106"/>
    <nd ref="107"/>
    <nd ref="108"/>
    <nd ref="109"/>
    <nd ref="110"/>
    <nd ref="111"/>
    <nd ref="112"/>
    <nd ref="113"/>
    <nd ref="114"/>
    <nd ref="115"/>
    <nd ref="116"/>
    <nd ref="117"/>
    <nd ref="118"/>
    <nd ref="119"/>
    <nd ref="120"/>
    <nd ref="121"/>
    <nd ref="122"/>
    <nd ref="123"/>
    <nd ref="124"/>
    <nd ref="125"/>
    <nd ref="126"/>
    <nd ref="127"/>
    <nd ref="128"/>
    <nd ref="129"/>
    <nd ref="130"/>
    <nd ref="131"/>
    <nd ref="132"/>
    <nd ref="133"/>
    <nd ref="76"/>
    <tag k="natural" v="water"/>
    <tag k="waterway" v="riverbank"/>
    <tag k="name" v="Rio Bystra"/>
  </way>
  <way id="3" version="1" timestamp="2026-09-01T12:00:00Z" changeset="1" uid="1" user="generator">
    <nd ref="134"/>
    <nd ref="135"/>
    <nd ref="136"/>
    <nd ref="137"/>
    <nd ref="138"/>
    <nd ref="139"/>
    <nd ref="140"/>
    <nd ref="141"/>
    <nd ref="142"/>
    <nd ref="143"/>
    <nd ref="144"/>
    <nd ref="145"/>
    <nd ref="146"/>
    <nd ref="147"/>
    <nd ref="148"/>
    <nd ref="149"/>
    <nd ref="150"/>
    <nd ref="151"/>
    <nd ref="152"/>
    <nd ref="153"/>
    <nd ref="154"/>
    <nd ref="155"/>
    <nd ref="156"/>
    <nd ref="157"/>
    <nd ref="158"/>
    <nd ref="159"/>
    <nd ref="160"/>
    <nd ref="161"/>
    <nd ref="162"/>
    <nd ref="163"/>
    <nd ref="164"/>
    <nd ref="165"/>
    <nd ref="166"/>
    <nd ref="167"/>
    <nd ref="168"/>
    <nd ref="169"/>
    <nd ref="170"/>
    <nd ref="171"/>
    <nd ref="172"/>
    <nd ref="173"/>
    <nd ref="174"/>
    <nd ref="175"/>
    <nd ref="176"/>
    <nd ref="177"/>
    <nd ref="178"/>
    <nd ref="179"/>
    <nd ref="180"/>
    <nd ref="181"/>
    <nd ref="182"/>
    <nd ref="183"/>
    <nd ref="184"/>
    <nd ref="185"/>
    <nd ref="186"/>
    <nd ref="187"/>
    <nd ref="188"/>
    <nd ref="189"/>
    <nd ref="190"/>
    <nd ref="191"/>
    <nd ref="192"/>
    <nd ref="193"/>
    <nd ref="194"/>
    <nd ref="195"/>
    <nd ref="196"/>
    <nd ref="197"/>
    <nd ref="198"/>
    <nd ref="199"/>
    <nd ref="200"/>
    <nd ref="134"/>
    <tag k="natural" v="water"/>
    <tag k="waterway" v="riverbank"/>
    <tag k="name" v="Rio Bystra"/>
  </way>
  <way id="4" version="1" timestamp="2026-09-01T12:00:00Z" changeset="1" uid="1" user="generator">
    <nd ref="201"/>
    <nd ref="202"/>
    <nd ref="203"/>
    <nd ref="204"/>
    <nd ref="205"/>
    <nd ref="206"/>
    <nd ref="207"/>
    <nd ref="208"/>
    <nd ref="209"/>
    <nd ref="210"/>
    <nd ref="211"/>
    <nd ref="212"/>
    <nd ref="213"/>
    <nd ref="214"/>
    <nd ref="215"/>
    <nd ref="216"/>
    <nd ref="217"/>
    <nd ref="218"/>
    <nd ref="219"/>
    <nd ref="220"/>
    <nd ref="221"/>
    <nd ref="222"/>
    <nd ref="223"/>
    <nd ref="224"/>
    <nd ref="225"/>
    <nd ref="226"/>
    <nd ref="227"/>
    <nd ref="201"/>
    <tag k="natural" v="water"/>
    <tag k="water" v="lake"/>
    <tag k="name" v="Lago Bystre"/>
    <tag k="area" v="yes"/>
  </way>
  <way id="5" version="1" timestamp="2026-09-01T12:00:00Z" changeset="1" uid="1" user="generator">
    <nd ref="228"/>
    <nd ref="229"/>
    <nd ref="230"/>
    <nd ref="231"/>
    <nd ref="232"/>
    <nd ref="233"/>
    <nd ref="234"/>
    <nd ref="235"/>
    <nd ref="228"/>
    <tag k="landuse" v="farmyard"/>
    <tag k="name" v="Village Verkhivka (9.8 ha)"/>
    <tag k="place" v="village"/>
  </way>
  <way id="6" version="1" timestamp="2026-09-01T12:00:00Z" changeset="1" uid="1" user="generator">
    <nd ref="236"/>
    <nd ref="237"/>
    <nd ref="238"/>
    <nd ref="239"/>
    <nd ref="240"/>
    <nd ref="241"/>
    <nd ref="242"/>
    <nd ref="243"/>
    <nd ref="236"/>
    <tag k="landuse" v="farmyard"/>
    <tag k="name" v="Village Bereh (18.9 ha)"/>
    <tag k="place" v="village"/>
  </way>
  <way id="7" version="1" timestamp="2026-09-01T12:00:00Z" changeset="1" uid="1" user="generator">
    <nd ref="244"/>
    <nd ref="245"/>
    <nd ref="246"/>
    <nd ref="247"/>
    <nd ref="248"/>
    <nd ref="249"/>
    <nd ref="250"/>
    <nd ref="251"/>
    <nd ref="244"/>
    <tag k="landuse" v="farmyard"/>
    <tag k="name" v="Village Nyzhne (8.5 ha)"/>
    <tag k="place" v="village"/>
  </way>
  <way id="8" version="1" timestamp="2026-09-01T12:00:00Z" changeset="1" uid="1" user="generator">
    <nd ref="252"/>
    <nd ref="253"/>
    <nd ref="254"/>
    <nd ref="255"/>
    <nd ref="256"/>
    <nd ref="257"/>
    <nd ref="258"/>
    <nd ref="259"/>
    <nd ref="252"/>
    <tag k="landuse" v="farmyard"/>
    <tag k="name" v="Granja Cooperativa (23.9 ha)"/>
  </way>
  <way id="9" version="1" timestamp="2026-09-01T12:00:00Z" changeset="1" uid="1" user="generator">
    <nd ref="260"/>
    <nd ref="261"/>
    <nd ref="262"/>
    <nd ref="263"/>
    <nd ref="264"/>
    <nd ref="265"/>
    <nd ref="266"/>
    <nd ref="267"/>
    <nd ref="260"/>
    <tag k="landuse" v="farmyard"/>
    <tag k="name" v="Granja Granos (20.9 ha)"/>
  </way>
  <way id="10" version="1" timestamp="2026-09-01T12:00:00Z" changeset="1" uid="1" user="generator">
    <nd ref="268"/>
    <nd ref="269"/>
    <nd ref="270"/>
    <nd ref="271"/>
    <nd ref="272"/>
    <nd ref="273"/>
    <nd ref="274"/>
    <nd ref="275"/>
    <nd ref="268"/>
    <tag k="landuse" v="farmyard"/>
    <tag k="name" v="Granja Vacas (17.9 ha)"/>
  </way>
  <way id="11" version="1" timestamp="2026-09-01T12:00:00Z" changeset="1" uid="1" user="generator">
    <nd ref="276"/>
    <nd ref="277"/>
    <nd ref="278"/>
    <nd ref="279"/>
    <nd ref="280"/>
    <nd ref="281"/>
    <nd ref="282"/>
    <nd ref="283"/>
    <nd ref="276"/>
    <tag k="landuse" v="farmyard"/>
    <tag k="name" v="Granja Cerdos (14.9 ha)"/>
  </way>
  <way id="12" version="1" timestamp="2026-09-01T12:00:00Z" changeset="1" uid="1" user="generator">
    <nd ref="284"/>
    <nd ref="285"/>
    <nd ref="286"/>
    <nd ref="287"/>
    <nd ref="288"/>
    <nd ref="289"/>
    <nd ref="290"/>
    <nd ref="291"/>
    <nd ref="284"/>
    <tag k="landuse" v="farmyard"/>
    <tag k="name" v="Granja Ovejas (13.4 ha)"/>
  </way>
  <way id="13" version="1" timestamp="2026-09-01T12:00:00Z" changeset="1" uid="1" user="generator">
    <nd ref="292"/>
    <nd ref="293"/>
    <nd ref="294"/>
    <nd ref="295"/>
    <nd ref="296"/>
    <nd ref="297"/>
    <nd ref="298"/>
    <nd ref="299"/>
    <nd ref="292"/>
    <tag k="landuse" v="farmyard"/>
    <tag k="name" v="Granja Invernaderos (11.9 ha)"/>
  </way>
  <way id="14" version="1" timestamp="2026-09-01T12:00:00Z" changeset="1" uid="1" user="generator">
    <nd ref="300"/>
    <nd ref="301"/>
    <nd ref="302"/>
    <nd ref="303"/>
    <nd ref="304"/>
    <nd ref="305"/>
    <nd ref="306"/>
    <nd ref="307"/>
    <nd ref="300"/>
    <tag k="landuse" v="farmyard"/>
    <tag k="name" v="Granja Pollos (10.4 ha)"/>
  </way>
  <way id="15" version="1" timestamp="2026-09-01T12:00:00Z" changeset="1" uid="1" user="generator">
    <nd ref="308"/>
    <nd ref="309"/>
    <nd ref="310"/>
    <nd ref="311"/>
    <nd ref="312"/>
    <nd ref="313"/>
    <nd ref="314"/>
    <nd ref="315"/>
    <nd ref="308"/>
    <tag k="landuse" v="farmyard"/>
    <tag k="name" v="Industry Pad 1 (4.3 ha)"/>
    <tag k="building" v="industrial"/>
  </way>
  <way id="16" version="1" timestamp="2026-09-01T12:00:00Z" changeset="1" uid="1" user="generator">
    <nd ref="316"/>
    <nd ref="317"/>
    <nd ref="318"/>
    <nd ref="319"/>
    <nd ref="320"/>
    <nd ref="321"/>
    <nd ref="322"/>
    <nd ref="323"/>
    <nd ref="316"/>
    <tag k="landuse" v="farmyard"/>
    <tag k="name" v="Industry Pad 2 (4.5 ha)"/>
    <tag k="building" v="industrial"/>
  </way>
  <way id="17" version="1" timestamp="2026-09-01T12:00:00Z" changeset="1" uid="1" user="generator">
    <nd ref="324"/>
    <nd ref="325"/>
    <nd ref="326"/>
    <nd ref="327"/>
    <nd ref="328"/>
    <nd ref="329"/>
    <nd ref="330"/>
    <nd ref="331"/>
    <nd ref="324"/>
    <tag k="landuse" v="farmyard"/>
    <tag k="name" v="Industry Pad 3 (4.7 ha)"/>
    <tag k="building" v="industrial"/>
  </way>
  <way id="18" version="1" timestamp="2026-09-01T12:00:00Z" changeset="1" uid="1" user="generator">
    <nd ref="332"/>
    <nd ref="333"/>
    <nd ref="334"/>
    <nd ref="335"/>
    <nd ref="336"/>
    <nd ref="337"/>
    <nd ref="338"/>
    <nd ref="339"/>
    <nd ref="332"/>
    <tag k="landuse" v="farmyard"/>
    <tag k="name" v="Industry Pad 4 (4.9 ha)"/>
    <tag k="building" v="industrial"/>
  </way>
  <way id="19" version="1" timestamp="2026-09-01T12:00:00Z" changeset="1" uid="1" user="generator">
    <nd ref="340"/>
    <nd ref="341"/>
    <nd ref="342"/>
    <nd ref="343"/>
    <nd ref="344"/>
    <nd ref="345"/>
    <nd ref="346"/>
    <nd ref="347"/>
    <nd ref="340"/>
    <tag k="landuse" v="farmyard"/>
    <tag k="name" v="Industry Pad 5 (4.3 ha)"/>
    <tag k="building" v="industrial"/>
  </way>
  <way id="20" version="1" timestamp="2026-09-01T12:00:00Z" changeset="1" uid="1" user="generator">
    <nd ref="348"/>
    <nd ref="349"/>
    <nd ref="350"/>
    <nd ref="351"/>
    <nd ref="352"/>
    <nd ref="353"/>
    <nd ref="354"/>
    <nd ref="355"/>
    <nd ref="348"/>
    <tag k="landuse" v="farmyard"/>
    <tag k="name" v="Industry Pad 6 (4.5 ha)"/>
    <tag k="building" v="industrial"/>
  </way>
  <way id="21" version="1" timestamp="2026-09-01T12:00:00Z" changeset="1" uid="1" user="generator">
    <nd ref="356"/>
    <nd ref="357"/>
    <nd ref="358"/>
    <nd ref="359"/>
    <nd ref="360"/>
    <nd ref="361"/>
    <nd ref="362"/>
    <nd ref="363"/>
    <nd ref="356"/>
    <tag k="landuse" v="farmyard"/>
    <tag k="name" v="Industry Pad 7 (4.7 ha)"/>
    <tag k="building" v="industrial"/>
  </way>
  <way id="22" version="1" timestamp="2026-09-01T12:00:00Z" changeset="1" uid="1" user="generator">
    <nd ref="364"/>
    <nd ref="365"/>
    <nd ref="366"/>
    <nd ref="367"/>
    <nd ref="368"/>
    <nd ref="369"/>
    <nd ref="370"/>
    <nd ref="371"/>
    <nd ref="364"/>
    <tag k="landuse" v="farmyard"/>
    <tag k="name" v="Industry Pad 8 (4.9 ha)"/>
    <tag k="building" v="industrial"/>
  </way>
  <way id="23" version="1" timestamp="2026-09-01T12:00:00Z" changeset="1" uid="1" user="generator">
    <nd ref="372"/>
    <nd ref="373"/>
    <nd ref="374"/>
    <nd ref="375"/>
    <nd ref="376"/>
    <nd ref="377"/>
    <nd ref="378"/>
    <nd ref="379"/>
    <nd ref="372"/>
    <tag k="landuse" v="farmyard"/>
    <tag k="name" v="Industry Pad 9 (4.3 ha)"/>
    <tag k="building" v="industrial"/>
  </way>
  <way id="24" version="1" timestamp="2026-09-01T12:00:00Z" changeset="1" uid="1" user="generator">
    <nd ref="380"/>
    <nd ref="381"/>
    <nd ref="382"/>
    <nd ref="383"/>
    <nd ref="384"/>
    <nd ref="385"/>
    <nd ref="386"/>
    <nd ref="387"/>
    <nd ref="380"/>
    <tag k="landuse" v="farmyard"/>
    <tag k="name" v="Industry Pad 10 (4.5 ha)"/>
    <tag k="building" v="industrial"/>
  </way>
  <way id="25" version="1" timestamp="2026-09-01T12:00:00Z" changeset="1" uid="1" user="generator">
    <nd ref="388"/>
    <nd ref="389"/>
    <nd ref="390"/>
    <nd ref="391"/>
    <nd ref="392"/>
    <nd ref="393"/>
    <nd ref="394"/>
    <nd ref="395"/>
    <nd ref="388"/>
    <tag k="landuse" v="farmyard"/>
    <tag k="name" v="Industry Pad 11 (4.7 ha)"/>
    <tag k="building" v="industrial"/>
  </way>
  <way id="26" version="1" timestamp="2026-09-01T12:00:00Z" changeset="1" uid="1" user="generator">
    <nd ref="396"/>
    <nd ref="397"/>
    <nd ref="398"/>
    <nd ref="399"/>
    <nd ref="400"/>
    <nd ref="401"/>
    <nd ref="402"/>
    <nd ref="403"/>
    <nd ref="396"/>
    <tag k="landuse" v="farmyard"/>
    <tag k="name" v="Industry Pad 12 (4.9 ha)"/>
    <tag k="building" v="industrial"/>
  </way>
  <way id="27" version="1" timestamp="2026-09-01T12:00:00Z" changeset="1" uid="1" user="generator">
    <nd ref="404"/>
    <nd ref="405"/>
    <nd ref="406"/>
    <nd ref="407"/>
    <nd ref="408"/>
    <nd ref="409"/>
    <nd ref="410"/>
    <nd ref="411"/>
    <nd ref="404"/>
    <tag k="landuse" v="farmyard"/>
    <tag k="name" v="Industry Pad 13 (4.3 ha)"/>
    <tag k="building" v="industrial"/>
  </way>
  <way id="28" version="1" timestamp="2026-09-01T12:00:00Z" changeset="1" uid="1" user="generator">
    <nd ref="412"/>
    <nd ref="413"/>
    <nd ref="414"/>
    <nd ref="415"/>
    <nd ref="416"/>
    <nd ref="417"/>
    <nd ref="418"/>
    <nd ref="419"/>
    <nd ref="412"/>
    <tag k="landuse" v="farmyard"/>
    <tag k="name" v="Industry Pad 14 (4.5 ha)"/>
    <tag k="building" v="industrial"/>
  </way>
  <way id="29" version="1" timestamp="2026-09-01T12:00:00Z" changeset="1" uid="1" user="generator">
    <nd ref="420"/>
    <nd ref="421"/>
    <nd ref="422"/>
    <nd ref="423"/>
    <nd ref="424"/>
    <nd ref="425"/>
    <nd ref="426"/>
    <nd ref="427"/>
    <nd ref="420"/>
    <tag k="landuse" v="farmyard"/>
    <tag k="name" v="Industry Pad 15 (4.7 ha)"/>
    <tag k="building" v="industrial"/>
  </way>
  <way id="30" version="1" timestamp="2026-09-01T12:00:00Z" changeset="1" uid="1" user="generator">
    <nd ref="428"/>
    <nd ref="429"/>
    <nd ref="430"/>
    <nd ref="431"/>
    <nd ref="432"/>
    <nd ref="433"/>
    <nd ref="434"/>
    <nd ref="435"/>
    <nd ref="428"/>
    <tag k="landuse" v="farmyard"/>
    <tag k="name" v="Industry Pad 16 (4.9 ha)"/>
    <tag k="building" v="industrial"/>
  </way>
  <way id="31" version="1" timestamp="2026-09-01T12:00:00Z" changeset="1" uid="1" user="generator">
    <nd ref="436"/>
    <nd ref="437"/>
    <nd ref="438"/>
    <nd ref="439"/>
    <nd ref="440"/>
    <nd ref="441"/>
    <nd ref="442"/>
    <nd ref="443"/>
    <nd ref="436"/>
    <tag k="landuse" v="farmyard"/>
    <tag k="name" v="Industry Pad 17 (4.3 ha)"/>
    <tag k="building" v="industrial"/>
  </way>
  <way id="32" version="1" timestamp="2026-09-01T12:00:00Z" changeset="1" uid="1" user="generator">
    <nd ref="444"/>
    <nd ref="445"/>
    <nd ref="446"/>
    <nd ref="447"/>
    <nd ref="448"/>
    <nd ref="449"/>
    <nd ref="450"/>
    <nd ref="451"/>
    <nd ref="444"/>
    <tag k="landuse" v="farmyard"/>
    <tag k="name" v="Industry Pad 18 (4.5 ha)"/>
    <tag k="building" v="industrial"/>
  </way>
  <way id="33" version="1" timestamp="2026-09-01T12:00:00Z" changeset="1" uid="1" user="generator">
    <nd ref="452"/>
    <nd ref="453"/>
    <nd ref="454"/>
    <nd ref="455"/>
    <nd ref="456"/>
    <nd ref="457"/>
    <nd ref="458"/>
    <nd ref="459"/>
    <nd ref="452"/>
    <tag k="landuse" v="farmyard"/>
    <tag k="name" v="Industry Pad 19 (4.7 ha)"/>
    <tag k="building" v="industrial"/>
  </way>
  <way id="34" version="1" timestamp="2026-09-01T12:00:00Z" changeset="1" uid="1" user="generator">
    <nd ref="460"/>
    <nd ref="461"/>
    <nd ref="462"/>
    <nd ref="463"/>
    <nd ref="464"/>
    <nd ref="465"/>
    <nd ref="466"/>
    <nd ref="467"/>
    <nd ref="460"/>
    <tag k="landuse" v="farmyard"/>
    <tag k="name" v="Industry Pad 20 (4.9 ha)"/>
    <tag k="building" v="industrial"/>
  </way>
  <way id="35" version="1" timestamp="2026-09-01T12:00:00Z" changeset="1" uid="1" user="generator">
    <nd ref="468"/>
    <nd ref="469"/>
    <nd ref="470"/>
    <nd ref="471"/>
    <nd ref="472"/>
    <nd ref="473"/>
    <nd ref="474"/>
    <nd ref="575"/>
    <nd ref="475"/>
    <nd ref="476"/>
    <nd ref="477"/>
    <nd ref="478"/>
    <nd ref="479"/>
    <nd ref="480"/>
    <nd ref="481"/>
    <nd ref="627"/>
    <nd ref="482"/>
    <nd ref="2027"/>
    <nd ref="483"/>
    <nd ref="2028"/>
    <nd ref="484"/>
    <nd ref="2029"/>
    <nd ref="485"/>
    <nd ref="486"/>
    <nd ref="487"/>
    <nd ref="488"/>
    <nd ref="489"/>
    <nd ref="490"/>
    <nd ref="491"/>
    <nd ref="492"/>
    <nd ref="621"/>
    <nd ref="493"/>
    <nd ref="494"/>
    <nd ref="495"/>
    <nd ref="496"/>
    <nd ref="497"/>
    <nd ref="586"/>
    <nd ref="498"/>
    <nd ref="2030"/>
    <nd ref="499"/>
    <nd ref="2031"/>
    <nd ref="500"/>
    <nd ref="501"/>
    <nd ref="502"/>
    <nd ref="631"/>
    <nd ref="503"/>
    <nd ref="504"/>
    <nd ref="505"/>
    <nd ref="506"/>
    <nd ref="507"/>
    <nd ref="508"/>
    <nd ref="509"/>
    <nd ref="510"/>
    <nd ref="511"/>
    <nd ref="581"/>
    <nd ref="512"/>
    <nd ref="2032"/>
    <nd ref="2033"/>
    <nd ref="513"/>
    <nd ref="2034"/>
    <nd ref="514"/>
    <nd ref="515"/>
    <nd ref="516"/>
    <nd ref="517"/>
    <nd ref="518"/>
    <nd ref="519"/>
    <tag k="highway" v="primary"/>
    <tag k="name" v="Main Road"/>
  </way>
  <way id="36" version="1" timestamp="2026-09-01T12:00:00Z" changeset="1" uid="1" user="generator">
    <nd ref="519"/>
    <nd ref="520"/>
    <tag k="highway" v="primary"/>
    <tag k="name" v="Main Road"/>
    <tag k="bridge" v="yes"/>
    <tag k="layer" v="1"/>
  </way>
  <way id="37" version="1" timestamp="2026-09-01T12:00:00Z" changeset="1" uid="1" user="generator">
    <nd ref="520"/>
    <nd ref="578"/>
    <nd ref="521"/>
    <nd ref="522"/>
    <nd ref="523"/>
    <nd ref="524"/>
    <nd ref="525"/>
    <nd ref="526"/>
    <nd ref="527"/>
    <tag k="highway" v="primary"/>
    <tag k="name" v="Main Road"/>
  </way>
  <way id="38" version="1" timestamp="2026-09-01T12:00:00Z" changeset="1" uid="1" user="generator">
    <nd ref="528"/>
    <nd ref="529"/>
    <nd ref="530"/>
    <nd ref="531"/>
    <nd ref="532"/>
    <nd ref="533"/>
    <nd ref="2035"/>
    <nd ref="499"/>
    <nd ref="2036"/>
    <nd ref="534"/>
    <nd ref="535"/>
    <nd ref="536"/>
    <nd ref="537"/>
    <nd ref="538"/>
    <nd ref="539"/>
    <tag k="railway" v="rail"/>
    <tag k="usage" v="main"/>
    <tag k="gauge" v="1520"/>
    <tag k="name" v="Railway"/>
  </way>
  <way id="39" version="1" timestamp="2026-09-01T12:00:00Z" changeset="1" uid="1" user="generator">
    <nd ref="539"/>
    <nd ref="540"/>
    <tag k="railway" v="rail"/>
    <tag k="usage" v="main"/>
    <tag k="gauge" v="1520"/>
    <tag k="name" v="Railway"/>
    <tag k="bridge" v="yes"/>
    <tag k="layer" v="1"/>
  </way>
  <way id="40" version="1" timestamp="2026-09-01T12:00:00Z" changeset="1" uid="1" user="generator">
    <nd ref="540"/>
    <nd ref="541"/>
    <nd ref="542"/>
    <nd ref="543"/>
    <nd ref="544"/>
    <tag k="railway" v="rail"/>
    <tag k="usage" v="main"/>
    <tag k="gauge" v="1520"/>
    <tag k="name" v="Railway"/>
  </way>
  <way id="41" version="1" timestamp="2026-09-01T12:00:00Z" changeset="1" uid="1" user="generator">
    <nd ref="545"/>
    <nd ref="2037"/>
    <nd ref="2038"/>
    <nd ref="2039"/>
    <nd ref="546"/>
    <tag k="highway" v="tertiary"/>
    <tag k="name" v="Village Lane"/>
  </way>
  <way id="42" version="1" timestamp="2026-09-01T12:00:00Z" changeset="1" uid="1" user="generator">
    <nd ref="547"/>
    <nd ref="2040"/>
    <nd ref="2041"/>
    <nd ref="2042"/>
    <nd ref="548"/>
    <tag k="highway" v="tertiary"/>
    <tag k="name" v="Village Lane"/>
  </way>
  <way id="43" version="1" timestamp="2026-09-01T12:00:00Z" changeset="1" uid="1" user="generator">
    <nd ref="549"/>
    <nd ref="2037"/>
    <nd ref="2027"/>
    <nd ref="2040"/>
    <nd ref="550"/>
    <tag k="highway" v="secondary"/>
    <tag k="name" v="Village Street"/>
  </way>
  <way id="44" version="1" timestamp="2026-09-01T12:00:00Z" changeset="1" uid="1" user="generator">
    <nd ref="551"/>
    <nd ref="2038"/>
    <nd ref="2028"/>
    <nd ref="2041"/>
    <nd ref="552"/>
    <tag k="highway" v="secondary"/>
    <tag k="name" v="Village Street"/>
  </way>
  <way id="45" version="1" timestamp="2026-09-01T12:00:00Z" changeset="1" uid="1" user="generator">
    <nd ref="553"/>
    <nd ref="2039"/>
    <nd ref="2029"/>
    <nd ref="2042"/>
    <nd ref="554"/>
    <tag k="highway" v="secondary"/>
    <tag k="name" v="Village Street"/>
  </way>
  <way id="46" version="1" timestamp="2026-09-01T12:00:00Z" changeset="1" uid="1" user="generator">
    <nd ref="555"/>
    <nd ref="2043"/>
    <nd ref="2035"/>
    <nd ref="2044"/>
    <nd ref="2045"/>
    <nd ref="556"/>
    <tag k="highway" v="tertiary"/>
    <tag k="name" v="Village Lane"/>
  </way>
  <way id="47" version="1" timestamp="2026-09-01T12:00:00Z" changeset="1" uid="1" user="generator">
    <nd ref="557"/>
    <nd ref="2046"/>
    <nd ref="2047"/>
    <nd ref="2036"/>
    <nd ref="2048"/>
    <nd ref="558"/>
    <tag k="highway" v="tertiary"/>
    <tag k="name" v="Village Lane"/>
  </way>
  <way id="48" version="1" timestamp="2026-09-01T12:00:00Z" changeset="1" uid="1" user="generator">
    <nd ref="559"/>
    <nd ref="2043"/>
    <nd ref="2030"/>
    <nd ref="2046"/>
    <nd ref="560"/>
    <tag k="highway" v="secondary"/>
    <tag k="name" v="Village Street"/>
  </way>
  <way id="49" version="1" timestamp="2026-09-01T12:00:00Z" changeset="1" uid="1" user="generator">
    <nd ref="561"/>
    <nd ref="2044"/>
    <nd ref="2047"/>
    <nd ref="562"/>
    <tag k="highway" v="secondary"/>
    <tag k="name" v="Village Street"/>
  </way>
  <way id="50" version="1" timestamp="2026-09-01T12:00:00Z" changeset="1" uid="1" user="generator">
    <nd ref="563"/>
    <nd ref="2045"/>
    <nd ref="2031"/>
    <nd ref="2048"/>
    <nd ref="564"/>
    <tag k="highway" v="secondary"/>
    <tag k="name" v="Village Street"/>
  </way>
  <way id="51" version="1" timestamp="2026-09-01T12:00:00Z" changeset="1" uid="1" user="generator">
    <nd ref="565"/>
    <nd ref="2049"/>
    <nd ref="2050"/>
    <nd ref="2051"/>
    <nd ref="566"/>
    <tag k="highway" v="tertiary"/>
    <tag k="name" v="Village Lane"/>
  </way>
  <way id="52" version="1" timestamp="2026-09-01T12:00:00Z" changeset="1" uid="1" user="generator">
    <nd ref="567"/>
    <nd ref="2052"/>
    <nd ref="2053"/>
    <nd ref="2054"/>
    <nd ref="568"/>
    <tag k="highway" v="tertiary"/>
    <tag k="name" v="Village Lane"/>
  </way>
  <way id="53" version="1" timestamp="2026-09-01T12:00:00Z" changeset="1" uid="1" user="generator">
    <nd ref="569"/>
    <nd ref="2049"/>
    <nd ref="2032"/>
    <nd ref="2052"/>
    <nd ref="570"/>
    <tag k="highway" v="secondary"/>
    <tag k="name" v="Village Street"/>
  </way>
  <way id="54" version="1" timestamp="2026-09-01T12:00:00Z" changeset="1" uid="1" user="generator">
    <nd ref="571"/>
    <nd ref="2050"/>
    <nd ref="2033"/>
    <nd ref="2053"/>
    <nd ref="572"/>
    <tag k="highway" v="secondary"/>
    <tag k="name" v="Village Street"/>
  </way>
  <way id="55" version="1" timestamp="2026-09-01T12:00:00Z" changeset="1" uid="1" user="generator">
    <nd ref="573"/>
    <nd ref="2051"/>
    <nd ref="2034"/>
    <nd ref="2054"/>
    <nd ref="574"/>
    <tag k="highway" v="secondary"/>
    <tag k="name" v="Village Street"/>
  </way>
  <way id="56" version="1" timestamp="2026-09-01T12:00:00Z" changeset="1" uid="1" user="generator">
    <nd ref="575"/>
    <nd ref="576"/>
    <nd ref="577"/>
    <tag k="highway" v="secondary"/>
    <tag k="name" v="Industry Pad 9 Access"/>
  </way>
  <way id="57" version="1" timestamp="2026-09-01T12:00:00Z" changeset="1" uid="1" user="generator">
    <nd ref="578"/>
    <nd ref="579"/>
    <nd ref="580"/>
    <tag k="highway" v="secondary"/>
    <tag k="name" v="Industry Pad 15 Access"/>
  </way>
  <way id="58" version="1" timestamp="2026-09-01T12:00:00Z" changeset="1" uid="1" user="generator">
    <nd ref="581"/>
    <nd ref="582"/>
    <nd ref="583"/>
    <nd ref="584"/>
    <nd ref="585"/>
    <tag k="highway" v="secondary"/>
    <tag k="name" v="Granja Vacas Road"/>
  </way>
  <way id="59" version="1" timestamp="2026-09-01T12:00:00Z" changeset="1" uid="1" user="generator">
    <nd ref="586"/>
    <nd ref="587"/>
    <nd ref="588"/>
    <tag k="highway" v="secondary"/>
    <tag k="name" v="Industry Pad 1 Access"/>
  </way>
  <way id="60" version="1" timestamp="2026-09-01T12:00:00Z" changeset="1" uid="1" user="generator">
    <nd ref="587"/>
    <nd ref="589"/>
    <nd ref="590"/>
    <nd ref="592"/>
    <nd ref="591"/>
    <tag k="highway" v="secondary"/>
    <tag k="name" v="Industry Pad 5 Access"/>
  </way>
  <way id="61" version="1" timestamp="2026-09-01T12:00:00Z" changeset="1" uid="1" user="generator">
    <nd ref="592"/>
    <nd ref="593"/>
    <nd ref="594"/>
    <nd ref="595"/>
    <tag k="highway" v="secondary"/>
    <tag k="name" v="Industry Pad 6 Access"/>
  </way>
  <way id="62" version="1" timestamp="2026-09-01T12:00:00Z" changeset="1" uid="1" user="generator">
    <nd ref="594"/>
    <nd ref="596"/>
    <nd ref="598"/>
    <nd ref="597"/>
    <tag k="highway" v="secondary"/>
    <tag k="name" v="Industry Pad 2 Access"/>
  </way>
  <way id="63" version="1" timestamp="2026-09-01T12:00:00Z" changeset="1" uid="1" user="generator">
    <nd ref="598"/>
    <nd ref="599"/>
    <nd ref="602"/>
    <nd ref="600"/>
    <nd ref="601"/>
    <tag k="highway" v="secondary"/>
    <tag k="name" v="Granja Granos Road"/>
  </way>
  <way id="64" version="1" timestamp="2026-09-01T12:00:00Z" changeset="1" uid="1" user="generator">
    <nd ref="602"/>
    <nd ref="603"/>
    <nd ref="604"/>
    <tag k="highway" v="secondary"/>
    <tag k="name" v="Industry Pad 3 Access"/>
  </way>
  <way id="65" version="1" timestamp="2026-09-01T12:00:00Z" changeset="1" uid="1" user="generator">
    <nd ref="603"/>
    <nd ref="605"/>
    <nd ref="606"/>
    <nd ref="607"/>
    <nd ref="609"/>
    <nd ref="608"/>
    <tag k="highway" v="secondary"/>
    <tag k="name" v="Industry Pad 7 Access"/>
  </way>
  <way id="66" version="1" timestamp="2026-09-01T12:00:00Z" changeset="1" uid="1" user="generator">
    <nd ref="609"/>
    <nd ref="610"/>
    <nd ref="612"/>
    <nd ref="611"/>
    <tag k="highway" v="secondary"/>
    <tag k="name" v="Industry Pad 4 Access"/>
  </way>
  <way id="67" version="1" timestamp="2026-09-01T12:00:00Z" changeset="1" uid="1" user="generator">
    <nd ref="612"/>
    <nd ref="613"/>
    <nd ref="614"/>
    <nd ref="616"/>
    <nd ref="615"/>
    <tag k="highway" v="secondary"/>
    <tag k="name" v="Industry Pad 8 Access"/>
  </way>
  <way id="68" version="1" timestamp="2026-09-01T12:00:00Z" changeset="1" uid="1" user="generator">
    <nd ref="616"/>
    <nd ref="617"/>
    <nd ref="618"/>
    <nd ref="672"/>
    <nd ref="619"/>
    <nd ref="620"/>
    <tag k="highway" v="secondary"/>
    <tag k="name" v="Industry Pad 12 Access"/>
  </way>
  <way id="69" version="1" timestamp="2026-09-01T12:00:00Z" changeset="1" uid="1" user="generator">
    <nd ref="621"/>
    <nd ref="622"/>
    <nd ref="623"/>
    <tag k="highway" v="secondary"/>
    <tag k="name" v="Industry Pad 14 Access"/>
  </way>
  <way id="70" version="1" timestamp="2026-09-01T12:00:00Z" changeset="1" uid="1" user="generator">
    <nd ref="622"/>
    <nd ref="624"/>
    <nd ref="625"/>
    <nd ref="626"/>
    <tag k="highway" v="secondary"/>
    <tag k="name" v="Industry Pad 19 Access"/>
  </way>
  <way id="71" version="1" timestamp="2026-09-01T12:00:00Z" changeset="1" uid="1" user="generator">
    <nd ref="627"/>
    <nd ref="628"/>
    <nd ref="629"/>
    <nd ref="630"/>
    <tag k="highway" v="secondary"/>
    <tag k="name" v="Granja Invernaderos Road"/>
  </way>
  <way id="72" version="1" timestamp="2026-09-01T12:00:00Z" changeset="1" uid="1" user="generator">
    <nd ref="631"/>
    <nd ref="632"/>
    <nd ref="633"/>
    <tag k="highway" v="secondary"/>
    <tag k="name" v="Industry Pad 13 Access"/>
  </way>
  <way id="73" version="1" timestamp="2026-09-01T12:00:00Z" changeset="1" uid="1" user="generator">
    <nd ref="579"/>
    <nd ref="634"/>
    <nd ref="635"/>
    <nd ref="636"/>
    <nd ref="637"/>
    <nd ref="638"/>
    <tag k="highway" v="secondary"/>
    <tag k="name" v="Granja Pollos Road"/>
  </way>
  <way id="74" version="1" timestamp="2026-09-01T12:00:00Z" changeset="1" uid="1" user="generator">
    <nd ref="625"/>
    <nd ref="639"/>
    <nd ref="645"/>
    <nd ref="640"/>
    <nd ref="641"/>
    <tag k="highway" v="secondary"/>
    <tag k="name" v="Granja Cooperativa Road"/>
  </way>
  <way id="75" version="1" timestamp="2026-09-01T12:00:00Z" changeset="1" uid="1" user="generator">
    <nd ref="584"/>
    <nd ref="642"/>
    <nd ref="643"/>
    <nd ref="658"/>
    <nd ref="644"/>
    <tag k="highway" v="secondary"/>
    <tag k="name" v="Industry Pad 11 Access"/>
  </way>
  <way id="76" version="1" timestamp="2026-09-01T12:00:00Z" changeset="1" uid="1" user="generator">
    <nd ref="645"/>
    <nd ref="646"/>
    <nd ref="647"/>
    <tag k="highway" v="secondary"/>
    <tag k="name" v="Industry Pad 10 Access"/>
  </way>
  <way id="77" version="1" timestamp="2026-09-01T12:00:00Z" changeset="1" uid="1" user="generator">
    <nd ref="637"/>
    <nd ref="648"/>
    <nd ref="649"/>
    <nd ref="650"/>
    <nd ref="651"/>
    <nd ref="652"/>
    <tag k="highway" v="secondary"/>
    <tag k="name" v="Industry Pad 20 Access"/>
  </way>
  <way id="78" version="1" timestamp="2026-09-01T12:00:00Z" changeset="1" uid="1" user="generator">
    <nd ref="651"/>
    <nd ref="653"/>
    <nd ref="654"/>
    <nd ref="655"/>
    <nd ref="656"/>
    <nd ref="657"/>
    <tag k="highway" v="secondary"/>
    <tag k="name" v="Granja Ovejas Road"/>
  </way>
  <way id="79" version="1" timestamp="2026-09-01T12:00:00Z" changeset="1" uid="1" user="generator">
    <nd ref="658"/>
    <nd ref="659"/>
    <nd ref="660"/>
    <nd ref="661"/>
    <tag k="highway" v="secondary"/>
    <tag k="name" v="Granja Cerdos Road"/>
  </way>
  <way id="80" version="1" timestamp="2026-09-01T12:00:00Z" changeset="1" uid="1" user="generator">
    <nd ref="660"/>
    <nd ref="662"/>
    <nd ref="663"/>
    <nd ref="664"/>
    <nd ref="665"/>
    <nd ref="666"/>
    <nd ref="667"/>
    <tag k="highway" v="secondary"/>
    <tag k="name" v="Industry Pad 17 Access"/>
  </way>
  <way id="81" version="1" timestamp="2026-09-01T12:00:00Z" changeset="1" uid="1" user="generator">
    <nd ref="656"/>
    <nd ref="668"/>
    <nd ref="669"/>
    <nd ref="670"/>
    <nd ref="671"/>
    <tag k="highway" v="secondary"/>
    <tag k="name" v="Industry Pad 16 Access"/>
  </way>
  <way id="82" version="1" timestamp="2026-09-01T12:00:00Z" changeset="1" uid="1" user="generator">
    <nd ref="672"/>
    <nd ref="673"/>
    <nd ref="674"/>
    <tag k="highway" v="secondary"/>
    <tag k="name" v="Industry Pad 18 Access"/>
  </way>
  <way id="83" version="1" timestamp="2026-09-01T12:00:00Z" changeset="1" uid="1" user="generator">
    <nd ref="675"/>
    <nd ref="676"/>
    <nd ref="677"/>
    <nd ref="678"/>
    <nd ref="675"/>
    <tag k="landuse" v="farmland"/>
    <tag k="name" v="Field 1 (27.6 ha)"/>
  </way>
  <way id="84" version="1" timestamp="2026-09-01T12:00:00Z" changeset="1" uid="1" user="generator">
    <nd ref="679"/>
    <nd ref="680"/>
    <nd ref="681"/>
    <nd ref="682"/>
    <nd ref="683"/>
    <nd ref="679"/>
    <tag k="landuse" v="farmland"/>
    <tag k="name" v="Field 2 (8.8 ha)"/>
  </way>
  <way id="85" version="1" timestamp="2026-09-01T12:00:00Z" changeset="1" uid="1" user="generator">
    <nd ref="684"/>
    <nd ref="685"/>
    <nd ref="686"/>
    <nd ref="687"/>
    <nd ref="688"/>
    <nd ref="684"/>
    <tag k="landuse" v="farmland"/>
    <tag k="name" v="Field 3 (45.6 ha)"/>
  </way>
  <way id="86" version="1" timestamp="2026-09-01T12:00:00Z" changeset="1" uid="1" user="generator">
    <nd ref="689"/>
    <nd ref="690"/>
    <nd ref="691"/>
    <nd ref="692"/>
    <nd ref="689"/>
    <tag k="landuse" v="farmland"/>
    <tag k="name" v="Field 4 (91.2 ha)"/>
  </way>
  <way id="87" version="1" timestamp="2026-09-01T12:00:00Z" changeset="1" uid="1" user="generator">
    <nd ref="693"/>
    <nd ref="694"/>
    <nd ref="695"/>
    <nd ref="696"/>
    <nd ref="693"/>
    <tag k="landuse" v="farmland"/>
    <tag k="name" v="Field 5 (100.3 ha)"/>
  </way>
  <way id="88" version="1" timestamp="2026-09-01T12:00:00Z" changeset="1" uid="1" user="generator">
    <nd ref="697"/>
    <nd ref="698"/>
    <nd ref="699"/>
    <nd ref="700"/>
    <nd ref="697"/>
    <tag k="landuse" v="farmland"/>
    <tag k="name" v="Field 6 (28.0 ha)"/>
  </way>
  <way id="89" version="1" timestamp="2026-09-01T12:00:00Z" changeset="1" uid="1" user="generator">
    <nd ref="701"/>
    <nd ref="702"/>
    <nd ref="703"/>
    <nd ref="704"/>
    <nd ref="701"/>
    <tag k="landuse" v="farmland"/>
    <tag k="name" v="Field 7 (90.0 ha)"/>
  </way>
  <way id="90" version="1" timestamp="2026-09-01T12:00:00Z" changeset="1" uid="1" user="generator">
    <nd ref="705"/>
    <nd ref="706"/>
    <nd ref="707"/>
    <nd ref="708"/>
    <nd ref="709"/>
    <nd ref="710"/>
    <nd ref="711"/>
    <nd ref="705"/>
    <tag k="landuse" v="farmland"/>
    <tag k="name" v="Field 8 (43.1 ha)"/>
  </way>
  <way id="91" version="1" timestamp="2026-09-01T12:00:00Z" changeset="1" uid="1" user="generator">
    <nd ref="712"/>
    <nd ref="713"/>
    <nd ref="714"/>
    <nd ref="715"/>
    <nd ref="716"/>
    <nd ref="717"/>
    <nd ref="718"/>
    <nd ref="719"/>
    <nd ref="720"/>
    <nd ref="721"/>
    <nd ref="712"/>
    <tag k="landuse" v="farmland"/>
    <tag k="name" v="Field 9 (17.5 ha)"/>
  </way>
  <way id="92" version="1" timestamp="2026-09-01T12:00:00Z" changeset="1" uid="1" user="generator">
    <nd ref="722"/>
    <nd ref="723"/>
    <nd ref="724"/>
    <nd ref="725"/>
    <nd ref="722"/>
    <tag k="landuse" v="farmland"/>
    <tag k="name" v="Field 10 (52.5 ha)"/>
  </way>
  <way id="93" version="1" timestamp="2026-09-01T12:00:00Z" changeset="1" uid="1" user="generator">
    <nd ref="726"/>
    <nd ref="727"/>
    <nd ref="728"/>
    <nd ref="729"/>
    <nd ref="730"/>
    <nd ref="731"/>
    <nd ref="732"/>
    <nd ref="733"/>
    <nd ref="726"/>
    <tag k="landuse" v="farmland"/>
    <tag k="name" v="Field 11 (38.9 ha)"/>
  </way>
  <way id="94" version="1" timestamp="2026-09-01T12:00:00Z" changeset="1" uid="1" user="generator">
    <nd ref="734"/>
    <nd ref="735"/>
    <nd ref="736"/>
    <nd ref="737"/>
    <nd ref="738"/>
    <nd ref="739"/>
    <nd ref="740"/>
    <nd ref="741"/>
    <nd ref="742"/>
    <nd ref="734"/>
    <tag k="landuse" v="farmland"/>
    <tag k="name" v="Field 12 (10.9 ha)"/>
  </way>
  <way id="95" version="1" timestamp="2026-09-01T12:00:00Z" changeset="1" uid="1" user="generator">
    <nd ref="743"/>
    <nd ref="744"/>
    <nd ref="745"/>
    <nd ref="746"/>
    <nd ref="747"/>
    <nd ref="743"/>
    <tag k="landuse" v="farmland"/>
    <tag k="name" v="Field 13 (28.7 ha)"/>
  </way>
  <way id="96" version="1" timestamp="2026-09-01T12:00:00Z" changeset="1" uid="1" user="generator">
    <nd ref="748"/>
    <nd ref="749"/>
    <nd ref="750"/>
    <nd ref="751"/>
    <nd ref="752"/>
    <nd ref="753"/>
    <nd ref="748"/>
    <tag k="landuse" v="farmland"/>
    <tag k="name" v="Field 14 (11.6 ha)"/>
  </way>
  <way id="97" version="1" timestamp="2026-09-01T12:00:00Z" changeset="1" uid="1" user="generator">
    <nd ref="754"/>
    <nd ref="755"/>
    <nd ref="756"/>
    <nd ref="757"/>
    <nd ref="754"/>
    <tag k="landuse" v="farmland"/>
    <tag k="name" v="Field 15 (13.4 ha)"/>
  </way>
  <way id="98" version="1" timestamp="2026-09-01T12:00:00Z" changeset="1" uid="1" user="generator">
    <nd ref="758"/>
    <nd ref="759"/>
    <nd ref="760"/>
    <nd ref="761"/>
    <nd ref="758"/>
    <tag k="landuse" v="farmland"/>
    <tag k="name" v="Field 16 (11.4 ha)"/>
  </way>
  <way id="99" version="1" timestamp="2026-09-01T12:00:00Z" changeset="1" uid="1" user="generator">
    <nd ref="762"/>
    <nd ref="763"/>
    <nd ref="764"/>
    <nd ref="765"/>
    <nd ref="762"/>
    <tag k="landuse" v="farmland"/>
    <tag k="name" v="Field 17 (102.0 ha)"/>
  </way>
  <way id="100" version="1" timestamp="2026-09-01T12:00:00Z" changeset="1" uid="1" user="generator">
    <nd ref="766"/>
    <nd ref="767"/>
    <nd ref="768"/>
    <nd ref="769"/>
    <nd ref="770"/>
    <nd ref="766"/>
    <tag k="landuse" v="farmland"/>
    <tag k="name" v="Field 18 (49.0 ha)"/>
  </way>
  <way id="101" version="1" timestamp="2026-09-01T12:00:00Z" changeset="1" uid="1" user="generator">
    <nd ref="771"/>
    <nd ref="772"/>
    <nd ref="773"/>
    <nd ref="774"/>
    <nd ref="775"/>
    <nd ref="776"/>
    <nd ref="777"/>
    <nd ref="771"/>
    <tag k="landuse" v="farmland"/>
    <tag k="name" v="Field 19 (36.7 ha)"/>
  </way>
  <way id="102" version="1" timestamp="2026-09-01T12:00:00Z" changeset="1" uid="1" user="generator">
    <nd ref="778"/>
    <nd ref="779"/>
    <nd ref="780"/>
    <nd ref="781"/>
    <nd ref="782"/>
    <nd ref="783"/>
    <nd ref="784"/>
    <nd ref="778"/>
    <tag k="landuse" v="farmland"/>
    <tag k="name" v="Field 20 (10.6 ha)"/>
  </way>
  <way id="103" version="1" timestamp="2026-09-01T12:00:00Z" changeset="1" uid="1" user="generator">
    <nd ref="785"/>
    <nd ref="786"/>
    <nd ref="787"/>
    <nd ref="788"/>
    <nd ref="785"/>
    <tag k="landuse" v="farmland"/>
    <tag k="name" v="Field 21 (7.2 ha)"/>
  </way>
  <way id="104" version="1" timestamp="2026-09-01T12:00:00Z" changeset="1" uid="1" user="generator">
    <nd ref="789"/>
    <nd ref="790"/>
    <nd ref="791"/>
    <nd ref="792"/>
    <nd ref="793"/>
    <nd ref="794"/>
    <nd ref="789"/>
    <tag k="landuse" v="farmland"/>
    <tag k="name" v="Field 22 (46.2 ha)"/>
  </way>
  <way id="105" version="1" timestamp="2026-09-01T12:00:00Z" changeset="1" uid="1" user="generator">
    <nd ref="795"/>
    <nd ref="796"/>
    <nd ref="797"/>
    <nd ref="798"/>
    <nd ref="799"/>
    <nd ref="800"/>
    <nd ref="795"/>
    <tag k="landuse" v="farmland"/>
    <tag k="name" v="Field 23 (5.8 ha)"/>
  </way>
  <way id="106" version="1" timestamp="2026-09-01T12:00:00Z" changeset="1" uid="1" user="generator">
    <nd ref="801"/>
    <nd ref="802"/>
    <nd ref="803"/>
    <nd ref="804"/>
    <nd ref="805"/>
    <nd ref="806"/>
    <nd ref="807"/>
    <nd ref="808"/>
    <nd ref="801"/>
    <tag k="landuse" v="farmland"/>
    <tag k="name" v="Field 24 (45.7 ha)"/>
  </way>
  <way id="107" version="1" timestamp="2026-09-01T12:00:00Z" changeset="1" uid="1" user="generator">
    <nd ref="809"/>
    <nd ref="810"/>
    <nd ref="811"/>
    <nd ref="812"/>
    <nd ref="813"/>
    <nd ref="814"/>
    <nd ref="815"/>
    <nd ref="816"/>
    <nd ref="817"/>
    <nd ref="818"/>
    <nd ref="819"/>
    <nd ref="820"/>
    <nd ref="809"/>
    <tag k="landuse" v="farmland"/>
    <tag k="name" v="Field 25 (22.1 ha)"/>
  </way>
  <way id="108" version="1" timestamp="2026-09-01T12:00:00Z" changeset="1" uid="1" user="generator">
    <nd ref="821"/>
    <nd ref="822"/>
    <nd ref="823"/>
    <nd ref="824"/>
    <nd ref="825"/>
    <nd ref="826"/>
    <nd ref="827"/>
    <nd ref="828"/>
    <nd ref="829"/>
    <nd ref="821"/>
    <tag k="landuse" v="farmland"/>
    <tag k="name" v="Field 26 (16.1 ha)"/>
  </way>
  <way id="109" version="1" timestamp="2026-09-01T12:00:00Z" changeset="1" uid="1" user="generator">
    <nd ref="830"/>
    <nd ref="831"/>
    <nd ref="832"/>
    <nd ref="833"/>
    <nd ref="834"/>
    <nd ref="835"/>
    <nd ref="836"/>
    <nd ref="837"/>
    <nd ref="838"/>
    <nd ref="830"/>
    <tag k="landuse" v="farmland"/>
    <tag k="name" v="Field 27 (33.6 ha)"/>
  </way>
  <way id="110" version="1" timestamp="2026-09-01T12:00:00Z" changeset="1" uid="1" user="generator">
    <nd ref="839"/>
    <nd ref="840"/>
    <nd ref="841"/>
    <nd ref="842"/>
    <nd ref="843"/>
    <nd ref="839"/>
    <tag k="landuse" v="farmland"/>
    <tag k="name" v="Field 28 (4.6 ha)"/>
  </way>
  <way id="111" version="1" timestamp="2026-09-01T12:00:00Z" changeset="1" uid="1" user="generator">
    <nd ref="844"/>
    <nd ref="845"/>
    <nd ref="846"/>
    <nd ref="847"/>
    <nd ref="848"/>
    <nd ref="849"/>
    <nd ref="850"/>
    <nd ref="844"/>
    <tag k="landuse" v="farmland"/>
    <tag k="name" v="Field 29 (28.7 ha)"/>
  </way>
  <way id="112" version="1" timestamp="2026-09-01T12:00:00Z" changeset="1" uid="1" user="generator">
    <nd ref="851"/>
    <nd ref="852"/>
    <nd ref="853"/>
    <nd ref="854"/>
    <nd ref="855"/>
    <nd ref="856"/>
    <nd ref="857"/>
    <nd ref="858"/>
    <nd ref="859"/>
    <nd ref="860"/>
    <nd ref="851"/>
    <tag k="landuse" v="farmland"/>
    <tag k="name" v="Field 30 (40.3 ha)"/>
  </way>
  <way id="113" version="1" timestamp="2026-09-01T12:00:00Z" changeset="1" uid="1" user="generator">
    <nd ref="861"/>
    <nd ref="862"/>
    <nd ref="863"/>
    <nd ref="864"/>
    <nd ref="865"/>
    <nd ref="866"/>
    <nd ref="861"/>
    <tag k="landuse" v="farmland"/>
    <tag k="name" v="Field 31 (23.6 ha)"/>
  </way>
  <way id="114" version="1" timestamp="2026-09-01T12:00:00Z" changeset="1" uid="1" user="generator">
    <nd ref="867"/>
    <nd ref="868"/>
    <nd ref="869"/>
    <nd ref="870"/>
    <nd ref="871"/>
    <nd ref="872"/>
    <nd ref="867"/>
    <tag k="landuse" v="farmland"/>
    <tag k="name" v="Field 32 (19.7 ha)"/>
  </way>
  <way id="115" version="1" timestamp="2026-09-01T12:00:00Z" changeset="1" uid="1" user="generator">
    <nd ref="873"/>
    <nd ref="874"/>
    <nd ref="875"/>
    <nd ref="876"/>
    <nd ref="873"/>
    <tag k="landuse" v="farmland"/>
    <tag k="name" v="Field 33 (91.2 ha)"/>
  </way>
  <way id="116" version="1" timestamp="2026-09-01T12:00:00Z" changeset="1" uid="1" user="generator">
    <nd ref="877"/>
    <nd ref="878"/>
    <nd ref="879"/>
    <nd ref="880"/>
    <nd ref="881"/>
    <nd ref="882"/>
    <nd ref="883"/>
    <nd ref="884"/>
    <nd ref="885"/>
    <nd ref="886"/>
    <nd ref="887"/>
    <nd ref="877"/>
    <tag k="landuse" v="farmland"/>
    <tag k="name" v="Field 34 (50.7 ha)"/>
  </way>
  <way id="117" version="1" timestamp="2026-09-01T12:00:00Z" changeset="1" uid="1" user="generator">
    <nd ref="888"/>
    <nd ref="889"/>
    <nd ref="890"/>
    <nd ref="891"/>
    <nd ref="892"/>
    <nd ref="893"/>
    <nd ref="894"/>
    <nd ref="888"/>
    <tag k="landuse" v="farmland"/>
    <tag k="name" v="Field 35 (28.1 ha)"/>
  </way>
  <way id="118" version="1" timestamp="2026-09-01T12:00:00Z" changeset="1" uid="1" user="generator">
    <nd ref="895"/>
    <nd ref="896"/>
    <nd ref="897"/>
    <nd ref="898"/>
    <nd ref="899"/>
    <nd ref="900"/>
    <nd ref="901"/>
    <nd ref="902"/>
    <nd ref="903"/>
    <nd ref="904"/>
    <nd ref="905"/>
    <nd ref="895"/>
    <tag k="landuse" v="farmland"/>
    <tag k="name" v="Field 36 (69.3 ha)"/>
  </way>
  <way id="119" version="1" timestamp="2026-09-01T12:00:00Z" changeset="1" uid="1" user="generator">
    <nd ref="906"/>
    <nd ref="907"/>
    <nd ref="908"/>
    <nd ref="909"/>
    <nd ref="910"/>
    <nd ref="911"/>
    <nd ref="906"/>
    <tag k="landuse" v="farmland"/>
    <tag k="name" v="Field 37 (19.1 ha)"/>
  </way>
  <way id="120" version="1" timestamp="2026-09-01T12:00:00Z" changeset="1" uid="1" user="generator">
    <nd ref="912"/>
    <nd ref="913"/>
    <nd ref="914"/>
    <nd ref="915"/>
    <nd ref="916"/>
    <nd ref="917"/>
    <nd ref="918"/>
    <nd ref="919"/>
    <nd ref="912"/>
    <tag k="landuse" v="farmland"/>
    <tag k="name" v="Field 38 (53.5 ha)"/>
  </way>
  <way id="121" version="1" timestamp="2026-09-01T12:00:00Z" changeset="1" uid="1" user="generator">
    <nd ref="920"/>
    <nd ref="921"/>
    <nd ref="922"/>
    <nd ref="923"/>
    <nd ref="920"/>
    <tag k="landuse" v="farmland"/>
    <tag k="name" v="Field 39 (85.7 ha)"/>
  </way>
  <way id="122" version="1" timestamp="2026-09-01T12:00:00Z" changeset="1" uid="1" user="generator">
    <nd ref="924"/>
    <nd ref="925"/>
    <nd ref="926"/>
    <nd ref="927"/>
    <nd ref="928"/>
    <nd ref="929"/>
    <nd ref="930"/>
    <nd ref="924"/>
    <tag k="landuse" v="farmland"/>
    <tag k="name" v="Field 40 (31.5 ha)"/>
  </way>
  <way id="123" version="1" timestamp="2026-09-01T12:00:00Z" changeset="1" uid="1" user="generator">
    <nd ref="931"/>
    <nd ref="932"/>
    <nd ref="933"/>
    <nd ref="934"/>
    <nd ref="935"/>
    <nd ref="936"/>
    <nd ref="931"/>
    <tag k="landuse" v="farmland"/>
    <tag k="name" v="Field 41 (9.2 ha)"/>
  </way>
  <way id="124" version="1" timestamp="2026-09-01T12:00:00Z" changeset="1" uid="1" user="generator">
    <nd ref="937"/>
    <nd ref="938"/>
    <nd ref="939"/>
    <nd ref="940"/>
    <nd ref="941"/>
    <nd ref="942"/>
    <nd ref="937"/>
    <tag k="landuse" v="farmland"/>
    <tag k="name" v="Field 42 (5.2 ha)"/>
  </way>
  <way id="125" version="1" timestamp="2026-09-01T12:00:00Z" changeset="1" uid="1" user="generator">
    <nd ref="943"/>
    <nd ref="944"/>
    <nd ref="945"/>
    <nd ref="946"/>
    <nd ref="947"/>
    <nd ref="948"/>
    <nd ref="949"/>
    <nd ref="950"/>
    <nd ref="943"/>
    <tag k="landuse" v="farmland"/>
    <tag k="name" v="Field 43 (45.5 ha)"/>
  </way>
  <way id="126" version="1" timestamp="2026-09-01T12:00:00Z" changeset="1" uid="1" user="generator">
    <nd ref="951"/>
    <nd ref="952"/>
    <nd ref="953"/>
    <nd ref="954"/>
    <nd ref="955"/>
    <nd ref="956"/>
    <nd ref="957"/>
    <nd ref="951"/>
    <tag k="landuse" v="farmland"/>
    <tag k="name" v="Field 44 (28.6 ha)"/>
  </way>
  <way id="127" version="1" timestamp="2026-09-01T12:00:00Z" changeset="1" uid="1" user="generator">
    <nd ref="958"/>
    <nd ref="959"/>
    <nd ref="960"/>
    <nd ref="961"/>
    <nd ref="962"/>
    <nd ref="963"/>
    <nd ref="964"/>
    <nd ref="965"/>
    <nd ref="966"/>
    <nd ref="958"/>
    <tag k="landuse" v="farmland"/>
    <tag k="name" v="Field 45 (8.4 ha)"/>
  </way>
  <way id="128" version="1" timestamp="2026-09-01T12:00:00Z" changeset="1" uid="1" user="generator">
    <nd ref="967"/>
    <nd ref="968"/>
    <nd ref="969"/>
    <nd ref="970"/>
    <nd ref="971"/>
    <nd ref="972"/>
    <nd ref="973"/>
    <nd ref="967"/>
    <tag k="landuse" v="farmland"/>
    <tag k="name" v="Field 46 (27.0 ha)"/>
  </way>
  <way id="129" version="1" timestamp="2026-09-01T12:00:00Z" changeset="1" uid="1" user="generator">
    <nd ref="974"/>
    <nd ref="975"/>
    <nd ref="976"/>
    <nd ref="977"/>
    <nd ref="978"/>
    <nd ref="979"/>
    <nd ref="974"/>
    <tag k="landuse" v="farmland"/>
    <tag k="name" v="Field 47 (56.9 ha)"/>
  </way>
  <way id="130" version="1" timestamp="2026-09-01T12:00:00Z" changeset="1" uid="1" user="generator">
    <nd ref="980"/>
    <nd ref="981"/>
    <nd ref="982"/>
    <nd ref="983"/>
    <nd ref="980"/>
    <tag k="landuse" v="farmland"/>
    <tag k="name" v="Field 48 (17.6 ha)"/>
  </way>
  <way id="131" version="1" timestamp="2026-09-01T12:00:00Z" changeset="1" uid="1" user="generator">
    <nd ref="984"/>
    <nd ref="985"/>
    <nd ref="986"/>
    <nd ref="987"/>
    <nd ref="988"/>
    <nd ref="989"/>
    <nd ref="984"/>
    <tag k="landuse" v="farmland"/>
    <tag k="name" v="Field 49 (85.8 ha)"/>
  </way>
  <way id="132" version="1" timestamp="2026-09-01T12:00:00Z" changeset="1" uid="1" user="generator">
    <nd ref="990"/>
    <nd ref="991"/>
    <nd ref="992"/>
    <nd ref="993"/>
    <nd ref="994"/>
    <nd ref="995"/>
    <nd ref="996"/>
    <nd ref="997"/>
    <nd ref="998"/>
    <nd ref="999"/>
    <nd ref="1000"/>
    <nd ref="1001"/>
    <nd ref="990"/>
    <tag k="landuse" v="farmland"/>
    <tag k="name" v="Field 50 (12.1 ha)"/>
  </way>
  <way id="133" version="1" timestamp="2026-09-01T12:00:00Z" changeset="1" uid="1" user="generator">
    <nd ref="1002"/>
    <nd ref="1003"/>
    <nd ref="1004"/>
    <nd ref="1005"/>
    <nd ref="1006"/>
    <nd ref="1002"/>
    <tag k="landuse" v="farmland"/>
    <tag k="name" v="Field 51 (10.7 ha)"/>
  </way>
  <way id="134" version="1" timestamp="2026-09-01T12:00:00Z" changeset="1" uid="1" user="generator">
    <nd ref="1007"/>
    <nd ref="1008"/>
    <nd ref="1009"/>
    <nd ref="1010"/>
    <nd ref="1011"/>
    <nd ref="1012"/>
    <nd ref="1007"/>
    <tag k="landuse" v="farmland"/>
    <tag k="name" v="Field 52 (21.8 ha)"/>
  </way>
  <way id="135" version="1" timestamp="2026-09-01T12:00:00Z" changeset="1" uid="1" user="generator">
    <nd ref="1013"/>
    <nd ref="1014"/>
    <nd ref="1015"/>
    <nd ref="1016"/>
    <nd ref="1017"/>
    <nd ref="1018"/>
    <nd ref="1019"/>
    <nd ref="1020"/>
    <nd ref="1013"/>
    <tag k="landuse" v="farmland"/>
    <tag k="name" v="Field 53 (29.1 ha)"/>
  </way>
  <way id="136" version="1" timestamp="2026-09-01T12:00:00Z" changeset="1" uid="1" user="generator">
    <nd ref="1021"/>
    <nd ref="1022"/>
    <nd ref="1023"/>
    <nd ref="1024"/>
    <nd ref="1025"/>
    <nd ref="1026"/>
    <nd ref="1021"/>
    <tag k="landuse" v="farmland"/>
    <tag k="name" v="Field 54 (42.7 ha)"/>
  </way>
  <way id="137" version="1" timestamp="2026-09-01T12:00:00Z" changeset="1" uid="1" user="generator">
    <nd ref="1027"/>
    <nd ref="1028"/>
    <nd ref="1029"/>
    <nd ref="1030"/>
    <nd ref="1031"/>
    <nd ref="1032"/>
    <nd ref="1033"/>
    <nd ref="1027"/>
    <tag k="landuse" v="farmland"/>
    <tag k="name" v="Field 55 (5.1 ha)"/>
  </way>
  <way id="138" version="1" timestamp="2026-09-01T12:00:00Z" changeset="1" uid="1" user="generator">
    <nd ref="1034"/>
    <nd ref="1035"/>
    <nd ref="1036"/>
    <nd ref="1037"/>
    <nd ref="1038"/>
    <nd ref="1039"/>
    <nd ref="1040"/>
    <nd ref="1034"/>
    <tag k="landuse" v="farmland"/>
    <tag k="name" v="Field 56 (15.3 ha)"/>
  </way>
  <way id="139" version="1" timestamp="2026-09-01T12:00:00Z" changeset="1" uid="1" user="generator">
    <nd ref="1041"/>
    <nd ref="1042"/>
    <nd ref="1043"/>
    <nd ref="1044"/>
    <nd ref="1041"/>
    <tag k="landuse" v="farmland"/>
    <tag k="name" v="Field 57 (93.8 ha)"/>
  </way>
  <way id="140" version="1" timestamp="2026-09-01T12:00:00Z" changeset="1" uid="1" user="generator">
    <nd ref="1045"/>
    <nd ref="1046"/>
    <nd ref="1047"/>
    <nd ref="1048"/>
    <nd ref="1045"/>
    <tag k="landuse" v="farmland"/>
    <tag k="name" v="Field 58 (28.5 ha)"/>
  </way>
  <way id="141" version="1" timestamp="2026-09-01T12:00:00Z" changeset="1" uid="1" user="generator">
    <nd ref="1049"/>
    <nd ref="1050"/>
    <nd ref="1051"/>
    <nd ref="1052"/>
    <nd ref="1049"/>
    <tag k="landuse" v="farmland"/>
    <tag k="name" v="Field 59 (43.0 ha)"/>
  </way>
  <way id="142" version="1" timestamp="2026-09-01T12:00:00Z" changeset="1" uid="1" user="generator">
    <nd ref="1053"/>
    <nd ref="1054"/>
    <nd ref="1055"/>
    <nd ref="1056"/>
    <nd ref="1057"/>
    <nd ref="1058"/>
    <nd ref="1059"/>
    <nd ref="1060"/>
    <nd ref="1061"/>
    <nd ref="1062"/>
    <nd ref="1063"/>
    <nd ref="1064"/>
    <nd ref="1065"/>
    <nd ref="1066"/>
    <nd ref="1067"/>
    <nd ref="1068"/>
    <nd ref="1069"/>
    <nd ref="1070"/>
    <nd ref="1071"/>
    <nd ref="1072"/>
    <nd ref="1073"/>
    <nd ref="1074"/>
    <nd ref="1075"/>
    <nd ref="1053"/>
    <tag k="landuse" v="farmland"/>
    <tag k="name" v="Field 60 (57.7 ha)"/>
  </way>
  <way id="143" version="1" timestamp="2026-09-01T12:00:00Z" changeset="1" uid="1" user="generator">
    <nd ref="1076"/>
    <nd ref="1077"/>
    <nd ref="1078"/>
    <nd ref="1079"/>
    <nd ref="1080"/>
    <nd ref="1081"/>
    <nd ref="1082"/>
    <nd ref="1083"/>
    <nd ref="1076"/>
    <tag k="landuse" v="farmland"/>
    <tag k="name" v="Field 61 (44.0 ha)"/>
  </way>
  <way id="144" version="1" timestamp="2026-09-01T12:00:00Z" changeset="1" uid="1" user="generator">
    <nd ref="1084"/>
    <nd ref="1085"/>
    <nd ref="1086"/>
    <nd ref="1087"/>
    <nd ref="1088"/>
    <nd ref="1089"/>
    <nd ref="1090"/>
    <nd ref="1091"/>
    <nd ref="1092"/>
    <nd ref="1084"/>
    <tag k="landuse" v="farmland"/>
    <tag k="name" v="Field 62 (12.8 ha)"/>
  </way>
  <way id="145" version="1" timestamp="2026-09-01T12:00:00Z" changeset="1" uid="1" user="generator">
    <nd ref="1093"/>
    <nd ref="1094"/>
    <nd ref="1095"/>
    <nd ref="1096"/>
    <nd ref="1097"/>
    <nd ref="1098"/>
    <nd ref="1099"/>
    <nd ref="1100"/>
    <nd ref="1093"/>
    <tag k="landuse" v="farmland"/>
    <tag k="name" v="Field 63 (9.7 ha)"/>
  </way>
  <way id="146" version="1" timestamp="2026-09-01T12:00:00Z" changeset="1" uid="1" user="generator">
    <nd ref="1101"/>
    <nd ref="1102"/>
    <nd ref="1103"/>
    <nd ref="1104"/>
    <nd ref="1105"/>
    <nd ref="1106"/>
    <nd ref="1107"/>
    <nd ref="1101"/>
    <tag k="landuse" v="farmland"/>
    <tag k="name" v="Field 64 (14.0 ha)"/>
  </way>
  <way id="147" version="1" timestamp="2026-09-01T12:00:00Z" changeset="1" uid="1" user="generator">
    <nd ref="1108"/>
    <nd ref="1109"/>
    <nd ref="1110"/>
    <nd ref="1111"/>
    <nd ref="1112"/>
    <nd ref="1113"/>
    <nd ref="1114"/>
    <nd ref="1115"/>
    <nd ref="1116"/>
    <nd ref="1108"/>
    <tag k="landuse" v="farmland"/>
    <tag k="name" v="Field 65 (10.8 ha)"/>
  </way>
  <way id="148" version="1" timestamp="2026-09-01T12:00:00Z" changeset="1" uid="1" user="generator">
    <nd ref="1117"/>
    <nd ref="1118"/>
    <nd ref="1119"/>
    <nd ref="1120"/>
    <nd ref="1121"/>
    <nd ref="1122"/>
    <nd ref="1117"/>
    <tag k="landuse" v="farmland"/>
    <tag k="name" v="Field 66 (15.1 ha)"/>
  </way>
  <way id="149" version="1" timestamp="2026-09-01T12:00:00Z" changeset="1" uid="1" user="generator">
    <nd ref="1123"/>
    <nd ref="1124"/>
    <nd ref="1125"/>
    <nd ref="1126"/>
    <nd ref="1123"/>
    <tag k="landuse" v="farmland"/>
    <tag k="name" v="Field 67 (16.7 ha)"/>
  </way>
  <way id="150" version="1" timestamp="2026-09-01T12:00:00Z" changeset="1" uid="1" user="generator">
    <nd ref="1127"/>
    <nd ref="1128"/>
    <nd ref="1129"/>
    <nd ref="1130"/>
    <nd ref="1131"/>
    <nd ref="1127"/>
    <tag k="landuse" v="farmland"/>
    <tag k="name" v="Field 68 (13.3 ha)"/>
  </way>
  <way id="151" version="1" timestamp="2026-09-01T12:00:00Z" changeset="1" uid="1" user="generator">
    <nd ref="1132"/>
    <nd ref="1133"/>
    <nd ref="1134"/>
    <nd ref="1135"/>
    <nd ref="1136"/>
    <nd ref="1132"/>
    <tag k="landuse" v="farmland"/>
    <tag k="name" v="Field 69 (41.8 ha)"/>
  </way>
  <way id="152" version="1" timestamp="2026-09-01T12:00:00Z" changeset="1" uid="1" user="generator">
    <nd ref="1137"/>
    <nd ref="1138"/>
    <nd ref="1139"/>
    <nd ref="1140"/>
    <nd ref="1141"/>
    <nd ref="1142"/>
    <nd ref="1143"/>
    <nd ref="1144"/>
    <nd ref="1145"/>
    <nd ref="1146"/>
    <nd ref="1147"/>
    <nd ref="1137"/>
    <tag k="landuse" v="farmland"/>
    <tag k="name" v="Field 70 (43.5 ha)"/>
  </way>
  <way id="153" version="1" timestamp="2026-09-01T12:00:00Z" changeset="1" uid="1" user="generator">
    <nd ref="1148"/>
    <nd ref="1149"/>
    <nd ref="1150"/>
    <nd ref="1151"/>
    <nd ref="1152"/>
    <nd ref="1153"/>
    <nd ref="1154"/>
    <nd ref="1155"/>
    <nd ref="1156"/>
    <nd ref="1157"/>
    <nd ref="1158"/>
    <nd ref="1148"/>
    <tag k="landuse" v="farmland"/>
    <tag k="name" v="Field 71 (38.4 ha)"/>
  </way>
  <way id="154" version="1" timestamp="2026-09-01T12:00:00Z" changeset="1" uid="1" user="generator">
    <nd ref="1159"/>
    <nd ref="1160"/>
    <nd ref="1161"/>
    <nd ref="1162"/>
    <nd ref="1163"/>
    <nd ref="1164"/>
    <nd ref="1165"/>
    <nd ref="1166"/>
    <nd ref="1167"/>
    <nd ref="1168"/>
    <nd ref="1169"/>
    <nd ref="1170"/>
    <nd ref="1159"/>
    <tag k="landuse" v="farmland"/>
    <tag k="name" v="Field 72 (12.0 ha)"/>
  </way>
  <way id="155" version="1" timestamp="2026-09-01T12:00:00Z" changeset="1" uid="1" user="generator">
    <nd ref="1171"/>
    <nd ref="1172"/>
    <nd ref="1173"/>
    <nd ref="1174"/>
    <nd ref="1175"/>
    <nd ref="1176"/>
    <nd ref="1177"/>
    <nd ref="1178"/>
    <nd ref="1171"/>
    <tag k="landuse" v="farmland"/>
    <tag k="name" v="Field 73 (42.0 ha)"/>
  </way>
  <way id="156" version="1" timestamp="2026-09-01T12:00:00Z" changeset="1" uid="1" user="generator">
    <nd ref="1179"/>
    <nd ref="1180"/>
    <nd ref="1181"/>
    <nd ref="1182"/>
    <nd ref="1183"/>
    <nd ref="1184"/>
    <nd ref="1185"/>
    <nd ref="1186"/>
    <nd ref="1179"/>
    <tag k="landuse" v="farmland"/>
    <tag k="name" v="Field 74 (9.4 ha)"/>
  </way>
  <way id="157" version="1" timestamp="2026-09-01T12:00:00Z" changeset="1" uid="1" user="generator">
    <nd ref="1187"/>
    <nd ref="1188"/>
    <nd ref="1189"/>
    <nd ref="1190"/>
    <nd ref="1191"/>
    <nd ref="1192"/>
    <nd ref="1193"/>
    <nd ref="1194"/>
    <nd ref="1187"/>
    <tag k="landuse" v="farmland"/>
    <tag k="name" v="Field 75 (45.7 ha)"/>
  </way>
  <way id="158" version="1" timestamp="2026-09-01T12:00:00Z" changeset="1" uid="1" user="generator">
    <nd ref="1195"/>
    <nd ref="1196"/>
    <nd ref="1197"/>
    <nd ref="1198"/>
    <nd ref="1199"/>
    <nd ref="1195"/>
    <tag k="landuse" v="farmland"/>
    <tag k="name" v="Field 76 (13.5 ha)"/>
  </way>
  <way id="159" version="1" timestamp="2026-09-01T12:00:00Z" changeset="1" uid="1" user="generator">
    <nd ref="1200"/>
    <nd ref="1201"/>
    <nd ref="1202"/>
    <nd ref="1203"/>
    <nd ref="1204"/>
    <nd ref="1205"/>
    <nd ref="1206"/>
    <nd ref="1200"/>
    <tag k="landuse" v="farmland"/>
    <tag k="name" v="Field 77 (36.6 ha)"/>
  </way>
  <way id="160" version="1" timestamp="2026-09-01T12:00:00Z" changeset="1" uid="1" user="generator">
    <nd ref="1207"/>
    <nd ref="1208"/>
    <nd ref="1209"/>
    <nd ref="1210"/>
    <nd ref="1211"/>
    <nd ref="1212"/>
    <nd ref="1213"/>
    <nd ref="1207"/>
    <tag k="landuse" v="farmland"/>
    <tag k="name" v="Field 78 (59.8 ha)"/>
  </way>
  <way id="161" version="1" timestamp="2026-09-01T12:00:00Z" changeset="1" uid="1" user="generator">
    <nd ref="1214"/>
    <nd ref="1215"/>
    <nd ref="1216"/>
    <nd ref="1217"/>
    <nd ref="1218"/>
    <nd ref="1219"/>
    <nd ref="1220"/>
    <nd ref="1221"/>
    <nd ref="1214"/>
    <tag k="landuse" v="farmland"/>
    <tag k="name" v="Field 79 (42.2 ha)"/>
  </way>
  <way id="162" version="1" timestamp="2026-09-01T12:00:00Z" changeset="1" uid="1" user="generator">
    <nd ref="1222"/>
    <nd ref="1223"/>
    <nd ref="1224"/>
    <nd ref="1225"/>
    <nd ref="1226"/>
    <nd ref="1227"/>
    <nd ref="1228"/>
    <nd ref="1229"/>
    <nd ref="1230"/>
    <nd ref="1231"/>
    <nd ref="1232"/>
    <nd ref="1233"/>
    <nd ref="1222"/>
    <tag k="landuse" v="farmland"/>
    <tag k="name" v="Field 80 (12.7 ha)"/>
  </way>
  <way id="163" version="1" timestamp="2026-09-01T12:00:00Z" changeset="1" uid="1" user="generator">
    <nd ref="1234"/>
    <nd ref="1235"/>
    <nd ref="1236"/>
    <nd ref="1237"/>
    <nd ref="1238"/>
    <nd ref="1239"/>
    <nd ref="1240"/>
    <nd ref="1234"/>
    <tag k="landuse" v="farmland"/>
    <tag k="name" v="Field 81 (37.3 ha)"/>
  </way>
  <way id="164" version="1" timestamp="2026-09-01T12:00:00Z" changeset="1" uid="1" user="generator">
    <nd ref="1241"/>
    <nd ref="1242"/>
    <nd ref="1243"/>
    <nd ref="1244"/>
    <nd ref="1245"/>
    <nd ref="1246"/>
    <nd ref="1247"/>
    <nd ref="1241"/>
    <tag k="landuse" v="farmland"/>
    <tag k="name" v="Field 82 (7.1 ha)"/>
  </way>
  <way id="165" version="1" timestamp="2026-09-01T12:00:00Z" changeset="1" uid="1" user="generator">
    <nd ref="1248"/>
    <nd ref="1249"/>
    <nd ref="1250"/>
    <nd ref="1251"/>
    <nd ref="1252"/>
    <nd ref="1253"/>
    <nd ref="1254"/>
    <nd ref="1255"/>
    <nd ref="1256"/>
    <nd ref="1257"/>
    <nd ref="1258"/>
    <nd ref="1248"/>
    <tag k="landuse" v="farmland"/>
    <tag k="name" v="Field 83 (53.8 ha)"/>
  </way>
  <way id="166" version="1" timestamp="2026-09-01T12:00:00Z" changeset="1" uid="1" user="generator">
    <nd ref="1259"/>
    <nd ref="1260"/>
    <nd ref="1261"/>
    <nd ref="1262"/>
    <nd ref="1263"/>
    <nd ref="1264"/>
    <nd ref="1265"/>
    <nd ref="1259"/>
    <tag k="landuse" v="farmland"/>
    <tag k="name" v="Field 84 (32.6 ha)"/>
  </way>
  <way id="167" version="1" timestamp="2026-09-01T12:00:00Z" changeset="1" uid="1" user="generator">
    <nd ref="1266"/>
    <nd ref="1267"/>
    <nd ref="1268"/>
    <nd ref="1269"/>
    <nd ref="1270"/>
    <nd ref="1271"/>
    <nd ref="1272"/>
    <nd ref="1266"/>
    <tag k="landuse" v="farmland"/>
    <tag k="name" v="Field 85 (38.1 ha)"/>
  </way>
  <way id="168" version="1" timestamp="2026-09-01T12:00:00Z" changeset="1" uid="1" user="generator">
    <nd ref="1273"/>
    <nd ref="1274"/>
    <nd ref="1275"/>
    <nd ref="1276"/>
    <nd ref="1277"/>
    <nd ref="1278"/>
    <nd ref="1273"/>
    <tag k="landuse" v="farmland"/>
    <tag k="name" v="Field 86 (12.9 ha)"/>
  </way>
  <way id="169" version="1" timestamp="2026-09-01T12:00:00Z" changeset="1" uid="1" user="generator">
    <nd ref="1279"/>
    <nd ref="1280"/>
    <nd ref="1281"/>
    <nd ref="1282"/>
    <nd ref="1283"/>
    <nd ref="1284"/>
    <nd ref="1279"/>
    <tag k="landuse" v="farmland"/>
    <tag k="name" v="Field 87 (25.6 ha)"/>
  </way>
  <way id="170" version="1" timestamp="2026-09-01T12:00:00Z" changeset="1" uid="1" user="generator">
    <nd ref="1285"/>
    <nd ref="1286"/>
    <nd ref="1287"/>
    <nd ref="1288"/>
    <nd ref="1289"/>
    <nd ref="1290"/>
    <nd ref="1291"/>
    <nd ref="1285"/>
    <tag k="landuse" v="farmland"/>
    <tag k="name" v="Field 88 (5.9 ha)"/>
  </way>
  <way id="171" version="1" timestamp="2026-09-01T12:00:00Z" changeset="1" uid="1" user="generator">
    <nd ref="1292"/>
    <nd ref="1293"/>
    <nd ref="1294"/>
    <nd ref="1295"/>
    <nd ref="1296"/>
    <nd ref="1297"/>
    <nd ref="1298"/>
    <nd ref="1299"/>
    <nd ref="1292"/>
    <tag k="landuse" v="farmland"/>
    <tag k="name" v="Field 89 (22.9 ha)"/>
  </way>
  <way id="172" version="1" timestamp="2026-09-01T12:00:00Z" changeset="1" uid="1" user="generator">
    <nd ref="1300"/>
    <nd ref="1301"/>
    <nd ref="1302"/>
    <nd ref="1303"/>
    <nd ref="1304"/>
    <nd ref="1305"/>
    <nd ref="1300"/>
    <tag k="landuse" v="farmland"/>
    <tag k="name" v="Field 90 (14.1 ha)"/>
  </way>
  <way id="173" version="1" timestamp="2026-09-01T12:00:00Z" changeset="1" uid="1" user="generator">
    <nd ref="1306"/>
    <nd ref="1307"/>
    <nd ref="1308"/>
    <nd ref="1309"/>
    <nd ref="1310"/>
    <nd ref="1311"/>
    <nd ref="1312"/>
    <nd ref="1313"/>
    <nd ref="1306"/>
    <tag k="landuse" v="farmland"/>
    <tag k="name" v="Field 91 (8.6 ha)"/>
  </way>
  <way id="174" version="1" timestamp="2026-09-01T12:00:00Z" changeset="1" uid="1" user="generator">
    <nd ref="1314"/>
    <nd ref="1315"/>
    <nd ref="1316"/>
    <nd ref="1317"/>
    <nd ref="1318"/>
    <nd ref="1319"/>
    <nd ref="1314"/>
    <tag k="landuse" v="farmland"/>
    <tag k="name" v="Field 92 (17.5 ha)"/>
  </way>
  <way id="175" version="1" timestamp="2026-09-01T12:00:00Z" changeset="1" uid="1" user="generator">
    <nd ref="1320"/>
    <nd ref="1321"/>
    <nd ref="1322"/>
    <nd ref="1323"/>
    <nd ref="1324"/>
    <nd ref="1325"/>
    <nd ref="1326"/>
    <nd ref="1320"/>
    <tag k="landuse" v="farmland"/>
    <tag k="name" v="Field 93 (44.6 ha)"/>
  </way>
  <way id="176" version="1" timestamp="2026-09-01T12:00:00Z" changeset="1" uid="1" user="generator">
    <nd ref="1327"/>
    <nd ref="1328"/>
    <nd ref="1329"/>
    <nd ref="1330"/>
    <nd ref="1331"/>
    <nd ref="1332"/>
    <nd ref="1333"/>
    <nd ref="1334"/>
    <nd ref="1327"/>
    <tag k="landuse" v="farmland"/>
    <tag k="name" v="Field 94 (12.3 ha)"/>
  </way>
  <way id="177" version="1" timestamp="2026-09-01T12:00:00Z" changeset="1" uid="1" user="generator">
    <nd ref="1335"/>
    <nd ref="1336"/>
    <nd ref="1337"/>
    <nd ref="1338"/>
    <nd ref="1339"/>
    <nd ref="1340"/>
    <nd ref="1341"/>
    <nd ref="1342"/>
    <nd ref="1343"/>
    <nd ref="1335"/>
    <tag k="landuse" v="farmland"/>
    <tag k="name" v="Field 95 (23.1 ha)"/>
  </way>
  <way id="178" version="1" timestamp="2026-09-01T12:00:00Z" changeset="1" uid="1" user="generator">
    <nd ref="1344"/>
    <nd ref="1345"/>
    <nd ref="1346"/>
    <nd ref="1347"/>
    <nd ref="1348"/>
    <nd ref="1349"/>
    <nd ref="1344"/>
    <tag k="landuse" v="farmland"/>
    <tag k="name" v="Field 96 (21.4 ha)"/>
  </way>
  <way id="179" version="1" timestamp="2026-09-01T12:00:00Z" changeset="1" uid="1" user="generator">
    <nd ref="1350"/>
    <nd ref="1351"/>
    <nd ref="1352"/>
    <nd ref="1353"/>
    <nd ref="1354"/>
    <nd ref="1355"/>
    <nd ref="1356"/>
    <nd ref="1350"/>
    <tag k="landuse" v="farmland"/>
    <tag k="name" v="Field 97 (49.2 ha)"/>
  </way>
  <way id="180" version="1" timestamp="2026-09-01T12:00:00Z" changeset="1" uid="1" user="generator">
    <nd ref="1357"/>
    <nd ref="1358"/>
    <nd ref="1359"/>
    <nd ref="1360"/>
    <nd ref="1357"/>
    <tag k="landuse" v="farmland"/>
    <tag k="name" v="Field 98 (89.8 ha)"/>
  </way>
  <way id="181" version="1" timestamp="2026-09-01T12:00:00Z" changeset="1" uid="1" user="generator">
    <nd ref="1361"/>
    <nd ref="1362"/>
    <nd ref="1363"/>
    <nd ref="1364"/>
    <nd ref="1365"/>
    <nd ref="1366"/>
    <nd ref="1367"/>
    <nd ref="1368"/>
    <nd ref="1369"/>
    <nd ref="1370"/>
    <nd ref="1361"/>
    <tag k="landuse" v="farmland"/>
    <tag k="name" v="Field 99 (24.0 ha)"/>
  </way>
  <way id="182" version="1" timestamp="2026-09-01T12:00:00Z" changeset="1" uid="1" user="generator">
    <nd ref="1371"/>
    <nd ref="1372"/>
    <nd ref="1373"/>
    <nd ref="1374"/>
    <nd ref="1375"/>
    <nd ref="1376"/>
    <nd ref="1371"/>
    <tag k="landuse" v="farmland"/>
    <tag k="name" v="Field 100 (44.1 ha)"/>
  </way>
  <way id="183" version="1" timestamp="2026-09-01T12:00:00Z" changeset="1" uid="1" user="generator">
    <nd ref="1377"/>
    <nd ref="1378"/>
    <nd ref="1379"/>
    <nd ref="1380"/>
    <nd ref="1381"/>
    <nd ref="1382"/>
    <nd ref="1383"/>
    <nd ref="1384"/>
    <nd ref="1385"/>
    <nd ref="1377"/>
    <tag k="landuse" v="farmland"/>
    <tag k="name" v="Field 101 (61.7 ha)"/>
  </way>
  <way id="184" version="1" timestamp="2026-09-01T12:00:00Z" changeset="1" uid="1" user="generator">
    <nd ref="1386"/>
    <nd ref="1387"/>
    <nd ref="1388"/>
    <nd ref="1389"/>
    <nd ref="1390"/>
    <nd ref="1391"/>
    <nd ref="1392"/>
    <nd ref="1393"/>
    <nd ref="1394"/>
    <nd ref="1386"/>
    <tag k="landuse" v="farmland"/>
    <tag k="name" v="Field 102 (51.9 ha)"/>
  </way>
  <way id="185" version="1" timestamp="2026-09-01T12:00:00Z" changeset="1" uid="1" user="generator">
    <nd ref="1395"/>
    <nd ref="1396"/>
    <nd ref="1397"/>
    <nd ref="1398"/>
    <nd ref="1395"/>
    <tag k="landuse" v="farmland"/>
    <tag k="name" v="Field 103 (5.6 ha)"/>
  </way>
  <way id="186" version="1" timestamp="2026-09-01T12:00:00Z" changeset="1" uid="1" user="generator">
    <nd ref="1399"/>
    <nd ref="1400"/>
    <nd ref="1401"/>
    <nd ref="1402"/>
    <nd ref="1403"/>
    <nd ref="1404"/>
    <nd ref="1405"/>
    <nd ref="1406"/>
    <nd ref="1407"/>
    <nd ref="1399"/>
    <tag k="landuse" v="farmland"/>
    <tag k="name" v="Field 104 (14.7 ha)"/>
  </way>
  <way id="187" version="1" timestamp="2026-09-01T12:00:00Z" changeset="1" uid="1" user="generator">
    <nd ref="1408"/>
    <nd ref="1409"/>
    <nd ref="1410"/>
    <nd ref="1411"/>
    <nd ref="1412"/>
    <nd ref="1413"/>
    <nd ref="1408"/>
    <tag k="landuse" v="farmland"/>
    <tag k="name" v="Field 105 (21.7 ha)"/>
  </way>
  <way id="188" version="1" timestamp="2026-09-01T12:00:00Z" changeset="1" uid="1" user="generator">
    <nd ref="1414"/>
    <nd ref="1415"/>
    <nd ref="1416"/>
    <nd ref="1417"/>
    <nd ref="1418"/>
    <nd ref="1419"/>
    <nd ref="1414"/>
    <tag k="landuse" v="farmland"/>
    <tag k="name" v="Field 106 (11.1 ha)"/>
  </way>
  <way id="189" version="1" timestamp="2026-09-01T12:00:00Z" changeset="1" uid="1" user="generator">
    <nd ref="1420"/>
    <nd ref="1421"/>
    <nd ref="1422"/>
    <nd ref="1423"/>
    <nd ref="1424"/>
    <nd ref="1420"/>
    <tag k="landuse" v="farmland"/>
    <tag k="name" v="Field 107 (12.8 ha)"/>
  </way>
  <way id="190" version="1" timestamp="2026-09-01T12:00:00Z" changeset="1" uid="1" user="generator">
    <nd ref="1425"/>
    <nd ref="1426"/>
    <nd ref="1427"/>
    <nd ref="1428"/>
    <nd ref="1425"/>
    <tag k="landuse" v="farmland"/>
    <tag k="name" v="Field 108 (97.9 ha)"/>
  </way>
  <way id="191" version="1" timestamp="2026-09-01T12:00:00Z" changeset="1" uid="1" user="generator">
    <nd ref="1429"/>
    <nd ref="1430"/>
    <nd ref="1431"/>
    <nd ref="1432"/>
    <nd ref="1433"/>
    <nd ref="1434"/>
    <nd ref="1435"/>
    <nd ref="1429"/>
    <tag k="landuse" v="farmland"/>
    <tag k="name" v="Field 109 (40.8 ha)"/>
  </way>
  <way id="192" version="1" timestamp="2026-09-01T12:00:00Z" changeset="1" uid="1" user="generator">
    <nd ref="1436"/>
    <nd ref="1437"/>
    <nd ref="1438"/>
    <nd ref="1439"/>
    <nd ref="1440"/>
    <nd ref="1441"/>
    <nd ref="1436"/>
    <tag k="landuse" v="farmland"/>
    <tag k="name" v="Field 110 (46.1 ha)"/>
  </way>
  <way id="193" version="1" timestamp="2026-09-01T12:00:00Z" changeset="1" uid="1" user="generator">
    <nd ref="1442"/>
    <nd ref="1443"/>
    <nd ref="1444"/>
    <nd ref="1445"/>
    <nd ref="1442"/>
    <tag k="landuse" v="farmland"/>
    <tag k="name" v="Field 111 (100.8 ha)"/>
  </way>
  <way id="194" version="1" timestamp="2026-09-01T12:00:00Z" changeset="1" uid="1" user="generator">
    <nd ref="1446"/>
    <nd ref="1447"/>
    <nd ref="1448"/>
    <nd ref="1449"/>
    <nd ref="1450"/>
    <nd ref="1451"/>
    <nd ref="1446"/>
    <tag k="landuse" v="farmland"/>
    <tag k="name" v="Field 112 (8.5 ha)"/>
  </way>
  <way id="195" version="1" timestamp="2026-09-01T12:00:00Z" changeset="1" uid="1" user="generator">
    <nd ref="1452"/>
    <nd ref="1453"/>
    <nd ref="1454"/>
    <nd ref="1455"/>
    <nd ref="1456"/>
    <nd ref="1457"/>
    <nd ref="1458"/>
    <nd ref="1459"/>
    <nd ref="1460"/>
    <nd ref="1461"/>
    <nd ref="1462"/>
    <nd ref="1463"/>
    <nd ref="1464"/>
    <nd ref="1465"/>
    <nd ref="1466"/>
    <nd ref="1467"/>
    <nd ref="1468"/>
    <nd ref="1469"/>
    <nd ref="1470"/>
    <nd ref="1471"/>
    <nd ref="1472"/>
    <nd ref="1473"/>
    <nd ref="1474"/>
    <nd ref="1475"/>
    <nd ref="1476"/>
    <nd ref="1477"/>
    <nd ref="1478"/>
    <nd ref="1479"/>
    <nd ref="1480"/>
    <nd ref="1481"/>
    <nd ref="1482"/>
    <nd ref="1483"/>
    <nd ref="1484"/>
    <nd ref="1485"/>
    <nd ref="1486"/>
    <nd ref="1487"/>
    <nd ref="1488"/>
    <nd ref="1489"/>
    <nd ref="1490"/>
    <nd ref="1491"/>
    <nd ref="1452"/>
    <tag k="natural" v="wood"/>
    <tag k="landuse" v="farmyard"/>
    <tag k="leaf_type" v="broadleaved"/>
    <tag k="name" v="Wood 1 (118.8 ha)"/>
  </way>
  <way id="196" version="1" timestamp="2026-09-01T12:00:00Z" changeset="1" uid="1" user="generator">
    <nd ref="1492"/>
    <nd ref="1493"/>
    <nd ref="1494"/>
    <nd ref="1495"/>
    <nd ref="1496"/>
    <nd ref="1497"/>
    <nd ref="1498"/>
    <nd ref="1499"/>
    <nd ref="1500"/>
    <nd ref="1501"/>
    <nd ref="1502"/>
    <nd ref="1503"/>
    <nd ref="1504"/>
    <nd ref="1505"/>
    <nd ref="1506"/>
    <nd ref="1507"/>
    <nd ref="1508"/>
    <nd ref="1509"/>
    <nd ref="1510"/>
    <nd ref="1511"/>
    <nd ref="1512"/>
    <nd ref="1513"/>
    <nd ref="1514"/>
    <nd ref="1515"/>
    <nd ref="1516"/>
    <nd ref="1517"/>
    <nd ref="1518"/>
    <nd ref="1519"/>
    <nd ref="1520"/>
    <nd ref="1521"/>
    <nd ref="1522"/>
    <nd ref="1523"/>
    <nd ref="1524"/>
    <nd ref="1525"/>
    <nd ref="1526"/>
    <nd ref="1527"/>
    <nd ref="1528"/>
    <nd ref="1529"/>
    <nd ref="1530"/>
    <nd ref="1531"/>
    <nd ref="1532"/>
    <nd ref="1533"/>
    <nd ref="1534"/>
    <nd ref="1535"/>
    <nd ref="1536"/>
    <nd ref="1537"/>
    <nd ref="1538"/>
    <nd ref="1539"/>
    <nd ref="1540"/>
    <nd ref="1541"/>
    <nd ref="1542"/>
    <nd ref="1543"/>
    <nd ref="1544"/>
    <nd ref="1545"/>
    <nd ref="1546"/>
    <nd ref="1547"/>
    <nd ref="1548"/>
    <nd ref="1549"/>
    <nd ref="1550"/>
    <nd ref="1551"/>
    <nd ref="1552"/>
    <nd ref="1492"/>
    <tag k="natural" v="wood"/>
    <tag k="landuse" v="farmyard"/>
    <tag k="leaf_type" v="mixed"/>
    <tag k="name" v="Wood 2 (101.1 ha)"/>
  </way>
  <way id="197" version="1" timestamp="2026-09-01T12:00:00Z" changeset="1" uid="1" user="generator">
    <nd ref="1553"/>
    <nd ref="1554"/>
    <nd ref="1555"/>
    <nd ref="1556"/>
    <nd ref="1557"/>
    <nd ref="1558"/>
    <nd ref="1559"/>
    <nd ref="1560"/>
    <nd ref="1561"/>
    <nd ref="1562"/>
    <nd ref="1563"/>
    <nd ref="1564"/>
    <nd ref="1565"/>
    <nd ref="1566"/>
    <nd ref="1567"/>
    <nd ref="1568"/>
    <nd ref="1569"/>
    <nd ref="1570"/>
    <nd ref="1571"/>
    <nd ref="1572"/>
    <nd ref="1573"/>
    <nd ref="1574"/>
    <nd ref="1575"/>
    <nd ref="1576"/>
    <nd ref="1577"/>
    <nd ref="1578"/>
    <nd ref="1579"/>
    <nd ref="1580"/>
    <nd ref="1581"/>
    <nd ref="1582"/>
    <nd ref="1583"/>
    <nd ref="1584"/>
    <nd ref="1585"/>
    <nd ref="1586"/>
    <nd ref="1587"/>
    <nd ref="1588"/>
    <nd ref="1589"/>
    <nd ref="1590"/>
    <nd ref="1591"/>
    <nd ref="1592"/>
    <nd ref="1593"/>
    <nd ref="1594"/>
    <nd ref="1595"/>
    <nd ref="1596"/>
    <nd ref="1597"/>
    <nd ref="1598"/>
    <nd ref="1599"/>
    <nd ref="1553"/>
    <tag k="natural" v="wood"/>
    <tag k="landuse" v="farmyard"/>
    <tag k="leaf_type" v="broadleaved"/>
    <tag k="name" v="Wood 3 (84.3 ha)"/>
  </way>
  <way id="198" version="1" timestamp="2026-09-01T12:00:00Z" changeset="1" uid="1" user="generator">
    <nd ref="1600"/>
    <nd ref="1601"/>
    <nd ref="1602"/>
    <nd ref="1603"/>
    <nd ref="1604"/>
    <nd ref="1605"/>
    <nd ref="1606"/>
    <nd ref="1607"/>
    <nd ref="1608"/>
    <nd ref="1609"/>
    <nd ref="1610"/>
    <nd ref="1611"/>
    <nd ref="1612"/>
    <nd ref="1613"/>
    <nd ref="1614"/>
    <nd ref="1615"/>
    <nd ref="1616"/>
    <nd ref="1617"/>
    <nd ref="1618"/>
    <nd ref="1619"/>
    <nd ref="1620"/>
    <nd ref="1621"/>
    <nd ref="1622"/>
    <nd ref="1600"/>
    <tag k="natural" v="wood"/>
    <tag k="landuse" v="farmyard"/>
    <tag k="leaf_type" v="broadleaved"/>
    <tag k="name" v="Wood 4 (82.9 ha)"/>
  </way>
  <way id="199" version="1" timestamp="2026-09-01T12:00:00Z" changeset="1" uid="1" user="generator">
    <nd ref="1623"/>
    <nd ref="1624"/>
    <nd ref="1625"/>
    <nd ref="1626"/>
    <nd ref="1627"/>
    <nd ref="1628"/>
    <nd ref="1629"/>
    <nd ref="1630"/>
    <nd ref="1631"/>
    <nd ref="1632"/>
    <nd ref="1633"/>
    <nd ref="1634"/>
    <nd ref="1635"/>
    <nd ref="1636"/>
    <nd ref="1637"/>
    <nd ref="1638"/>
    <nd ref="1639"/>
    <nd ref="1640"/>
    <nd ref="1641"/>
    <nd ref="1642"/>
    <nd ref="1643"/>
    <nd ref="1644"/>
    <nd ref="1645"/>
    <nd ref="1646"/>
    <nd ref="1623"/>
    <tag k="natural" v="wood"/>
    <tag k="landuse" v="farmyard"/>
    <tag k="leaf_type" v="mixed"/>
    <tag k="name" v="Wood 5 (68.6 ha)"/>
  </way>
  <way id="200" version="1" timestamp="2026-09-01T12:00:00Z" changeset="1" uid="1" user="generator">
    <nd ref="1647"/>
    <nd ref="1648"/>
    <nd ref="1649"/>
    <nd ref="1650"/>
    <nd ref="1651"/>
    <nd ref="1652"/>
    <nd ref="1653"/>
    <nd ref="1654"/>
    <nd ref="1655"/>
    <nd ref="1656"/>
    <nd ref="1657"/>
    <nd ref="1658"/>
    <nd ref="1659"/>
    <nd ref="1647"/>
    <tag k="natural" v="wood"/>
    <tag k="landuse" v="farmyard"/>
    <tag k="leaf_type" v="broadleaved"/>
    <tag k="name" v="Wood 6 (39.4 ha)"/>
  </way>
  <way id="201" version="1" timestamp="2026-09-01T12:00:00Z" changeset="1" uid="1" user="generator">
    <nd ref="1660"/>
    <nd ref="1661"/>
    <nd ref="1662"/>
    <nd ref="1663"/>
    <nd ref="1664"/>
    <nd ref="1665"/>
    <nd ref="1666"/>
    <nd ref="1667"/>
    <nd ref="1668"/>
    <nd ref="1669"/>
    <nd ref="1670"/>
    <nd ref="1671"/>
    <nd ref="1672"/>
    <nd ref="1673"/>
    <nd ref="1674"/>
    <nd ref="1675"/>
    <nd ref="1676"/>
    <nd ref="1660"/>
    <tag k="natural" v="wood"/>
    <tag k="landuse" v="farmyard"/>
    <tag k="leaf_type" v="broadleaved"/>
    <tag k="name" v="Wood 7 (29.5 ha)"/>
  </way>
  <way id="202" version="1" timestamp="2026-09-01T12:00:00Z" changeset="1" uid="1" user="generator">
    <nd ref="1677"/>
    <nd ref="1678"/>
    <nd ref="1679"/>
    <nd ref="1680"/>
    <nd ref="1681"/>
    <nd ref="1682"/>
    <nd ref="1683"/>
    <nd ref="1684"/>
    <nd ref="1685"/>
    <nd ref="1686"/>
    <nd ref="1687"/>
    <nd ref="1688"/>
    <nd ref="1689"/>
    <nd ref="1690"/>
    <nd ref="1691"/>
    <nd ref="1692"/>
    <nd ref="1693"/>
    <nd ref="1677"/>
    <tag k="natural" v="wood"/>
    <tag k="landuse" v="farmyard"/>
    <tag k="leaf_type" v="mixed"/>
    <tag k="name" v="Wood 8 (29.5 ha)"/>
  </way>
  <way id="203" version="1" timestamp="2026-09-01T12:00:00Z" changeset="1" uid="1" user="generator">
    <nd ref="1694"/>
    <nd ref="1695"/>
    <nd ref="1696"/>
    <nd ref="1697"/>
    <nd ref="1698"/>
    <nd ref="1699"/>
    <nd ref="1700"/>
    <nd ref="1701"/>
    <nd ref="1702"/>
    <nd ref="1703"/>
    <nd ref="1704"/>
    <nd ref="1705"/>
    <nd ref="1706"/>
    <nd ref="1694"/>
    <tag k="natural" v="wood"/>
    <tag k="landuse" v="farmyard"/>
    <tag k="leaf_type" v="broadleaved"/>
    <tag k="name" v="Wood 9 (28.9 ha)"/>
  </way>
  <way id="204" version="1" timestamp="2026-09-01T12:00:00Z" changeset="1" uid="1" user="generator">
    <nd ref="1707"/>
    <nd ref="1708"/>
    <nd ref="1709"/>
    <nd ref="1710"/>
    <nd ref="1711"/>
    <nd ref="1712"/>
    <nd ref="1713"/>
    <nd ref="1714"/>
    <nd ref="1715"/>
    <nd ref="1716"/>
    <nd ref="1717"/>
    <nd ref="1718"/>
    <nd ref="1719"/>
    <nd ref="1707"/>
    <tag k="natural" v="wood"/>
    <tag k="landuse" v="farmyard"/>
    <tag k="leaf_type" v="broadleaved"/>
    <tag k="name" v="Wood 10 (24.8 ha)"/>
  </way>
  <way id="205" version="1" timestamp="2026-09-01T12:00:00Z" changeset="1" uid="1" user="generator">
    <nd ref="1720"/>
    <nd ref="1721"/>
    <nd ref="1722"/>
    <nd ref="1723"/>
    <nd ref="1724"/>
    <nd ref="1725"/>
    <nd ref="1726"/>
    <nd ref="1727"/>
    <nd ref="1728"/>
    <nd ref="1729"/>
    <nd ref="1730"/>
    <nd ref="1731"/>
    <nd ref="1732"/>
    <nd ref="1733"/>
    <nd ref="1720"/>
    <tag k="natural" v="wood"/>
    <tag k="landuse" v="farmyard"/>
    <tag k="leaf_type" v="mixed"/>
    <tag k="name" v="Wood 11 (21.1 ha)"/>
  </way>
  <way id="206" version="1" timestamp="2026-09-01T12:00:00Z" changeset="1" uid="1" user="generator">
    <nd ref="1734"/>
    <nd ref="1735"/>
    <nd ref="1736"/>
    <nd ref="1737"/>
    <nd ref="1738"/>
    <nd ref="1739"/>
    <nd ref="1740"/>
    <nd ref="1741"/>
    <nd ref="1742"/>
    <nd ref="1743"/>
    <nd ref="1734"/>
    <tag k="natural" v="wood"/>
    <tag k="landuse" v="farmyard"/>
    <tag k="leaf_type" v="broadleaved"/>
    <tag k="name" v="Wood 12 (14.4 ha)"/>
  </way>
  <way id="207" version="1" timestamp="2026-09-01T12:00:00Z" changeset="1" uid="1" user="generator">
    <nd ref="1744"/>
    <nd ref="1745"/>
    <nd ref="1746"/>
    <nd ref="1747"/>
    <nd ref="1748"/>
    <nd ref="1749"/>
    <nd ref="1750"/>
    <nd ref="1751"/>
    <nd ref="1752"/>
    <nd ref="1753"/>
    <nd ref="1754"/>
    <nd ref="1755"/>
    <nd ref="1756"/>
    <nd ref="1757"/>
    <nd ref="1744"/>
    <tag k="natural" v="wood"/>
    <tag k="landuse" v="farmyard"/>
    <tag k="leaf_type" v="broadleaved"/>
    <tag k="name" v="Wood 13 (14.3 ha)"/>
  </way>
  <way id="208" version="1" timestamp="2026-09-01T12:00:00Z" changeset="1" uid="1" user="generator">
    <nd ref="1758"/>
    <nd ref="1759"/>
    <nd ref="1760"/>
    <nd ref="1761"/>
    <nd ref="1762"/>
    <nd ref="1763"/>
    <nd ref="1764"/>
    <nd ref="1765"/>
    <nd ref="1766"/>
    <nd ref="1758"/>
    <tag k="natural" v="wood"/>
    <tag k="landuse" v="farmyard"/>
    <tag k="leaf_type" v="mixed"/>
    <tag k="name" v="Wood 14 (12.5 ha)"/>
  </way>
  <way id="209" version="1" timestamp="2026-09-01T12:00:00Z" changeset="1" uid="1" user="generator">
    <nd ref="1767"/>
    <nd ref="1768"/>
    <nd ref="1769"/>
    <nd ref="1770"/>
    <nd ref="1771"/>
    <nd ref="1772"/>
    <nd ref="1773"/>
    <nd ref="1774"/>
    <nd ref="1775"/>
    <nd ref="1767"/>
    <tag k="natural" v="wood"/>
    <tag k="landuse" v="farmyard"/>
    <tag k="leaf_type" v="broadleaved"/>
    <tag k="name" v="Wood 15 (12.2 ha)"/>
  </way>
  <way id="210" version="1" timestamp="2026-09-01T12:00:00Z" changeset="1" uid="1" user="generator">
    <nd ref="1776"/>
    <nd ref="1777"/>
    <nd ref="1778"/>
    <nd ref="1779"/>
    <nd ref="1780"/>
    <nd ref="1781"/>
    <nd ref="1782"/>
    <nd ref="1783"/>
    <nd ref="1784"/>
    <nd ref="1785"/>
    <nd ref="1786"/>
    <nd ref="1787"/>
    <nd ref="1788"/>
    <nd ref="1789"/>
    <nd ref="1776"/>
    <tag k="natural" v="wood"/>
    <tag k="landuse" v="farmyard"/>
    <tag k="leaf_type" v="broadleaved"/>
    <tag k="name" v="Wood 16 (11.6 ha)"/>
  </way>
  <way id="211" version="1" timestamp="2026-09-01T12:00:00Z" changeset="1" uid="1" user="generator">
    <nd ref="1790"/>
    <nd ref="1791"/>
    <nd ref="1792"/>
    <nd ref="1793"/>
    <nd ref="1794"/>
    <nd ref="1795"/>
    <nd ref="1796"/>
    <nd ref="1797"/>
    <nd ref="1798"/>
    <nd ref="1799"/>
    <nd ref="1800"/>
    <nd ref="1801"/>
    <nd ref="1802"/>
    <nd ref="1803"/>
    <nd ref="1790"/>
    <tag k="natural" v="wood"/>
    <tag k="landuse" v="farmyard"/>
    <tag k="leaf_type" v="mixed"/>
    <tag k="name" v="Wood 17 (10.7 ha)"/>
  </way>
  <way id="212" version="1" timestamp="2026-09-01T12:00:00Z" changeset="1" uid="1" user="generator">
    <nd ref="1804"/>
    <nd ref="1805"/>
    <nd ref="1806"/>
    <nd ref="1807"/>
    <nd ref="1808"/>
    <nd ref="1809"/>
    <nd ref="1810"/>
    <nd ref="1811"/>
    <nd ref="1812"/>
    <nd ref="1813"/>
    <nd ref="1814"/>
    <nd ref="1815"/>
    <nd ref="1816"/>
    <nd ref="1804"/>
    <tag k="natural" v="wood"/>
    <tag k="landuse" v="farmyard"/>
    <tag k="leaf_type" v="broadleaved"/>
    <tag k="name" v="Wood 18 (9.1 ha)"/>
  </way>
  <way id="213" version="1" timestamp="2026-09-01T12:00:00Z" changeset="1" uid="1" user="generator">
    <nd ref="1817"/>
    <nd ref="1818"/>
    <nd ref="1819"/>
    <nd ref="1820"/>
    <nd ref="1821"/>
    <nd ref="1822"/>
    <nd ref="1823"/>
    <nd ref="1824"/>
    <nd ref="1825"/>
    <nd ref="1817"/>
    <tag k="natural" v="wood"/>
    <tag k="landuse" v="farmyard"/>
    <tag k="leaf_type" v="broadleaved"/>
    <tag k="name" v="Wood 19 (8.1 ha)"/>
  </way>
  <way id="214" version="1" timestamp="2026-09-01T12:00:00Z" changeset="1" uid="1" user="generator">
    <nd ref="1826"/>
    <nd ref="1827"/>
    <nd ref="1828"/>
    <nd ref="1829"/>
    <nd ref="1830"/>
    <nd ref="1831"/>
    <nd ref="1832"/>
    <nd ref="1833"/>
    <nd ref="1826"/>
    <tag k="natural" v="wood"/>
    <tag k="landuse" v="farmyard"/>
    <tag k="leaf_type" v="mixed"/>
    <tag k="name" v="Wood 20 (4.1 ha)"/>
  </way>
  <way id="215" version="1" timestamp="2026-09-01T12:00:00Z" changeset="1" uid="1" user="generator">
    <nd ref="1834"/>
    <nd ref="1835"/>
    <nd ref="1836"/>
    <nd ref="1837"/>
    <nd ref="1838"/>
    <nd ref="1839"/>
    <nd ref="1834"/>
    <tag k="natural" v="wood"/>
    <tag k="landuse" v="farmyard"/>
    <tag k="leaf_type" v="broadleaved"/>
    <tag k="name" v="Wood 21 (4.0 ha)"/>
  </way>
  <way id="216" version="1" timestamp="2026-09-01T12:00:00Z" changeset="1" uid="1" user="generator">
    <nd ref="1840"/>
    <nd ref="1841"/>
    <nd ref="1842"/>
    <nd ref="1843"/>
    <nd ref="1844"/>
    <nd ref="1845"/>
    <nd ref="1846"/>
    <nd ref="1847"/>
    <nd ref="1840"/>
    <tag k="natural" v="wood"/>
    <tag k="landuse" v="farmyard"/>
    <tag k="leaf_type" v="broadleaved"/>
    <tag k="name" v="Wood 22 (3.1 ha)"/>
  </way>
  <way id="217" version="1" timestamp="2026-09-01T12:00:00Z" changeset="1" uid="1" user="generator">
    <nd ref="1848"/>
    <nd ref="1849"/>
    <nd ref="1850"/>
    <nd ref="1851"/>
    <nd ref="1852"/>
    <nd ref="1853"/>
    <nd ref="1854"/>
    <nd ref="1855"/>
    <nd ref="1848"/>
    <tag k="natural" v="wood"/>
    <tag k="landuse" v="farmyard"/>
    <tag k="leaf_type" v="mixed"/>
    <tag k="name" v="Wood 23 (1.8 ha)"/>
  </way>
  <way id="218" version="1" timestamp="2026-09-01T12:00:00Z" changeset="1" uid="1" user="generator">
    <nd ref="1856"/>
    <nd ref="1857"/>
    <nd ref="1858"/>
    <nd ref="1859"/>
    <nd ref="1860"/>
    <nd ref="1861"/>
    <nd ref="1862"/>
    <nd ref="1856"/>
    <tag k="natural" v="wood"/>
    <tag k="landuse" v="farmyard"/>
    <tag k="leaf_type" v="broadleaved"/>
    <tag k="name" v="Wood 24 (1.7 ha)"/>
  </way>
  <way id="219" version="1" timestamp="2026-09-01T12:00:00Z" changeset="1" uid="1" user="generator">
    <nd ref="1863"/>
    <nd ref="1864"/>
    <nd ref="1865"/>
    <nd ref="1866"/>
    <nd ref="1863"/>
    <tag k="natural" v="wood"/>
    <tag k="landuse" v="farmyard"/>
    <tag k="leaf_type" v="broadleaved"/>
    <tag k="name" v="Shelterbelt 1 (2.2 ha)"/>
  </way>
  <way id="220" version="1" timestamp="2026-09-01T12:00:00Z" changeset="1" uid="1" user="generator">
    <nd ref="1867"/>
    <nd ref="1868"/>
    <nd ref="1869"/>
    <nd ref="1870"/>
    <nd ref="1867"/>
    <tag k="natural" v="wood"/>
    <tag k="landuse" v="farmyard"/>
    <tag k="leaf_type" v="broadleaved"/>
    <tag k="name" v="Shelterbelt 2 (2.8 ha)"/>
  </way>
  <way id="221" version="1" timestamp="2026-09-01T12:00:00Z" changeset="1" uid="1" user="generator">
    <nd ref="1871"/>
    <nd ref="1872"/>
    <nd ref="1873"/>
    <nd ref="1874"/>
    <nd ref="1871"/>
    <tag k="natural" v="wood"/>
    <tag k="landuse" v="farmyard"/>
    <tag k="leaf_type" v="broadleaved"/>
    <tag k="name" v="Shelterbelt 3 (2.9 ha)"/>
  </way>
  <way id="222" version="1" timestamp="2026-09-01T12:00:00Z" changeset="1" uid="1" user="generator">
    <nd ref="1875"/>
    <nd ref="1876"/>
    <nd ref="1877"/>
    <nd ref="1878"/>
    <nd ref="1875"/>
    <tag k="natural" v="wood"/>
    <tag k="landuse" v="farmyard"/>
    <tag k="leaf_type" v="broadleaved"/>
    <tag k="name" v="Shelterbelt 4 (2.1 ha)"/>
  </way>
  <way id="223" version="1" timestamp="2026-09-01T12:00:00Z" changeset="1" uid="1" user="generator">
    <nd ref="1879"/>
    <nd ref="1880"/>
    <nd ref="1881"/>
    <nd ref="1882"/>
    <nd ref="1879"/>
    <tag k="natural" v="wood"/>
    <tag k="landuse" v="farmyard"/>
    <tag k="leaf_type" v="broadleaved"/>
    <tag k="name" v="Shelterbelt 5 (2.2 ha)"/>
  </way>
  <way id="224" version="1" timestamp="2026-09-01T12:00:00Z" changeset="1" uid="1" user="generator">
    <nd ref="1883"/>
    <nd ref="1884"/>
    <nd ref="1885"/>
    <nd ref="1886"/>
    <nd ref="1883"/>
    <tag k="natural" v="wood"/>
    <tag k="landuse" v="farmyard"/>
    <tag k="leaf_type" v="broadleaved"/>
    <tag k="name" v="Shelterbelt 6 (2.2 ha)"/>
  </way>
  <way id="225" version="1" timestamp="2026-09-01T12:00:00Z" changeset="1" uid="1" user="generator">
    <nd ref="1887"/>
    <nd ref="1888"/>
    <nd ref="1889"/>
    <nd ref="1890"/>
    <nd ref="1887"/>
    <tag k="natural" v="wood"/>
    <tag k="landuse" v="farmyard"/>
    <tag k="leaf_type" v="broadleaved"/>
    <tag k="name" v="Shelterbelt 7 (2.9 ha)"/>
  </way>
  <way id="226" version="1" timestamp="2026-09-01T12:00:00Z" changeset="1" uid="1" user="generator">
    <nd ref="1891"/>
    <nd ref="1892"/>
    <nd ref="1893"/>
    <nd ref="1894"/>
    <nd ref="1891"/>
    <tag k="natural" v="wood"/>
    <tag k="landuse" v="farmyard"/>
    <tag k="leaf_type" v="broadleaved"/>
    <tag k="name" v="Shelterbelt 8 (1.7 ha)"/>
  </way>
  <way id="227" version="1" timestamp="2026-09-01T12:00:00Z" changeset="1" uid="1" user="generator">
    <nd ref="1895"/>
    <nd ref="1896"/>
    <nd ref="1897"/>
    <nd ref="1898"/>
    <nd ref="1895"/>
    <tag k="natural" v="wood"/>
    <tag k="landuse" v="farmyard"/>
    <tag k="leaf_type" v="broadleaved"/>
    <tag k="name" v="Shelterbelt 9 (1.7 ha)"/>
  </way>
  <way id="228" version="1" timestamp="2026-09-01T12:00:00Z" changeset="1" uid="1" user="generator">
    <nd ref="1899"/>
    <nd ref="1900"/>
    <nd ref="1901"/>
    <nd ref="1902"/>
    <nd ref="1899"/>
    <tag k="natural" v="wood"/>
    <tag k="landuse" v="farmyard"/>
    <tag k="leaf_type" v="broadleaved"/>
    <tag k="name" v="Shelterbelt 10 (1.8 ha)"/>
  </way>
  <way id="229" version="1" timestamp="2026-09-01T12:00:00Z" changeset="1" uid="1" user="generator">
    <nd ref="1903"/>
    <nd ref="1904"/>
    <nd ref="1905"/>
    <nd ref="1906"/>
    <nd ref="1903"/>
    <tag k="natural" v="wood"/>
    <tag k="landuse" v="farmyard"/>
    <tag k="leaf_type" v="broadleaved"/>
    <tag k="name" v="Shelterbelt 11 (2.2 ha)"/>
  </way>
  <way id="230" version="1" timestamp="2026-09-01T12:00:00Z" changeset="1" uid="1" user="generator">
    <nd ref="1907"/>
    <nd ref="1908"/>
    <nd ref="1909"/>
    <nd ref="1910"/>
    <nd ref="1907"/>
    <tag k="natural" v="wood"/>
    <tag k="landuse" v="farmyard"/>
    <tag k="leaf_type" v="broadleaved"/>
    <tag k="name" v="Shelterbelt 12 (3.7 ha)"/>
  </way>
  <way id="231" version="1" timestamp="2026-09-01T12:00:00Z" changeset="1" uid="1" user="generator">
    <nd ref="1911"/>
    <nd ref="1912"/>
    <nd ref="1913"/>
    <nd ref="1914"/>
    <nd ref="1911"/>
    <tag k="natural" v="wood"/>
    <tag k="landuse" v="farmyard"/>
    <tag k="leaf_type" v="broadleaved"/>
    <tag k="name" v="Shelterbelt 13 (2.0 ha)"/>
  </way>
  <way id="232" version="1" timestamp="2026-09-01T12:00:00Z" changeset="1" uid="1" user="generator">
    <nd ref="1915"/>
    <nd ref="1916"/>
    <nd ref="1917"/>
    <nd ref="1918"/>
    <nd ref="1915"/>
    <tag k="natural" v="wood"/>
    <tag k="landuse" v="farmyard"/>
    <tag k="leaf_type" v="broadleaved"/>
    <tag k="name" v="Shelterbelt 14 (6.5 ha)"/>
  </way>
  <way id="233" version="1" timestamp="2026-09-01T12:00:00Z" changeset="1" uid="1" user="generator">
    <nd ref="1919"/>
    <nd ref="1920"/>
    <nd ref="1921"/>
    <nd ref="1922"/>
    <nd ref="1919"/>
    <tag k="natural" v="wood"/>
    <tag k="landuse" v="farmyard"/>
    <tag k="leaf_type" v="broadleaved"/>
    <tag k="name" v="Shelterbelt 15 (1.5 ha)"/>
  </way>
  <way id="234" version="1" timestamp="2026-09-01T12:00:00Z" changeset="1" uid="1" user="generator">
    <nd ref="1923"/>
    <nd ref="1924"/>
    <nd ref="1925"/>
    <nd ref="1926"/>
    <nd ref="1923"/>
    <tag k="natural" v="wood"/>
    <tag k="landuse" v="farmyard"/>
    <tag k="leaf_type" v="broadleaved"/>
    <tag k="name" v="Shelterbelt 16 (2.2 ha)"/>
  </way>
  <way id="235" version="1" timestamp="2026-09-01T12:00:00Z" changeset="1" uid="1" user="generator">
    <nd ref="1927"/>
    <nd ref="1928"/>
    <nd ref="1929"/>
    <nd ref="1930"/>
    <nd ref="1927"/>
    <tag k="natural" v="wood"/>
    <tag k="landuse" v="farmyard"/>
    <tag k="leaf_type" v="broadleaved"/>
    <tag k="name" v="Shelterbelt 17 (2.1 ha)"/>
  </way>
  <way id="236" version="1" timestamp="2026-09-01T12:00:00Z" changeset="1" uid="1" user="generator">
    <nd ref="1931"/>
    <nd ref="1932"/>
    <nd ref="1933"/>
    <nd ref="1934"/>
    <nd ref="1931"/>
    <tag k="natural" v="wood"/>
    <tag k="landuse" v="farmyard"/>
    <tag k="leaf_type" v="broadleaved"/>
    <tag k="name" v="Shelterbelt 18 (1.3 ha)"/>
  </way>
  <way id="237" version="1" timestamp="2026-09-01T12:00:00Z" changeset="1" uid="1" user="generator">
    <nd ref="1935"/>
    <nd ref="1936"/>
    <nd ref="1937"/>
    <nd ref="1938"/>
    <nd ref="1935"/>
    <tag k="natural" v="wood"/>
    <tag k="landuse" v="farmyard"/>
    <tag k="leaf_type" v="broadleaved"/>
    <tag k="name" v="Shelterbelt 19 (2.8 ha)"/>
  </way>
  <way id="238" version="1" timestamp="2026-09-01T12:00:00Z" changeset="1" uid="1" user="generator">
    <nd ref="1939"/>
    <nd ref="1940"/>
    <nd ref="1941"/>
    <nd ref="1942"/>
    <nd ref="1939"/>
    <tag k="natural" v="wood"/>
    <tag k="landuse" v="farmyard"/>
    <tag k="leaf_type" v="broadleaved"/>
    <tag k="name" v="Shelterbelt 20 (2.0 ha)"/>
  </way>
  <way id="239" version="1" timestamp="2026-09-01T12:00:00Z" changeset="1" uid="1" user="generator">
    <nd ref="1943"/>
    <nd ref="1944"/>
    <nd ref="1945"/>
    <nd ref="1946"/>
    <nd ref="1943"/>
    <tag k="natural" v="wood"/>
    <tag k="landuse" v="farmyard"/>
    <tag k="leaf_type" v="broadleaved"/>
    <tag k="name" v="Shelterbelt 21 (2.2 ha)"/>
  </way>
  <way id="240" version="1" timestamp="2026-09-01T12:00:00Z" changeset="1" uid="1" user="generator">
    <nd ref="1947"/>
    <nd ref="1948"/>
    <nd ref="1949"/>
    <nd ref="1950"/>
    <nd ref="1947"/>
    <tag k="natural" v="wood"/>
    <tag k="landuse" v="farmyard"/>
    <tag k="leaf_type" v="broadleaved"/>
    <tag k="name" v="Shelterbelt 22 (2.4 ha)"/>
  </way>
  <way id="241" version="1" timestamp="2026-09-01T12:00:00Z" changeset="1" uid="1" user="generator">
    <nd ref="1951"/>
    <nd ref="1952"/>
    <nd ref="1953"/>
    <nd ref="1954"/>
    <nd ref="1951"/>
    <tag k="natural" v="wood"/>
    <tag k="landuse" v="farmyard"/>
    <tag k="leaf_type" v="broadleaved"/>
    <tag k="name" v="Shelterbelt 23 (5.1 ha)"/>
  </way>
  <way id="242" version="1" timestamp="2026-09-01T12:00:00Z" changeset="1" uid="1" user="generator">
    <nd ref="1955"/>
    <nd ref="1956"/>
    <nd ref="1957"/>
    <nd ref="1958"/>
    <nd ref="1955"/>
    <tag k="natural" v="wood"/>
    <tag k="landuse" v="farmyard"/>
    <tag k="leaf_type" v="broadleaved"/>
    <tag k="name" v="Shelterbelt 24 (2.7 ha)"/>
  </way>
  <way id="243" version="1" timestamp="2026-09-01T12:00:00Z" changeset="1" uid="1" user="generator">
    <nd ref="1959"/>
    <nd ref="1960"/>
    <nd ref="1961"/>
    <nd ref="1962"/>
    <nd ref="1959"/>
    <tag k="natural" v="wood"/>
    <tag k="landuse" v="farmyard"/>
    <tag k="leaf_type" v="broadleaved"/>
    <tag k="name" v="Shelterbelt 25 (1.5 ha)"/>
  </way>
  <way id="244" version="1" timestamp="2026-09-01T12:00:00Z" changeset="1" uid="1" user="generator">
    <nd ref="1963"/>
    <nd ref="1964"/>
    <nd ref="1965"/>
    <nd ref="1966"/>
    <nd ref="1963"/>
    <tag k="natural" v="wood"/>
    <tag k="landuse" v="farmyard"/>
    <tag k="leaf_type" v="broadleaved"/>
    <tag k="name" v="Shelterbelt 26 (2.3 ha)"/>
  </way>
  <way id="245" version="1" timestamp="2026-09-01T12:00:00Z" changeset="1" uid="1" user="generator">
    <nd ref="1967"/>
    <nd ref="1968"/>
    <nd ref="1969"/>
    <nd ref="1970"/>
    <nd ref="1967"/>
    <tag k="natural" v="wood"/>
    <tag k="landuse" v="farmyard"/>
    <tag k="leaf_type" v="broadleaved"/>
    <tag k="name" v="Shelterbelt 27 (1.5 ha)"/>
  </way>
  <way id="246" version="1" timestamp="2026-09-01T12:00:00Z" changeset="1" uid="1" user="generator">
    <nd ref="1971"/>
    <nd ref="1972"/>
    <nd ref="1973"/>
    <nd ref="1974"/>
    <nd ref="1971"/>
    <tag k="natural" v="wood"/>
    <tag k="landuse" v="farmyard"/>
    <tag k="leaf_type" v="broadleaved"/>
    <tag k="name" v="Shelterbelt 28 (1.5 ha)"/>
  </way>
  <way id="247" version="1" timestamp="2026-09-01T12:00:00Z" changeset="1" uid="1" user="generator">
    <nd ref="1975"/>
    <nd ref="1976"/>
    <nd ref="1977"/>
    <nd ref="1978"/>
    <nd ref="1975"/>
    <tag k="natural" v="wood"/>
    <tag k="landuse" v="farmyard"/>
    <tag k="leaf_type" v="broadleaved"/>
    <tag k="name" v="Shelterbelt 29 (1.4 ha)"/>
  </way>
  <way id="248" version="1" timestamp="2026-09-01T12:00:00Z" changeset="1" uid="1" user="generator">
    <nd ref="1979"/>
    <nd ref="1980"/>
    <nd ref="1981"/>
    <nd ref="1982"/>
    <nd ref="1979"/>
    <tag k="natural" v="wood"/>
    <tag k="landuse" v="farmyard"/>
    <tag k="leaf_type" v="broadleaved"/>
    <tag k="name" v="Shelterbelt 30 (1.8 ha)"/>
  </way>
  <way id="249" version="1" timestamp="2026-09-01T12:00:00Z" changeset="1" uid="1" user="generator">
    <nd ref="1983"/>
    <nd ref="1984"/>
    <nd ref="1985"/>
    <nd ref="1986"/>
    <nd ref="1983"/>
    <tag k="natural" v="wood"/>
    <tag k="landuse" v="farmyard"/>
    <tag k="leaf_type" v="broadleaved"/>
    <tag k="name" v="Shelterbelt 31 (3.7 ha)"/>
  </way>
  <way id="250" version="1" timestamp="2026-09-01T12:00:00Z" changeset="1" uid="1" user="generator">
    <nd ref="1987"/>
    <nd ref="1988"/>
    <nd ref="1989"/>
    <nd ref="1990"/>
    <nd ref="1987"/>
    <tag k="natural" v="wood"/>
    <tag k="landuse" v="farmyard"/>
    <tag k="leaf_type" v="broadleaved"/>
    <tag k="name" v="Shelterbelt 32 (1.5 ha)"/>
  </way>
  <way id="251" version="1" timestamp="2026-09-01T12:00:00Z" changeset="1" uid="1" user="generator">
    <nd ref="1991"/>
    <nd ref="1992"/>
    <nd ref="1993"/>
    <nd ref="1994"/>
    <nd ref="1991"/>
    <tag k="natural" v="wood"/>
    <tag k="landuse" v="farmyard"/>
    <tag k="leaf_type" v="broadleaved"/>
    <tag k="name" v="Shelterbelt 33 (1.2 ha)"/>
  </way>
  <way id="252" version="1" timestamp="2026-09-01T12:00:00Z" changeset="1" uid="1" user="generator">
    <nd ref="1995"/>
    <nd ref="1996"/>
    <nd ref="1997"/>
    <nd ref="1998"/>
    <nd ref="1995"/>
    <tag k="natural" v="wood"/>
    <tag k="landuse" v="farmyard"/>
    <tag k="leaf_type" v="broadleaved"/>
    <tag k="name" v="Shelterbelt 34 (1.9 ha)"/>
  </way>
  <way id="253" version="1" timestamp="2026-09-01T12:00:00Z" changeset="1" uid="1" user="generator">
    <nd ref="1999"/>
    <nd ref="2000"/>
    <nd ref="2001"/>
    <nd ref="2002"/>
    <nd ref="1999"/>
    <tag k="natural" v="wood"/>
    <tag k="landuse" v="farmyard"/>
    <tag k="leaf_type" v="broadleaved"/>
    <tag k="name" v="Shelterbelt 35 (2.5 ha)"/>
  </way>
  <way id="254" version="1" timestamp="2026-09-01T12:00:00Z" changeset="1" uid="1" user="generator">
    <nd ref="2003"/>
    <nd ref="2004"/>
    <nd ref="2005"/>
    <nd ref="2006"/>
    <nd ref="2003"/>
    <tag k="natural" v="wood"/>
    <tag k="landuse" v="farmyard"/>
    <tag k="leaf_type" v="broadleaved"/>
    <tag k="name" v="Shelterbelt 36 (1.3 ha)"/>
  </way>
  <way id="255" version="1" timestamp="2026-09-01T12:00:00Z" changeset="1" uid="1" user="generator">
    <nd ref="2007"/>
    <nd ref="2008"/>
    <nd ref="2009"/>
    <nd ref="2010"/>
    <nd ref="2007"/>
    <tag k="natural" v="wood"/>
    <tag k="landuse" v="farmyard"/>
    <tag k="leaf_type" v="broadleaved"/>
    <tag k="name" v="Shelterbelt 37 (5.0 ha)"/>
  </way>
  <way id="256" version="1" timestamp="2026-09-01T12:00:00Z" changeset="1" uid="1" user="generator">
    <nd ref="2011"/>
    <nd ref="2012"/>
    <nd ref="2013"/>
    <nd ref="2014"/>
    <nd ref="2011"/>
    <tag k="natural" v="wood"/>
    <tag k="landuse" v="farmyard"/>
    <tag k="leaf_type" v="broadleaved"/>
    <tag k="name" v="Shelterbelt 38 (1.2 ha)"/>
  </way>
  <way id="257" version="1" timestamp="2026-09-01T12:00:00Z" changeset="1" uid="1" user="generator">
    <nd ref="2015"/>
    <nd ref="2016"/>
    <nd ref="2017"/>
    <nd ref="2018"/>
    <nd ref="2015"/>
    <tag k="natural" v="wood"/>
    <tag k="landuse" v="farmyard"/>
    <tag k="leaf_type" v="broadleaved"/>
    <tag k="name" v="Shelterbelt 39 (1.0 ha)"/>
  </way>
  <way id="258" version="1" timestamp="2026-09-01T12:00:00Z" changeset="1" uid="1" user="generator">
    <nd ref="2019"/>
    <nd ref="2020"/>
    <nd ref="2021"/>
    <nd ref="2022"/>
    <nd ref="2019"/>
    <tag k="natural" v="wood"/>
    <tag k="landuse" v="farmyard"/>
    <tag k="leaf_type" v="broadleaved"/>
    <tag k="name" v="Shelterbelt 40 (1.8 ha)"/>
  </way>
  <way id="259" version="1" timestamp="2026-09-01T12:00:00Z" changeset="1" uid="1" user="generator">
    <nd ref="2023"/>
    <nd ref="2024"/>
    <nd ref="2025"/>
    <nd ref="2026"/>
    <nd ref="2023"/>
    <tag k="natural" v="wood"/>
    <tag k="landuse" v="farmyard"/>
    <tag k="leaf_type" v="broadleaved"/>
    <tag k="name" v="Shelterbelt 41 (1.4 ha)"/>
  </way>
</osm>
